Departamento,Municipio,Estacion,Ano,Mes,PM10,PM25,Longitud,Latitud
Antioquia,Medellín,Estacion_24,2020,4,39.1,22.25,-73.2156,4.6086
Cundinamarca,Soacha,Estacion_01,2018,4,59.15,27.1,-73.796,7.9287
Norte de Santander,Cúcuta,Estacion_08,2021,10,29.67,17.5,-74.6807,6.9583
Santander,Bucaramanga,Estacion_07,2024,6,64.79,27.57,-74.2401,6.5129
Boyacá,Duitama,Estacion_26,2018,12,27.5,17.34,-74.8424,6.0522
Huila,Neiva,Estacion_19,2019,12,36.95,15.42,-73.6775,9.4115
Antioquia,Medellín,Estacion_28,2018,7,31.27,15.36,-74.2596,5.4665
Santander,Bucaramanga,Estacion_20,2023,3,55.99,29.87,-74.5104,7.2358
Santander,Bucaramanga,Estacion_22,2020,1,35.5,17.0,-74.4645,5.4769
Huila,Neiva,Estacion_07,2023,8,38.8,19.36,-73.1709,7.212
Santander,Bucaramanga,Estacion_08,2023,9,10.87,5.51,-73.8329,6.534
Valle del Cauca,Palmira,Estacion_03,2024,1,51.89,22.74,-74.68,8.7634
Huila,Neiva,Estacion_13,2021,10,53.4,34.32,-73.2784,4.0804
Antioquia,Envigado,Estacion_29,2022,5,34.55,20.46,-74.3196,6.0545
Valle del Cauca,Palmira,Estacion_01,2023,12,46.19,29.01,-73.259,6.0891
Norte de Santander,Cúcuta,Estacion_05,2020,3,52.61,28.14,-73.4427,7.7125
Bogotá D.C.,Bogotá,Estacion_16,2018,2,85.28,40.67,-74.8841,10.1461
Antioquia,Medellín,Estacion_24,2021,2,21.72,14.0,-73.9346,4.8803
Bolívar,Cartagena,Estacion_09,2022,10,25.83,13.81,-73.5401,5.4081
Santander,Floridablanca,Estacion_22,2023,6,39.81,20.28,-73.9648,4.847
Atlántico,Barranquilla,Estacion_11,2018,10,16.15,6.49,-73.5843,4.4121
Antioquia,Medellín,Estacion_28,2020,2,28.36,14.99,-74.443,7.3979
Norte de Santander,Cúcuta,Estacion_24,2022,10,9.1,5.48,-74.6192,4.6785
Cundinamarca,Zipaquirá,Estacion_14,2021,8,39.49,24.32,-74.8917,8.5742
Antioquia,Medellín,Estacion_13,2023,6,37.26,16.69,-73.9274,4.9813
Valle del Cauca,Palmira,Estacion_15,2019,2,44.79,27.56,-73.8993,4.3541
Norte de Santander,Cúcuta,Estacion_03,2024,4,43.68,19.81,-74.1979,4.4104
Cundinamarca,Soacha,Estacion_13,2020,8,49.96,23.55,-73.6068,9.1135
Norte de Santander,Cúcuta,Estacion_05,2019,5,36.05,21.05,-74.8781,6.1952
Bogotá D.C.,Bogotá,Estacion_17,2024,9,52.46,33.58,-74.8398,5.3008
Huila,Neiva,Estacion_22,2024,4,5.59,3.03,-73.8422,4.2782
Antioquia,Bello,Estacion_22,2022,10,55.32,29.36,-73.1306,5.4298
Boyacá,Tunja,Estacion_09,2021,3,29.01,13.9,-73.4963,4.5078
Bolívar,Cartagena,Estacion_03,2022,4,23.83,12.55,-74.7351,6.4431
Antioquia,Medellín,Estacion_12,2020,3,17.62,8.38,-73.0323,9.6497
Norte de Santander,Cúcuta,Estacion_22,2024,9,42.11,20.0,-73.6732,10.5725
Valle del Cauca,Palmira,Estacion_04,2018,12,42.77,24.78,-74.5928,8.4397
Santander,Floridablanca,Estacion_09,2024,1,31.07,13.14,-74.1528,5.9368
Bogotá D.C.,Bogotá,Estacion_25,2019,11,60.46,34.85,-73.8782,4.7831
Valle del Cauca,Cali,Estacion_27,2020,10,52.16,26.47,-74.9163,6.5526
Bogotá D.C.,Bogotá,Estacion_07,2023,4,46.41,28.71,-73.0523,9.2463
Atlántico,Barranquilla,Estacion_26,2024,3,22.85,14.18,-74.9504,9.156
Boyacá,Duitama,Estacion_26,2023,12,39.4,23.52,-74.7838,10.1052
Bolívar,Cartagena,Estacion_07,2024,8,24.03,11.71,-73.3589,10.0993
Atlántico,Barranquilla,Estacion_22,2019,7,20.84,13.37,-74.4418,8.4904
Cundinamarca,Zipaquirá,Estacion_01,2018,5,61.43,27.31,-73.0749,5.8583
Antioquia,Envigado,Estacion_14,2020,12,38.64,24.96,-74.7687,10.2965
Atlántico,Soledad,Estacion_02,2023,7,19.36,7.75,-73.1488,7.7692
Atlántico,Soledad,Estacion_14,2018,11,53.41,30.22,-74.7507,10.3003
Norte de Santander,Cúcuta,Estacion_22,2021,6,24.99,12.51,-74.4087,4.891
Cundinamarca,Zipaquirá,Estacion_22,2023,3,25.51,13.7,-74.9992,6.0084
Cundinamarca,Zipaquirá,Estacion_15,2021,8,26.58,15.12,-73.9777,9.5561
Valle del Cauca,Cali,Estacion_10,2022,11,48.18,28.32,-73.6544,5.5725
Atlántico,Barranquilla,Estacion_01,2018,4,24.95,16.12,-73.7775,9.3794
Bolívar,Cartagena,Estacion_29,2023,10,42.92,22.47,-74.512,8.5924
Bogotá D.C.,Bogotá,Estacion_25,2021,4,69.4,44.38,-73.9641,4.3515
Atlántico,Barranquilla,Estacion_15,2019,8,12.94,7.1,-73.0999,10.24
Huila,Neiva,Estacion_27,2022,8,5.0,3.12,-73.5127,7.3227
Santander,Bucaramanga,Estacion_27,2023,5,36.81,20.49,-74.4508,4.5424
Santander,Bucaramanga,Estacion_09,2020,6,16.88,10.52,-74.8388,5.0558
Cundinamarca,Soacha,Estacion_23,2019,2,23.43,12.1,-74.8755,9.8302
Cundinamarca,Soacha,Estacion_28,2024,10,41.85,20.72,-74.9882,6.4623
Cundinamarca,Zipaquirá,Estacion_18,2023,12,15.45,7.03,-74.5612,7.0509
Bogotá D.C.,Bogotá,Estacion_11,2023,11,51.14,29.71,-73.319,10.4368
Huila,Neiva,Estacion_30,2021,10,31.77,17.81,-74.7286,7.2319
Bogotá D.C.,Bogotá,Estacion_13,2020,4,50.44,24.43,-73.2407,5.9478
Cundinamarca,Zipaquirá,Estacion_27,2018,8,53.54,34.8,-74.3001,8.551
Bogotá D.C.,Bogotá,Estacion_08,2019,1,56.59,26.01,-74.0529,4.8007
Atlántico,Soledad,Estacion_23,2020,6,45.13,26.49,-74.7709,9.7351
Santander,Bucaramanga,Estacion_19,2018,5,52.83,28.74,-73.1839,6.6271
Atlántico,Barranquilla,Estacion_19,2023,11,36.04,17.13,-73.6315,9.6387
Huila,Neiva,Estacion_12,2022,7,58.16,32.88,-74.8621,8.5328
Bogotá D.C.,Bogotá,Estacion_27,2021,2,45.37,23.36,-74.694,5.233
Norte de Santander,Cúcuta,Estacion_20,2024,9,40.77,24.2,-74.0703,9.7801
Huila,Neiva,Estacion_11,2024,4,38.1,23.64,-74.5123,7.253
Huila,Neiva,Estacion_11,2018,8,29.42,18.03,-74.6363,5.4848
Santander,Floridablanca,Estacion_09,2022,12,48.94,25.9,-74.6179,5.6895
Cundinamarca,Zipaquirá,Estacion_18,2024,4,21.93,12.56,-73.7082,7.4357
Bogotá D.C.,Bogotá,Estacion_10,2019,7,49.14,25.47,-73.9382,6.9785
Norte de Santander,Cúcuta,Estacion_12,2023,8,23.02,10.77,-74.4972,4.8446
Atlántico,Soledad,Estacion_04,2023,9,56.88,25.48,-73.5228,5.9355
Huila,Neiva,Estacion_04,2024,4,28.02,13.28,-74.2782,6.1159
Norte de Santander,Cúcuta,Estacion_09,2018,1,13.1,5.65,-73.2631,7.4362
Bogotá D.C.,Bogotá,Estacion_16,2021,8,42.48,27.25,-74.495,10.0321
Antioquia,Medellín,Estacion_13,2021,2,14.78,6.47,-73.3777,10.6439
Antioquia,Medellín,Estacion_04,2022,7,24.37,13.44,-73.4185,5.5798
Norte de Santander,Cúcuta,Estacion_15,2021,5,64.06,30.51,-73.7579,8.2674
Antioquia,Medellín,Estacion_21,2019,5,5.0,3.0,-74.6859,5.2167
Antioquia,Medellín,Estacion_01,2021,8,28.72,11.72,-74.4238,5.979
Bolívar,Cartagena,Estacion_22,2019,5,19.31,11.53,-73.7499,8.6283
Atlántico,Soledad,Estacion_04,2022,4,15.33,9.3,-74.8572,5.1615
Santander,Floridablanca,Estacion_15,2018,8,8.76,5.01,-73.6005,10.5987
Norte de Santander,Cúcuta,Estacion_15,2018,10,50.46,24.25,-74.4993,4.6393
Huila,Neiva,Estacion_25,2023,5,38.95,21.19,-73.4738,5.2263
Norte de Santander,Cúcuta,Estacion_30,2020,3,51.05,30.81,-73.0619,7.2901
Cundinamarca,Zipaquirá,Estacion_11,2023,2,34.69,21.31,-74.3404,8.8557
Santander,Floridablanca,Estacion_27,2024,9,41.27,19.11,-74.7682,9.4078
Norte de Santander,Cúcuta,Estacion_22,2024,9,36.47,18.8,-74.8916,7.6291
Huila,Neiva,Estacion_21,2021,1,40.45,25.56,-74.1238,8.8878
Antioquia,Medellín,Estacion_21,2022,4,53.13,30.68,-74.3785,4.0957
Cundinamarca,Soacha,Estacion_08,2024,2,27.72,16.85,-74.0032,9.0162
Norte de Santander,Cúcuta,Estacion_14,2024,8,36.8,23.74,-74.5125,7.8589
Cundinamarca,Soacha,Estacion_30,2022,9,34.81,14.53,-73.4546,9.9809
Boyacá,Duitama,Estacion_27,2018,5,26.88,15.63,-73.325,8.0595
Bolívar,Cartagena,Estacion_15,2022,8,24.3,13.02,-74.0893,6.2524
Atlántico,Barranquilla,Estacion_19,2021,4,50.71,31.14,-74.1784,6.2272
Bolívar,Cartagena,Estacion_13,2023,11,52.42,21.45,-73.9954,8.1313
Antioquia,Bello,Estacion_04,2022,8,32.89,13.28,-74.7117,10.0965
Valle del Cauca,Cali,Estacion_16,2024,5,42.58,26.1,-73.2953,10.0154
Cundinamarca,Zipaquirá,Estacion_21,2023,8,54.57,33.73,-74.9282,4.4789
Santander,Bucaramanga,Estacion_24,2018,7,60.12,34.63,-74.799,5.1646
Santander,Bucaramanga,Estacion_02,2020,1,31.56,14.94,-74.2503,5.019
Norte de Santander,Cúcuta,Estacion_19,2023,3,37.93,23.43,-73.7606,5.6858
Huila,Neiva,Estacion_08,2021,11,40.33,18.69,-74.4893,4.0658
Bolívar,Cartagena,Estacion_22,2022,3,67.33,43.56,-74.4017,10.7342
Santander,Floridablanca,Estacion_28,2020,4,51.18,33.26,-73.2933,4.7466
Cundinamarca,Zipaquirá,Estacion_19,2020,12,23.38,13.2,-74.451,7.9615
Bogotá D.C.,Bogotá,Estacion_27,2020,4,93.87,45.82,-73.7268,8.3462
Valle del Cauca,Cali,Estacion_29,2023,11,71.14,34.95,-74.7372,10.3674
Boyacá,Duitama,Estacion_06,2019,3,41.48,24.75,-73.2471,6.561
Norte de Santander,Cúcuta,Estacion_27,2019,5,65.91,42.3,-74.4097,10.0928
Antioquia,Bello,Estacion_03,2019,4,16.47,10.13,-73.5516,10.8596
Norte de Santander,Cúcuta,Estacion_03,2024,7,53.53,27.5,-73.6543,8.7064
Huila,Neiva,Estacion_27,2023,6,36.62,15.64,-74.5324,4.1752
Norte de Santander,Cúcuta,Estacion_30,2022,4,22.22,11.47,-73.5978,8.5447
Antioquia,Medellín,Estacion_02,2018,5,17.95,11.65,-74.7678,5.6436
Norte de Santander,Cúcuta,Estacion_13,2021,6,23.15,14.73,-74.1617,9.1959
Valle del Cauca,Palmira,Estacion_21,2018,8,32.53,20.65,-74.4405,8.832
Atlántico,Soledad,Estacion_15,2019,6,53.52,28.69,-73.0443,6.5107
Cundinamarca,Zipaquirá,Estacion_07,2018,8,48.34,20.44,-74.5758,8.4765
Bogotá D.C.,Bogotá,Estacion_26,2020,4,74.39,45.19,-73.8916,8.1047
Atlántico,Soledad,Estacion_25,2019,10,33.15,13.28,-73.2832,5.0128
Valle del Cauca,Palmira,Estacion_26,2019,2,43.41,25.94,-74.5241,6.2664
Valle del Cauca,Palmira,Estacion_02,2019,12,48.41,20.74,-74.8729,7.1379
Boyacá,Tunja,Estacion_15,2022,4,39.21,23.36,-73.266,7.6502
Bolívar,Cartagena,Estacion_02,2021,7,33.5,16.97,-74.7841,8.9868
Bolívar,Cartagena,Estacion_29,2018,6,30.7,14.39,-73.7338,7.8385
Boyacá,Duitama,Estacion_20,2022,5,31.52,16.18,-73.7891,4.6942
Antioquia,Envigado,Estacion_21,2024,9,33.1,16.98,-74.543,6.3725
Bolívar,Cartagena,Estacion_14,2023,2,24.74,11.83,-74.375,5.7842
Valle del Cauca,Palmira,Estacion_03,2018,2,61.71,37.21,-73.8873,8.1053
Norte de Santander,Cúcuta,Estacion_22,2018,7,38.74,18.92,-73.6693,9.252
Bogotá D.C.,Bogotá,Estacion_20,2020,6,61.52,32.02,-73.3055,6.4508
Norte de Santander,Cúcuta,Estacion_04,2024,5,45.82,24.9,-73.3856,9.9161
Huila,Neiva,Estacion_20,2023,12,33.96,19.55,-74.382,6.3788
Bogotá D.C.,Bogotá,Estacion_28,2019,10,64.27,26.83,-73.5181,10.8027
Antioquia,Envigado,Estacion_17,2019,7,23.0,11.33,-73.5568,9.4378
Huila,Neiva,Estacion_29,2018,3,41.61,18.28,-73.7643,8.7178
Santander,Floridablanca,Estacion_22,2021,8,22.87,10.38,-73.9753,6.4162
Antioquia,Bello,Estacion_22,2023,10,25.33,13.21,-73.6657,4.3179
Cundinamarca,Soacha,Estacion_01,2019,5,59.12,34.94,-74.4211,4.8399
Bolívar,Cartagena,Estacion_06,2019,7,26.37,14.06,-74.5398,7.9111
Boyacá,Tunja,Estacion_13,2024,12,37.82,23.84,-73.2758,8.0303
Huila,Neiva,Estacion_23,2023,7,35.77,16.9,-74.1899,10.7634
Valle del Cauca,Palmira,Estacion_27,2023,6,73.26,40.09,-73.9521,6.7704
Santander,Floridablanca,Estacion_08,2020,3,50.22,21.05,-73.7336,7.7142
Atlántico,Soledad,Estacion_12,2023,11,39.38,17.19,-74.6055,8.2168
Antioquia,Medellín,Estacion_25,2023,8,24.89,12.84,-73.8725,8.0563
Huila,Neiva,Estacion_28,2023,6,38.29,19.55,-74.3944,5.9227
Bogotá D.C.,Bogotá,Estacion_17,2018,5,56.51,23.14,-74.2625,6.0095
Antioquia,Envigado,Estacion_20,2022,7,16.45,9.84,-73.2082,7.1481
Huila,Neiva,Estacion_11,2022,8,39.43,20.71,-73.0846,7.1537
Boyacá,Tunja,Estacion_17,2023,3,57.82,37.45,-73.9519,8.2686
Boyacá,Duitama,Estacion_30,2020,7,40.73,20.45,-74.3233,8.1852
Boyacá,Tunja,Estacion_11,2018,9,29.67,17.24,-73.6869,10.3444
Valle del Cauca,Palmira,Estacion_03,2022,11,36.08,17.59,-73.0646,8.8894
Cundinamarca,Soacha,Estacion_20,2023,2,29.67,17.74,-73.3736,8.6908
Norte de Santander,Cúcuta,Estacion_21,2023,7,48.57,25.6,-74.9635,6.1621
Atlántico,Soledad,Estacion_25,2021,4,36.2,15.18,-73.3111,4.708
Norte de Santander,Cúcuta,Estacion_22,2020,10,43.07,18.64,-74.2466,5.1357
Huila,Neiva,Estacion_24,2021,1,15.91,7.31,-74.1116,5.9945
Bolívar,Cartagena,Estacion_18,2019,5,46.97,30.13,-73.4313,10.3278
Atlántico,Soledad,Estacion_22,2022,8,23.15,11.47,-73.9451,10.7639
Atlántico,Barranquilla,Estacion_28,2020,1,37.91,21.24,-73.2518,7.8818
Antioquia,Envigado,Estacion_28,2022,2,29.44,13.78,-73.1894,5.0314
Cundinamarca,Soacha,Estacion_30,2019,8,59.84,37.17,-73.1391,6.9043
Cundinamarca,Zipaquirá,Estacion_08,2021,2,32.46,20.54,-73.3216,8.5497
Valle del Cauca,Cali,Estacion_02,2020,8,57.98,25.2,-73.5889,7.1402
Bogotá D.C.,Bogotá,Estacion_01,2020,4,65.54,34.86,-74.7776,6.0167
Santander,Bucaramanga,Estacion_02,2019,7,18.71,10.47,-73.7544,4.4397
Bolívar,Cartagena,Estacion_21,2022,10,35.42,17.97,-73.7704,5.6839
Cundinamarca,Soacha,Estacion_22,2023,2,43.34,23.01,-74.2788,10.6738
Norte de Santander,Cúcuta,Estacion_13,2024,8,49.29,24.32,-73.5054,6.4997
Antioquia,Bello,Estacion_08,2023,11,39.01,21.73,-73.457,9.1463
Boyacá,Tunja,Estacion_02,2020,9,23.63,14.36,-73.6306,10.8657
Bolívar,Cartagena,Estacion_26,2019,2,53.28,30.85,-73.1128,4.2589
Atlántico,Barranquilla,Estacion_26,2019,1,29.82,14.9,-73.3692,7.3138
Bogotá D.C.,Bogotá,Estacion_10,2020,1,69.83,33.73,-74.751,6.5761
Cundinamarca,Zipaquirá,Estacion_29,2021,6,52.33,27.44,-73.1514,7.6349
Antioquia,Envigado,Estacion_14,2018,7,32.11,17.68,-73.3553,7.8183
Boyacá,Tunja,Estacion_03,2020,11,30.39,17.61,-74.6667,7.1074
Bolívar,Cartagena,Estacion_24,2024,6,50.63,28.03,-74.1301,8.4763
Bogotá D.C.,Bogotá,Estacion_22,2023,7,37.58,23.98,-74.7144,8.253
Bolívar,Cartagena,Estacion_05,2018,4,55.41,32.95,-74.2673,6.68
Huila,Neiva,Estacion_20,2019,11,21.27,10.87,-74.8462,4.9639
Boyacá,Duitama,Estacion_11,2023,5,39.47,18.25,-74.7731,9.1497
Bolívar,Cartagena,Estacion_30,2022,2,34.14,17.46,-73.0073,5.999
Bolívar,Cartagena,Estacion_04,2019,2,46.62,23.92,-73.2026,7.1158
Antioquia,Envigado,Estacion_28,2020,11,31.84,17.05,-73.2173,9.9595
Valle del Cauca,Palmira,Estacion_17,2019,2,64.28,38.44,-74.5265,7.4582
Boyacá,Duitama,Estacion_15,2024,9,56.36,23.47,-74.2037,9.0185
Bolívar,Cartagena,Estacion_25,2021,10,57.68,24.14,-73.0552,8.4964
Bolívar,Cartagena,Estacion_22,2022,6,54.51,29.32,-73.8244,9.3745
Valle del Cauca,Palmira,Estacion_17,2024,1,77.82,41.21,-74.3918,5.1338
Atlántico,Soledad,Estacion_17,2020,2,34.92,18.78,-74.7497,6.1198
Norte de Santander,Cúcuta,Estacion_17,2023,3,56.3,30.85,-73.8387,5.1984
Huila,Neiva,Estacion_27,2022,1,36.64,15.07,-73.7171,8.0374
Atlántico,Soledad,Estacion_20,2023,1,31.8,16.68,-73.7457,6.0277
Santander,Floridablanca,Estacion_08,2024,11,21.3,12.19,-74.6838,6.9094
Bolívar,Cartagena,Estacion_11,2022,3,44.18,21.12,-73.5633,9.1394
Boyacá,Duitama,Estacion_05,2024,6,27.92,12.86,-74.755,7.1472
Valle del Cauca,Cali,Estacion_02,2020,7,57.29,28.9,-73.0746,10.3162
Boyacá,Duitama,Estacion_07,2024,3,16.96,8.9,-74.3829,4.1622
Cundinamarca,Zipaquirá,Estacion_08,2019,10,35.2,17.19,-74.8989,7.4643
Bolívar,Cartagena,Estacion_18,2018,2,6.84,3.98,-73.4723,6.5616
Cundinamarca,Soacha,Estacion_19,2022,4,48.05,23.57,-74.4228,6.7044
Bolívar,Cartagena,Estacion_27,2022,11,28.97,12.29,-74.2536,10.9075
Norte de Santander,Cúcuta,Estacion_25,2019,4,29.94,16.49,-74.1972,4.2818
Bogotá D.C.,Bogotá,Estacion_23,2020,8,49.94,21.72,-73.1373,6.2297
Cundinamarca,Zipaquirá,Estacion_19,2020,9,33.97,20.62,-73.9353,8.9612
Santander,Floridablanca,Estacion_27,2018,6,31.47,15.87,-74.3846,10.2914
Bogotá D.C.,Bogotá,Estacion_09,2023,10,59.97,34.8,-73.833,5.1936
Huila,Neiva,Estacion_05,2024,11,35.96,20.68,-74.6184,7.0873
Cundinamarca,Soacha,Estacion_14,2023,4,54.53,27.41,-73.4501,10.4436
Bogotá D.C.,Bogotá,Estacion_17,2019,9,42.84,20.5,-74.6536,10.3849
Boyacá,Duitama,Estacion_22,2024,12,54.69,31.18,-73.3927,5.8505
Bolívar,Cartagena,Estacion_08,2020,9,24.28,15.67,-73.4577,8.9343
Bolívar,Cartagena,Estacion_16,2020,9,69.09,43.76,-73.4092,5.9142
Antioquia,Envigado,Estacion_22,2022,7,46.92,22.82,-73.4539,5.0253
Bogotá D.C.,Bogotá,Estacion_23,2018,6,49.71,28.04,-73.5053,5.4979
Norte de Santander,Cúcuta,Estacion_30,2022,12,34.02,19.91,-74.5214,4.3554
Norte de Santander,Cúcuta,Estacion_21,2019,1,42.15,17.92,-74.3394,7.3068
Valle del Cauca,Cali,Estacion_18,2019,7,34.41,19.36,-73.4882,6.0107
Santander,Bucaramanga,Estacion_30,2024,2,9.65,5.43,-74.5356,9.1708
Bogotá D.C.,Bogotá,Estacion_14,2024,3,61.28,36.58,-74.6274,9.243
Santander,Bucaramanga,Estacion_01,2020,10,33.35,18.37,-73.1431,6.3453
Bolívar,Cartagena,Estacion_29,2019,9,25.38,10.87,-74.675,7.2124
Santander,Bucaramanga,Estacion_01,2023,6,36.96,22.09,-73.8644,9.301
Valle del Cauca,Palmira,Estacion_27,2021,9,39.29,25.36,-74.0451,10.5508
Bogotá D.C.,Bogotá,Estacion_13,2019,8,69.7,44.5,-74.3961,9.0602
Bogotá D.C.,Bogotá,Estacion_21,2020,12,53.9,23.71,-73.6279,10.4617
Santander,Bucaramanga,Estacion_21,2020,6,57.19,31.66,-74.5617,4.935
Valle del Cauca,Palmira,Estacion_24,2022,6,35.71,19.08,-73.6718,5.5289
Atlántico,Barranquilla,Estacion_17,2021,9,44.55,25.66,-74.8438,7.9492
Bogotá D.C.,Bogotá,Estacion_19,2022,3,66.69,38.02,-73.5662,7.4218
Norte de Santander,Cúcuta,Estacion_26,2018,8,60.31,26.11,-74.1692,7.9474
Norte de Santander,Cúcuta,Estacion_22,2024,5,32.48,19.62,-73.5084,8.0482
Bogotá D.C.,Bogotá,Estacion_12,2023,2,38.27,15.88,-73.2116,10.903
Bolívar,Cartagena,Estacion_10,2021,3,38.04,24.52,-73.7082,6.9425
Cundinamarca,Zipaquirá,Estacion_28,2021,7,9.62,4.04,-73.0717,10.1219
Valle del Cauca,Palmira,Estacion_04,2019,9,53.55,32.6,-73.4876,10.8494
Bolívar,Cartagena,Estacion_18,2021,4,39.87,18.42,-74.3077,5.9295
Antioquia,Medellín,Estacion_26,2023,7,8.59,5.35,-74.5187,4.471
Huila,Neiva,Estacion_15,2022,11,11.74,6.76,-74.9026,9.1838
Cundinamarca,Zipaquirá,Estacion_08,2022,4,35.71,15.54,-73.013,5.6391
Huila,Neiva,Estacion_19,2022,11,9.06,5.48,-74.5262,10.1338
Norte de Santander,Cúcuta,Estacion_14,2020,5,68.89,42.71,-73.1768,8.382
Cundinamarca,Zipaquirá,Estacion_02,2020,11,48.65,27.63,-73.4284,6.2311
Cundinamarca,Zipaquirá,Estacion_05,2020,7,42.52,19.57,-74.5493,10.0028
Valle del Cauca,Palmira,Estacion_30,2018,9,68.24,34.4,-73.94,6.7189
Santander,Bucaramanga,Estacion_11,2023,2,60.67,25.67,-73.5508,5.3334
Santander,Floridablanca,Estacion_22,2022,10,21.35,8.75,-74.8544,9.6326
Huila,Neiva,Estacion_16,2019,6,24.23,10.98,-74.62,9.1903
Bolívar,Cartagena,Estacion_23,2022,12,66.02,29.78,-73.1697,7.8646
Santander,Floridablanca,Estacion_15,2022,11,27.6,14.58,-74.0054,4.6903
Bolívar,Cartagena,Estacion_30,2019,6,44.03,21.06,-74.9086,10.0486
Valle del Cauca,Cali,Estacion_09,2022,10,33.58,16.2,-74.2403,9.8335
Bolívar,Cartagena,Estacion_09,2024,8,27.56,17.68,-73.7166,7.4342
Valle del Cauca,Palmira,Estacion_06,2019,12,49.18,31.85,-73.0855,7.6676
Antioquia,Envigado,Estacion_02,2024,1,32.24,16.22,-73.3149,5.62
Valle del Cauca,Cali,Estacion_07,2022,8,40.46,22.42,-74.0336,7.415
Bogotá D.C.,Bogotá,Estacion_01,2018,9,70.71,37.75,-74.4266,7.5155
Cundinamarca,Soacha,Estacion_04,2018,9,40.81,21.7,-73.3696,5.8713
Cundinamarca,Soacha,Estacion_12,2021,8,42.88,23.21,-73.0195,5.581
Antioquia,Envigado,Estacion_28,2023,1,47.19,25.4,-74.8878,4.0662
Valle del Cauca,Cali,Estacion_16,2024,7,62.79,30.32,-73.0453,10.8169
Norte de Santander,Cúcuta,Estacion_08,2019,12,47.96,19.74,-74.8513,10.4791
Norte de Santander,Cúcuta,Estacion_06,2024,6,23.94,9.67,-74.5857,5.0093
Cundinamarca,Soacha,Estacion_10,2019,10,36.7,18.25,-73.2069,6.3221
Valle del Cauca,Cali,Estacion_17,2023,6,74.21,37.79,-73.3227,6.3841
Huila,Neiva,Estacion_25,2020,1,17.54,8.99,-74.5437,7.8713
Cundinamarca,Zipaquirá,Estacion_06,2023,10,15.41,8.71,-74.8286,8.3303
Atlántico,Barranquilla,Estacion_03,2020,3,15.86,6.96,-74.2208,6.5249
Antioquia,Medellín,Estacion_10,2021,6,52.97,31.27,-74.7955,4.6111
Cundinamarca,Zipaquirá,Estacion_18,2022,9,32.1,15.68,-74.8139,8.1863
Boyacá,Duitama,Estacion_01,2020,7,36.89,18.33,-74.8306,10.308
Atlántico,Barranquilla,Estacion_22,2021,3,43.16,22.58,-74.8735,7.0427
Cundinamarca,Zipaquirá,Estacion_16,2024,2,44.72,21.93,-73.1116,9.0463
Bolívar,Cartagena,Estacion_15,2018,3,22.69,10.96,-73.7596,9.6285
Boyacá,Duitama,Estacion_11,2021,11,69.44,44.69,-74.7278,6.2447
Atlántico,Soledad,Estacion_11,2019,7,47.21,27.09,-74.018,8.0312
Atlántico,Soledad,Estacion_13,2020,7,32.57,16.0,-73.1359,5.3986
Norte de Santander,Cúcuta,Estacion_22,2024,9,58.83,37.4,-74.5807,9.5838
Antioquia,Bello,Estacion_22,2021,3,39.07,21.81,-74.516,8.6106
Cundinamarca,Zipaquirá,Estacion_03,2021,10,19.95,10.51,-73.1592,8.842
Norte de Santander,Cúcuta,Estacion_26,2020,12,36.98,23.07,-73.9262,8.4673
Antioquia,Medellín,Estacion_25,2019,11,30.38,16.81,-73.8736,8.5152
Cundinamarca,Zipaquirá,Estacion_26,2021,2,27.22,10.96,-74.4825,7.5747
Norte de Santander,Cúcuta,Estacion_15,2020,7,12.98,7.43,-74.6985,10.9839
Bolívar,Cartagena,Estacion_10,2021,2,40.2,17.25,-73.1186,4.9917
Santander,Floridablanca,Estacion_15,2024,4,21.24,9.01,-73.556,7.1671
Antioquia,Bello,Estacion_02,2024,12,33.16,14.22,-73.3016,8.5358
Valle del Cauca,Cali,Estacion_17,2019,9,69.66,31.9,-74.1899,5.2912
Cundinamarca,Zipaquirá,Estacion_01,2023,10,51.23,31.8,-74.1008,7.0069
Bogotá D.C.,Bogotá,Estacion_07,2020,12,48.47,29.95,-74.6261,6.2819
Bolívar,Cartagena,Estacion_09,2023,8,29.97,15.94,-73.7218,8.1788
Huila,Neiva,Estacion_19,2018,6,25.08,11.11,-73.6528,9.6043
Huila,Neiva,Estacion_22,2019,6,48.31,20.75,-74.3892,5.2813
Valle del Cauca,Palmira,Estacion_14,2022,3,38.27,20.45,-73.1617,10.5149
Valle del Cauca,Cali,Estacion_16,2020,3,40.68,24.83,-73.7612,10.0587
Bogotá D.C.,Bogotá,Estacion_05,2019,7,69.77,39.85,-74.1687,9.8792
Bolívar,Cartagena,Estacion_03,2022,1,30.99,18.56,-74.5589,4.2289
Atlántico,Soledad,Estacion_06,2024,8,11.35,5.95,-73.9784,8.009
Santander,Floridablanca,Estacion_18,2024,1,24.65,14.54,-74.1173,5.5298
Cundinamarca,Soacha,Estacion_24,2024,11,35.11,22.82,-74.1005,6.44
Antioquia,Bello,Estacion_28,2018,4,22.39,10.13,-73.5248,8.8239
Huila,Neiva,Estacion_06,2022,3,40.97,24.64,-73.8599,7.726
Huila,Neiva,Estacion_11,2023,5,8.17,3.86,-74.4653,10.0061
Antioquia,Medellín,Estacion_25,2024,7,75.94,46.84,-74.7462,10.0626
Atlántico,Barranquilla,Estacion_23,2020,4,12.08,7.13,-73.6475,7.4262
Huila,Neiva,Estacion_21,2021,7,14.7,9.11,-74.8138,7.6093
Santander,Floridablanca,Estacion_15,2021,6,41.32,22.54,-73.2622,9.9302
Antioquia,Envigado,Estacion_15,2023,11,25.5,15.27,-74.2046,10.7769
Atlántico,Soledad,Estacion_09,2020,5,7.36,3.57,-73.8441,7.963
Bolívar,Cartagena,Estacion_29,2023,1,55.17,33.61,-74.9674,10.506
Valle del Cauca,Palmira,Estacion_15,2018,7,54.03,30.91,-74.7362,8.55
Valle del Cauca,Palmira,Estacion_03,2023,6,58.52,25.83,-74.2073,6.1386
Atlántico,Soledad,Estacion_21,2018,12,49.46,20.96,-74.5732,4.5456
Huila,Neiva,Estacion_17,2023,8,58.1,35.11,-73.0237,6.9562
Valle del Cauca,Palmira,Estacion_03,2019,7,47.69,28.69,-74.7936,6.5729
Santander,Bucaramanga,Estacion_13,2024,3,20.8,8.68,-73.8734,8.2722
Valle del Cauca,Palmira,Estacion_12,2023,4,36.9,16.16,-74.1766,8.806
Atlántico,Barranquilla,Estacion_29,2018,3,35.31,17.51,-73.0735,6.2015
Valle del Cauca,Cali,Estacion_09,2023,2,28.71,15.8,-73.5576,5.9944
Bogotá D.C.,Bogotá,Estacion_07,2022,10,24.58,10.17,-73.2042,10.6827
Bolívar,Cartagena,Estacion_04,2019,8,33.51,18.75,-74.858,10.2211
Bogotá D.C.,Bogotá,Estacion_30,2020,3,29.59,15.88,-74.6545,7.2971
Antioquia,Medellín,Estacion_19,2018,1,53.71,25.0,-74.9203,4.4233
Cundinamarca,Zipaquirá,Estacion_21,2023,9,36.69,18.37,-73.7189,7.7636
Valle del Cauca,Palmira,Estacion_03,2020,2,37.02,16.69,-73.3839,7.7547
Cundinamarca,Soacha,Estacion_10,2023,7,31.35,12.99,-74.8276,7.0414
Bolívar,Cartagena,Estacion_10,2023,12,6.19,3.49,-74.6487,4.0887
Valle del Cauca,Cali,Estacion_06,2021,6,29.86,13.19,-74.7461,9.4679
Santander,Bucaramanga,Estacion_25,2018,6,31.22,18.79,-74.456,4.4471
Huila,Neiva,Estacion_16,2021,9,23.74,12.86,-74.2646,5.7858
Antioquia,Envigado,Estacion_22,2023,2,48.59,22.21,-73.9824,4.3083
Bogotá D.C.,Bogotá,Estacion_02,2021,6,52.62,32.33,-73.8943,10.3976
Cundinamarca,Soacha,Estacion_11,2019,7,40.74,25.62,-74.3601,9.782
Huila,Neiva,Estacion_04,2022,11,42.7,25.67,-73.0372,10.6786
Antioquia,Bello,Estacion_28,2020,5,29.55,14.24,-73.8938,4.0558
Atlántico,Soledad,Estacion_19,2024,5,34.27,16.86,-73.0563,10.9845
Atlántico,Barranquilla,Estacion_05,2018,7,23.84,9.68,-73.9169,8.4516
Bogotá D.C.,Bogotá,Estacion_01,2024,11,32.11,14.49,-73.0338,6.9387
Bogotá D.C.,Bogotá,Estacion_23,2020,2,62.88,28.79,-73.309,6.8914
Boyacá,Duitama,Estacion_24,2018,10,41.63,25.19,-74.8503,7.9747
Cundinamarca,Soacha,Estacion_08,2020,5,39.54,24.23,-73.1479,6.7507
Boyacá,Duitama,Estacion_15,2020,4,44.01,26.19,-73.8306,5.0879
Valle del Cauca,Palmira,Estacion_15,2020,7,51.38,25.15,-73.4593,7.1634
Bolívar,Cartagena,Estacion_28,2018,2,47.52,28.83,-73.6062,4.2823
Boyacá,Tunja,Estacion_03,2023,4,54.09,34.73,-74.2075,4.3427
Santander,Floridablanca,Estacion_27,2019,1,63.13,34.03,-73.8998,4.6631
Antioquia,Medellín,Estacion_04,2018,1,26.27,15.96,-73.0349,4.915
Cundinamarca,Zipaquirá,Estacion_22,2023,11,52.21,32.86,-74.85,10.9801
Atlántico,Soledad,Estacion_26,2019,2,45.04,28.21,-73.3413,6.3208
Bogotá D.C.,Bogotá,Estacion_02,2019,10,30.45,15.09,-74.1467,6.4776
Valle del Cauca,Palmira,Estacion_09,2021,3,55.34,30.7,-74.5084,6.0657
Cundinamarca,Zipaquirá,Estacion_02,2018,5,23.4,13.12,-73.4056,5.744
Norte de Santander,Cúcuta,Estacion_13,2024,12,45.49,22.28,-73.911,7.3928
Huila,Neiva,Estacion_13,2020,3,54.96,22.39,-73.3786,5.9665
Bolívar,Cartagena,Estacion_25,2022,4,38.3,24.65,-74.7997,8.5981
Santander,Bucaramanga,Estacion_25,2019,10,50.27,24.57,-73.3216,9.9165
Valle del Cauca,Cali,Estacion_19,2020,12,33.44,21.02,-74.9436,8.9039
Huila,Neiva,Estacion_19,2019,8,26.0,10.65,-74.8877,8.2116
Bogotá D.C.,Bogotá,Estacion_01,2020,10,45.58,19.72,-73.5661,10.4315
Boyacá,Tunja,Estacion_01,2019,10,32.67,13.97,-73.9474,6.5542
Antioquia,Bello,Estacion_23,2023,7,27.04,14.78,-74.3269,6.2582
Valle del Cauca,Palmira,Estacion_26,2023,8,54.04,30.99,-73.1423,9.5089
Atlántico,Barranquilla,Estacion_13,2020,12,27.52,15.74,-74.7453,9.1018
Huila,Neiva,Estacion_28,2024,10,54.95,34.63,-73.0649,5.5463
Huila,Neiva,Estacion_30,2021,3,39.12,18.89,-74.8444,6.4277
Boyacá,Tunja,Estacion_21,2018,12,23.32,11.29,-74.9772,5.4678
Antioquia,Bello,Estacion_09,2024,2,13.75,7.98,-74.9037,7.0675
Cundinamarca,Soacha,Estacion_29,2021,8,45.28,22.36,-73.3424,9.5211
Huila,Neiva,Estacion_06,2021,2,25.56,15.33,-74.9332,4.1405
Santander,Bucaramanga,Estacion_03,2020,3,41.77,17.49,-73.1163,10.8463
Boyacá,Duitama,Estacion_23,2018,7,29.25,18.59,-74.67,10.2283
Valle del Cauca,Cali,Estacion_04,2020,4,68.5,43.25,-73.9197,8.6242
Santander,Bucaramanga,Estacion_04,2018,7,32.53,17.66,-73.3203,5.0751
Boyacá,Tunja,Estacion_14,2018,5,44.41,23.1,-74.806,5.4487
Santander,Bucaramanga,Estacion_16,2024,2,16.21,7.73,-74.2051,7.4237
Santander,Bucaramanga,Estacion_21,2022,7,47.42,23.35,-74.1084,5.8431
Bolívar,Cartagena,Estacion_08,2024,5,63.65,34.44,-74.6977,8.8753
Antioquia,Medellín,Estacion_22,2020,9,13.38,6.11,-74.878,6.7097
Norte de Santander,Cúcuta,Estacion_18,2023,8,47.97,26.06,-74.5287,6.092
Cundinamarca,Soacha,Estacion_17,2022,9,42.03,23.33,-74.7594,9.3003
Valle del Cauca,Cali,Estacion_07,2024,4,25.45,12.87,-73.0234,7.0478
Valle del Cauca,Palmira,Estacion_11,2023,2,69.62,42.76,-73.9606,10.4201
Bogotá D.C.,Bogotá,Estacion_04,2021,3,57.17,31.27,-73.4832,10.5775
Antioquia,Envigado,Estacion_25,2018,5,55.79,34.56,-74.4717,8.5835
Huila,Neiva,Estacion_02,2019,5,12.14,6.08,-73.7635,8.7657
Cundinamarca,Soacha,Estacion_13,2020,12,36.94,23.28,-73.2059,4.1416
Santander,Floridablanca,Estacion_09,2024,8,59.75,36.72,-73.6303,10.8075
Atlántico,Barranquilla,Estacion_10,2023,8,36.98,21.53,-73.79,4.625
Bolívar,Cartagena,Estacion_30,2024,7,21.95,12.85,-73.481,10.0703
Bogotá D.C.,Bogotá,Estacion_03,2020,12,49.68,30.79,-74.9421,5.3493
Atlántico,Barranquilla,Estacion_08,2018,8,34.65,14.3,-74.2792,5.3938
Boyacá,Duitama,Estacion_17,2021,11,55.08,25.36,-74.0224,7.1227
Bolívar,Cartagena,Estacion_12,2019,5,24.46,14.36,-73.6223,5.9955
Cundinamarca,Soacha,Estacion_06,2024,10,36.94,16.82,-74.5498,5.4471
Cundinamarca,Soacha,Estacion_28,2024,11,24.76,9.96,-73.177,8.5316
Huila,Neiva,Estacion_08,2020,10,39.34,25.25,-73.7145,6.9666
Cundinamarca,Zipaquirá,Estacion_15,2020,4,22.95,11.86,-73.6456,9.7702
Cundinamarca,Soacha,Estacion_01,2022,11,63.05,34.07,-73.8125,5.9787
Antioquia,Bello,Estacion_03,2020,5,29.0,16.24,-73.277,5.828
Santander,Bucaramanga,Estacion_05,2022,4,56.93,34.19,-73.7999,8.6237
Valle del Cauca,Cali,Estacion_21,2021,5,32.9,16.6,-74.2235,4.2472
Huila,Neiva,Estacion_11,2023,12,38.21,22.78,-73.1869,8.7031
Norte de Santander,Cúcuta,Estacion_28,2019,11,53.27,32.98,-74.6377,4.6832
Valle del Cauca,Palmira,Estacion_24,2024,9,55.97,27.08,-74.8214,6.487
Santander,Floridablanca,Estacion_26,2020,6,25.49,11.86,-74.4119,9.9585
Bolívar,Cartagena,Estacion_28,2023,10,16.72,8.66,-74.6109,4.8387
Cundinamarca,Zipaquirá,Estacion_14,2018,3,24.9,10.82,-74.5994,6.8643
Huila,Neiva,Estacion_05,2020,12,37.61,18.17,-73.0267,6.1939
Bogotá D.C.,Bogotá,Estacion_15,2020,4,62.0,27.41,-73.471,7.427
Antioquia,Medellín,Estacion_20,2021,11,20.66,10.73,-74.9907,7.7365
Boyacá,Tunja,Estacion_29,2020,9,41.81,18.72,-73.6465,8.3868
Atlántico,Barranquilla,Estacion_23,2020,5,45.17,24.72,-74.666,9.7669
Santander,Floridablanca,Estacion_15,2023,9,45.69,25.09,-74.3243,10.2158
Valle del Cauca,Palmira,Estacion_29,2021,6,58.61,35.34,-74.9618,5.5702
Valle del Cauca,Cali,Estacion_24,2018,10,43.56,18.77,-73.5778,9.5449
Cundinamarca,Zipaquirá,Estacion_25,2022,10,81.3,45.97,-73.6929,4.1382
Antioquia,Bello,Estacion_15,2021,2,49.59,26.62,-74.0512,5.0719
Bogotá D.C.,Bogotá,Estacion_14,2023,2,47.87,20.79,-73.3387,4.7344
Huila,Neiva,Estacion_10,2018,2,24.85,13.03,-73.782,9.4457
Norte de Santander,Cúcuta,Estacion_12,2023,7,33.8,17.71,-74.5846,10.5319
Boyacá,Tunja,Estacion_01,2018,11,39.08,16.5,-74.7791,8.0191
Bolívar,Cartagena,Estacion_03,2024,9,56.43,35.34,-73.7113,7.1973
Santander,Floridablanca,Estacion_15,2018,2,45.93,27.71,-73.2517,9.9657
Boyacá,Duitama,Estacion_14,2023,2,55.9,23.0,-73.296,8.6435
Valle del Cauca,Palmira,Estacion_12,2021,10,63.23,36.88,-74.2548,6.3991
Antioquia,Bello,Estacion_13,2021,5,46.77,24.3,-74.1565,10.2029
Valle del Cauca,Cali,Estacion_05,2023,12,26.17,16.63,-74.6812,6.9122
Huila,Neiva,Estacion_26,2022,11,15.92,9.47,-73.7773,10.038
Valle del Cauca,Palmira,Estacion_30,2021,2,66.13,33.74,-74.8733,8.5848
Bogotá D.C.,Bogotá,Estacion_22,2024,6,31.54,16.03,-73.5467,7.3735
Cundinamarca,Soacha,Estacion_27,2024,9,32.26,20.1,-73.7742,4.0815
Valle del Cauca,Palmira,Estacion_28,2021,3,64.17,41.23,-74.8993,5.5589
Cundinamarca,Zipaquirá,Estacion_27,2019,2,42.91,22.09,-73.3975,7.1367
Bolívar,Cartagena,Estacion_11,2018,8,34.92,17.49,-74.9283,7.8437
Antioquia,Envigado,Estacion_20,2023,5,32.16,20.02,-73.8753,8.5822
Bolívar,Cartagena,Estacion_12,2024,1,46.75,22.58,-73.4652,8.1997
Boyacá,Duitama,Estacion_04,2018,11,8.56,3.9,-74.3173,9.8092
Santander,Floridablanca,Estacion_23,2018,1,48.93,29.63,-73.515,6.8645
Santander,Bucaramanga,Estacion_07,2018,7,24.46,11.1,-73.3509,5.3341
Boyacá,Tunja,Estacion_25,2021,1,60.61,33.17,-73.4557,7.1535
Huila,Neiva,Estacion_16,2018,9,22.28,13.01,-73.8935,7.0297
Huila,Neiva,Estacion_30,2022,3,31.69,19.13,-74.7929,8.6027
Huila,Neiva,Estacion_17,2021,7,26.35,16.99,-73.1682,9.3366
Santander,Floridablanca,Estacion_11,2020,8,37.76,20.79,-73.2271,7.5861
Norte de Santander,Cúcuta,Estacion_23,2023,9,27.3,15.24,-74.5982,8.3692
Santander,Floridablanca,Estacion_30,2023,3,56.59,36.19,-73.9922,8.8602
Boyacá,Tunja,Estacion_25,2020,9,32.46,16.88,-73.8587,8.6701
Cundinamarca,Zipaquirá,Estacion_29,2024,7,41.54,16.88,-74.7093,8.6918
Atlántico,Soledad,Estacion_25,2024,3,17.97,11.61,-73.6332,5.025
Bogotá D.C.,Bogotá,Estacion_07,2024,9,73.49,45.34,-73.521,10.0539
Norte de Santander,Cúcuta,Estacion_08,2022,12,40.55,19.14,-73.671,10.4854
Cundinamarca,Zipaquirá,Estacion_26,2023,6,39.87,23.36,-74.5938,10.0819
Bolívar,Cartagena,Estacion_30,2023,12,33.94,19.6,-74.2645,8.1187
Huila,Neiva,Estacion_25,2023,4,32.43,18.51,-74.626,5.2166
Norte de Santander,Cúcuta,Estacion_13,2018,7,44.02,20.68,-74.4715,5.1265
Santander,Bucaramanga,Estacion_11,2021,12,38.96,24.63,-73.8062,9.4156
Huila,Neiva,Estacion_16,2024,10,33.36,17.93,-74.8542,8.9538
Norte de Santander,Cúcuta,Estacion_06,2022,2,37.0,19.82,-74.1932,6.4458
Atlántico,Soledad,Estacion_11,2020,5,26.39,12.0,-73.4947,7.7135
Norte de Santander,Cúcuta,Estacion_04,2023,6,5.0,3.0,-73.7577,10.7123
Boyacá,Duitama,Estacion_30,2024,2,45.88,22.78,-73.9195,5.9798
Norte de Santander,Cúcuta,Estacion_17,2024,9,30.77,19.22,-74.615,7.5973
Antioquia,Medellín,Estacion_25,2022,9,36.51,14.67,-74.8691,8.6923
Atlántico,Soledad,Estacion_27,2018,4,12.29,7.92,-73.4496,8.5259
Antioquia,Envigado,Estacion_22,2019,1,29.51,15.19,-74.3366,4.6126
Bogotá D.C.,Bogotá,Estacion_26,2020,9,83.83,42.07,-74.0977,6.8311
Boyacá,Tunja,Estacion_13,2023,2,46.93,25.05,-73.7172,8.3284
Huila,Neiva,Estacion_23,2024,2,23.89,11.29,-73.6282,8.246
Santander,Floridablanca,Estacion_13,2021,11,48.83,19.91,-74.6874,5.5391
Cundinamarca,Zipaquirá,Estacion_21,2019,5,20.34,12.18,-73.5414,6.6119
Bogotá D.C.,Bogotá,Estacion_04,2018,1,23.76,11.84,-73.9049,4.5959
Atlántico,Soledad,Estacion_07,2021,11,39.95,17.82,-73.7662,5.7692
Antioquia,Medellín,Estacion_22,2024,10,28.32,17.36,-73.2972,10.5266
Norte de Santander,Cúcuta,Estacion_21,2022,2,33.58,14.26,-73.5488,7.4103
Boyacá,Duitama,Estacion_05,2023,11,40.42,18.54,-74.4297,4.4887
Atlántico,Soledad,Estacion_16,2021,6,25.46,13.9,-73.8689,6.5515
Boyacá,Duitama,Estacion_06,2018,6,26.45,12.21,-74.5569,9.1787
Cundinamarca,Zipaquirá,Estacion_27,2020,3,29.24,15.2,-74.1093,9.4234
Bolívar,Cartagena,Estacion_06,2023,10,22.83,9.6,-74.4388,9.7851
Norte de Santander,Cúcuta,Estacion_09,2023,11,40.27,16.3,-73.9856,4.2184
Huila,Neiva,Estacion_25,2022,4,37.74,23.65,-73.8968,7.8043
Norte de Santander,Cúcuta,Estacion_21,2024,3,27.91,16.55,-73.5335,6.037
Bolívar,Cartagena,Estacion_13,2020,9,42.96,17.3,-74.5222,10.748
Huila,Neiva,Estacion_25,2022,3,26.11,16.64,-73.6812,10.7741
Bolívar,Cartagena,Estacion_02,2019,8,38.12,17.46,-74.4713,5.6381
Atlántico,Soledad,Estacion_13,2021,8,38.15,21.45,-74.7935,10.7791
Santander,Floridablanca,Estacion_19,2022,10,32.1,14.24,-73.6926,6.5571
Antioquia,Envigado,Estacion_09,2021,4,21.08,13.0,-74.0263,7.3748
Huila,Neiva,Estacion_17,2019,8,33.56,14.81,-74.8458,8.5043
Atlántico,Barranquilla,Estacion_06,2019,6,12.84,7.26,-74.1708,6.3116
Antioquia,Bello,Estacion_22,2021,8,18.47,8.36,-74.6775,9.8336
Bogotá D.C.,Bogotá,Estacion_02,2019,10,45.94,28.61,-74.7063,5.1644
Valle del Cauca,Palmira,Estacion_20,2022,11,40.86,23.69,-73.6765,5.9842
Antioquia,Medellín,Estacion_15,2022,8,41.17,25.01,-73.7983,9.5623
Valle del Cauca,Palmira,Estacion_06,2023,11,43.35,22.25,-73.8188,5.6087
Cundinamarca,Soacha,Estacion_04,2018,4,5.0,3.0,-73.347,8.2386
Valle del Cauca,Palmira,Estacion_29,2022,10,40.91,24.38,-73.9933,4.8226
Bolívar,Cartagena,Estacion_29,2022,9,49.97,29.67,-73.7015,7.6543
Boyacá,Tunja,Estacion_23,2022,7,6.74,3.08,-73.3954,9.5269
Cundinamarca,Zipaquirá,Estacion_19,2024,12,58.92,32.05,-74.149,5.7816
Atlántico,Barranquilla,Estacion_10,2022,9,19.36,9.72,-74.622,8.964
Bogotá D.C.,Bogotá,Estacion_17,2018,7,36.82,18.06,-74.6904,8.561
Santander,Floridablanca,Estacion_28,2022,7,16.11,8.72,-73.7762,10.9426
Cundinamarca,Soacha,Estacion_14,2022,9,20.66,11.13,-74.4924,6.1466
Boyacá,Duitama,Estacion_24,2019,11,36.59,15.73,-74.5405,9.4818
Valle del Cauca,Cali,Estacion_07,2022,7,60.27,34.42,-74.8959,6.7237
Bogotá D.C.,Bogotá,Estacion_27,2019,8,32.63,16.6,-74.8718,5.5524
Antioquia,Envigado,Estacion_02,2023,7,48.76,27.5,-74.4271,10.7447
Bogotá D.C.,Bogotá,Estacion_21,2021,8,38.76,23.75,-73.1385,7.6271
Atlántico,Barranquilla,Estacion_26,2022,9,24.16,10.69,-74.9279,5.6748
Bogotá D.C.,Bogotá,Estacion_03,2020,7,49.22,24.55,-73.8278,7.6242
Antioquia,Medellín,Estacion_18,2020,12,51.0,24.84,-73.0734,5.9356
Huila,Neiva,Estacion_15,2021,10,5.79,3.0,-74.6499,7.5437
Norte de Santander,Cúcuta,Estacion_17,2020,6,60.55,38.7,-73.2478,9.692
Huila,Neiva,Estacion_23,2021,7,26.16,14.15,-73.4601,9.3023
Bolívar,Cartagena,Estacion_29,2022,1,23.49,11.64,-73.4227,5.5427
Atlántico,Soledad,Estacion_14,2020,9,36.31,19.39,-73.5984,5.8434
Santander,Bucaramanga,Estacion_13,2023,12,37.58,23.78,-74.0469,6.4748
Huila,Neiva,Estacion_06,2023,11,29.62,18.74,-74.6197,9.1598
Atlántico,Barranquilla,Estacion_28,2020,4,38.71,23.58,-74.2879,9.4526
Antioquia,Medellín,Estacion_22,2023,8,63.23,35.0,-73.4715,7.7903
Bogotá D.C.,Bogotá,Estacion_12,2022,6,14.91,9.2,-74.0184,10.8908
Norte de Santander,Cúcuta,Estacion_13,2019,10,37.1,16.03,-73.9485,6.9622
Norte de Santander,Cúcuta,Estacion_17,2020,7,51.59,26.53,-74.7593,7.6274
Boyacá,Tunja,Estacion_01,2023,4,15.05,7.45,-74.7985,6.5312
Santander,Bucaramanga,Estacion_18,2020,4,30.4,14.77,-74.6322,6.9676
Cundinamarca,Zipaquirá,Estacion_12,2024,7,72.56,34.1,-74.6402,4.918
Huila,Neiva,Estacion_27,2018,12,33.62,17.08,-74.2382,5.0209
Valle del Cauca,Palmira,Estacion_26,2018,3,62.24,26.99,-73.2135,8.4146
Norte de Santander,Cúcuta,Estacion_26,2021,5,34.82,14.34,-74.8021,5.1434
Atlántico,Soledad,Estacion_16,2024,11,64.66,27.42,-73.5108,5.8184
Boyacá,Duitama,Estacion_12,2018,7,56.82,36.41,-74.6021,8.0313
Norte de Santander,Cúcuta,Estacion_25,2020,6,55.81,26.86,-73.9791,9.4232
Bolívar,Cartagena,Estacion_13,2022,5,5.0,3.09,-73.7188,10.5
Cundinamarca,Zipaquirá,Estacion_28,2018,2,43.48,19.15,-74.5436,6.2181
Santander,Floridablanca,Estacion_20,2023,7,32.83,20.21,-74.2737,8.1084
Bolívar,Cartagena,Estacion_06,2019,1,51.13,22.05,-74.5307,5.7615
Antioquia,Medellín,Estacion_06,2021,2,64.09,33.22,-74.8923,9.3965
Norte de Santander,Cúcuta,Estacion_04,2020,10,54.92,24.1,-73.6903,10.1983
Santander,Bucaramanga,Estacion_08,2023,5,27.69,14.72,-74.6588,4.2461
Boyacá,Duitama,Estacion_28,2021,8,37.73,24.29,-73.9188,5.9069
Bolívar,Cartagena,Estacion_23,2022,3,21.06,12.37,-73.2454,7.0448
Norte de Santander,Cúcuta,Estacion_30,2020,8,26.05,13.93,-73.3906,7.093
Boyacá,Duitama,Estacion_09,2019,5,53.22,31.38,-74.7274,6.0073
Norte de Santander,Cúcuta,Estacion_23,2021,8,36.21,17.2,-73.4683,9.5858
Huila,Neiva,Estacion_26,2018,9,24.17,13.06,-74.2105,5.1429
Cundinamarca,Zipaquirá,Estacion_08,2020,2,46.02,23.27,-74.5209,9.3518
Huila,Neiva,Estacion_10,2023,12,23.37,10.45,-74.8631,4.9564
Antioquia,Envigado,Estacion_15,2022,8,32.63,15.27,-73.7545,5.3145
Bogotá D.C.,Bogotá,Estacion_02,2022,1,51.77,29.96,-73.5458,5.6297
Valle del Cauca,Cali,Estacion_16,2019,6,57.71,34.42,-74.0032,6.5998
Bogotá D.C.,Bogotá,Estacion_03,2024,3,70.41,36.44,-74.6156,9.8908
Cundinamarca,Soacha,Estacion_04,2024,12,43.94,20.31,-73.4575,7.1007
Bogotá D.C.,Bogotá,Estacion_15,2023,2,9.91,5.65,-74.3758,6.2614
Bogotá D.C.,Bogotá,Estacion_09,2021,11,43.85,21.49,-74.8958,8.6669
Antioquia,Medellín,Estacion_21,2021,6,61.56,33.62,-74.2084,5.7016
Bogotá D.C.,Bogotá,Estacion_23,2022,3,53.09,22.42,-74.6846,4.6398
Huila,Neiva,Estacion_30,2024,11,48.07,21.08,-73.9273,4.7517
Bolívar,Cartagena,Estacion_11,2022,11,40.18,23.67,-73.3889,7.071
Atlántico,Barranquilla,Estacion_23,2021,6,33.17,13.6,-73.5867,7.9132
Norte de Santander,Cúcuta,Estacion_07,2022,3,23.75,12.73,-74.3526,7.2788
Huila,Neiva,Estacion_03,2022,3,8.64,4.63,-74.0918,9.4314
Norte de Santander,Cúcuta,Estacion_24,2019,1,43.68,24.24,-74.2718,8.3414
Boyacá,Tunja,Estacion_22,2022,7,43.39,25.66,-74.6917,5.9819
Cundinamarca,Zipaquirá,Estacion_04,2018,9,56.14,31.7,-74.9124,10.5646
Valle del Cauca,Cali,Estacion_07,2018,8,55.99,27.84,-74.0202,8.3678
Huila,Neiva,Estacion_02,2020,4,38.56,21.27,-74.8583,10.5115
Atlántico,Soledad,Estacion_30,2024,2,14.02,6.87,-73.513,10.233
Boyacá,Tunja,Estacion_27,2022,5,39.27,20.9,-73.5314,9.8412
Antioquia,Medellín,Estacion_17,2018,2,32.13,14.37,-73.9476,5.7413
Valle del Cauca,Palmira,Estacion_24,2018,11,35.4,20.13,-73.5949,6.9895
Antioquia,Medellín,Estacion_26,2019,9,23.91,10.51,-73.0031,7.1011
Boyacá,Duitama,Estacion_18,2020,6,42.89,21.58,-73.7335,9.7831
Boyacá,Tunja,Estacion_19,2022,4,21.59,12.65,-74.28,7.1668
Cundinamarca,Soacha,Estacion_24,2018,5,48.4,26.57,-73.9648,10.9539
Santander,Bucaramanga,Estacion_10,2019,4,36.94,22.37,-73.6206,5.9317
Norte de Santander,Cúcuta,Estacion_04,2018,8,32.53,15.9,-74.7232,6.5696
Huila,Neiva,Estacion_08,2020,5,47.7,30.03,-73.5315,9.0651
Bolívar,Cartagena,Estacion_16,2024,12,43.27,24.91,-73.361,4.6675
Santander,Bucaramanga,Estacion_24,2024,10,15.8,9.96,-74.3312,10.1585
Cundinamarca,Zipaquirá,Estacion_30,2024,2,52.69,32.53,-74.5466,8.5695
Huila,Neiva,Estacion_21,2024,11,25.54,10.48,-73.9201,5.0471
Norte de Santander,Cúcuta,Estacion_05,2018,11,43.61,25.42,-74.2142,7.1193
Huila,Neiva,Estacion_08,2021,5,36.92,17.87,-74.0483,9.2172
Norte de Santander,Cúcuta,Estacion_09,2018,7,26.73,14.05,-73.4523,4.9126
Valle del Cauca,Palmira,Estacion_18,2019,8,37.97,24.65,-73.9515,5.6962
Santander,Floridablanca,Estacion_11,2023,10,46.94,19.83,-73.6565,6.9648
Boyacá,Tunja,Estacion_11,2020,10,20.61,9.12,-74.3006,9.7511
Bolívar,Cartagena,Estacion_15,2018,4,13.7,6.16,-74.2524,9.3041
Antioquia,Medellín,Estacion_24,2018,4,67.54,41.68,-73.3597,4.0961
Antioquia,Bello,Estacion_15,2021,1,24.19,11.68,-73.52,5.4831
Norte de Santander,Cúcuta,Estacion_18,2021,10,33.96,19.52,-74.9632,8.081
Norte de Santander,Cúcuta,Estacion_09,2019,1,26.78,12.61,-73.4216,8.3258
Bogotá D.C.,Bogotá,Estacion_21,2018,2,48.65,27.49,-73.2714,4.1335
Cundinamarca,Soacha,Estacion_13,2022,12,42.69,18.14,-74.3691,10.0674
Norte de Santander,Cúcuta,Estacion_06,2019,9,53.82,31.11,-74.9205,10.4559
Santander,Floridablanca,Estacion_16,2021,12,31.01,13.62,-74.3064,6.4634
Santander,Bucaramanga,Estacion_17,2020,1,13.32,8.29,-73.3703,4.2063
Norte de Santander,Cúcuta,Estacion_08,2019,6,13.11,8.18,-73.6861,4.6146
Cundinamarca,Soacha,Estacion_14,2019,10,57.85,36.3,-74.3414,7.7956
Atlántico,Barranquilla,Estacion_19,2022,11,67.62,40.57,-73.2748,6.163
Norte de Santander,Cúcuta,Estacion_14,2024,3,24.25,10.66,-74.8644,7.7307
Antioquia,Medellín,Estacion_11,2024,3,18.91,11.0,-73.4691,10.1609
Cundinamarca,Zipaquirá,Estacion_10,2021,12,64.08,40.58,-74.4524,9.4538
Antioquia,Medellín,Estacion_06,2018,10,22.15,12.28,-73.7888,8.2865
Huila,Neiva,Estacion_08,2023,1,20.49,10.64,-73.9954,8.233
Boyacá,Tunja,Estacion_28,2021,8,52.71,27.33,-74.6724,5.5839
Cundinamarca,Soacha,Estacion_30,2020,7,38.84,17.51,-74.5909,5.2395
Bolívar,Cartagena,Estacion_23,2020,8,57.05,35.48,-74.1449,9.4335
Huila,Neiva,Estacion_24,2020,7,16.11,8.84,-73.9495,10.1305
Bogotá D.C.,Bogotá,Estacion_15,2021,1,42.24,19.49,-73.9243,10.8868
Bogotá D.C.,Bogotá,Estacion_17,2024,11,61.06,37.92,-73.4526,6.0014
Valle del Cauca,Palmira,Estacion_10,2022,1,53.08,33.22,-74.0728,8.5227
Antioquia,Envigado,Estacion_17,2018,3,41.35,23.74,-74.7294,6.8949
Bolívar,Cartagena,Estacion_06,2021,10,5.0,3.12,-73.2084,10.1778
Antioquia,Bello,Estacion_11,2023,11,57.34,33.23,-74.7529,4.7992
Bolívar,Cartagena,Estacion_03,2022,12,20.26,10.05,-73.4179,7.5817
Valle del Cauca,Palmira,Estacion_18,2021,1,57.27,32.35,-74.6998,10.0817
Valle del Cauca,Cali,Estacion_14,2020,5,23.08,14.78,-74.4224,5.2649
Valle del Cauca,Cali,Estacion_01,2022,5,70.03,42.15,-73.784,7.4543
Atlántico,Soledad,Estacion_15,2021,8,36.35,15.26,-73.7998,5.713
Norte de Santander,Cúcuta,Estacion_20,2023,9,39.36,17.56,-74.8899,6.4431
Valle del Cauca,Cali,Estacion_22,2022,10,40.22,25.34,-74.9019,6.9187
Valle del Cauca,Cali,Estacion_22,2020,10,41.23,22.29,-73.0674,9.2453
Boyacá,Tunja,Estacion_03,2024,5,15.28,7.35,-73.2049,9.7419
Cundinamarca,Soacha,Estacion_10,2021,3,56.4,27.2,-74.1725,5.4689
Atlántico,Barranquilla,Estacion_04,2022,12,55.61,35.86,-73.9421,4.6137
Huila,Neiva,Estacion_14,2022,6,33.81,18.79,-73.1458,8.3
Bolívar,Cartagena,Estacion_16,2024,3,54.59,33.9,-74.5346,6.0334
Atlántico,Barranquilla,Estacion_04,2018,8,29.7,18.18,-73.4009,10.9929
Cundinamarca,Soacha,Estacion_11,2020,9,29.67,17.85,-74.5753,8.4843
Santander,Floridablanca,Estacion_26,2018,5,29.11,17.23,-74.7723,6.333
Cundinamarca,Soacha,Estacion_27,2019,4,53.02,25.59,-74.3241,8.7073
Bolívar,Cartagena,Estacion_21,2019,8,44.33,27.32,-73.2081,7.2373
Cundinamarca,Soacha,Estacion_27,2022,5,48.81,26.42,-73.6436,7.8862
Bogotá D.C.,Bogotá,Estacion_19,2023,6,59.92,38.49,-74.4391,4.2182
Cundinamarca,Soacha,Estacion_19,2022,7,5.12,3.0,-74.7663,9.4764
Santander,Floridablanca,Estacion_23,2018,5,19.93,9.16,-74.0962,10.6551
Atlántico,Soledad,Estacion_06,2018,6,44.06,26.27,-73.4444,10.3935
Bolívar,Cartagena,Estacion_26,2021,9,42.75,22.27,-73.2522,6.1725
Boyacá,Tunja,Estacion_25,2024,2,46.27,28.02,-73.124,8.737
Valle del Cauca,Cali,Estacion_24,2018,8,23.91,11.42,-74.9119,9.9369
Antioquia,Bello,Estacion_15,2018,2,54.48,28.88,-73.682,6.1874
Huila,Neiva,Estacion_21,2019,6,38.77,20.67,-73.4544,8.6979
Santander,Bucaramanga,Estacion_06,2020,2,46.74,18.87,-73.7541,7.5984
Atlántico,Soledad,Estacion_18,2020,5,49.75,23.42,-74.5103,4.4987
Huila,Neiva,Estacion_18,2021,1,53.19,23.01,-74.0585,8.7285
Antioquia,Bello,Estacion_02,2018,7,16.77,10.44,-73.7411,8.8309
Bolívar,Cartagena,Estacion_10,2020,4,49.71,28.74,-73.6583,7.7344
Bolívar,Cartagena,Estacion_03,2024,12,18.79,10.73,-73.5796,7.2578
Atlántico,Barranquilla,Estacion_05,2024,10,38.28,17.78,-74.2731,5.2835
Boyacá,Duitama,Estacion_15,2021,1,41.73,21.69,-73.3085,5.9758
Boyacá,Tunja,Estacion_17,2018,7,37.93,22.92,-73.4065,6.2811
Antioquia,Bello,Estacion_18,2021,7,25.67,11.83,-74.682,7.3766
Antioquia,Bello,Estacion_07,2024,12,29.03,15.9,-73.4314,7.0475
Boyacá,Tunja,Estacion_06,2023,11,65.6,35.66,-74.0267,8.1451
Bolívar,Cartagena,Estacion_18,2018,8,51.3,22.78,-73.0882,4.4873
Antioquia,Envigado,Estacion_27,2022,7,24.91,10.35,-74.5648,4.9724
Huila,Neiva,Estacion_25,2019,11,54.08,23.65,-73.9375,6.7299
Huila,Neiva,Estacion_07,2019,11,44.09,26.39,-73.6409,10.4295
Cundinamarca,Zipaquirá,Estacion_03,2022,1,26.18,14.47,-73.9792,9.9335
Santander,Bucaramanga,Estacion_12,2022,1,54.22,34.95,-74.7806,5.9755
Bogotá D.C.,Bogotá,Estacion_14,2023,10,51.02,24.47,-74.2344,6.671
Norte de Santander,Cúcuta,Estacion_22,2019,8,47.26,28.87,-74.2794,6.9206
Santander,Bucaramanga,Estacion_05,2018,2,49.64,27.9,-74.712,10.1942
Cundinamarca,Soacha,Estacion_03,2019,11,45.24,28.2,-73.6092,10.5122
Huila,Neiva,Estacion_15,2022,7,7.07,3.8,-74.0999,6.4872
Valle del Cauca,Palmira,Estacion_20,2018,10,31.38,14.66,-73.1469,8.0345
Bogotá D.C.,Bogotá,Estacion_19,2021,12,50.81,27.69,-73.0765,4.5604
Norte de Santander,Cúcuta,Estacion_15,2022,2,14.63,6.75,-73.7387,8.6462
Antioquia,Envigado,Estacion_21,2022,10,31.99,15.3,-74.8945,6.4048
Bogotá D.C.,Bogotá,Estacion_15,2022,8,38.26,24.66,-74.4108,5.1726
Huila,Neiva,Estacion_24,2024,10,28.97,13.47,-73.7414,8.047
Huila,Neiva,Estacion_22,2020,12,26.24,11.04,-73.9888,9.9601
Santander,Floridablanca,Estacion_05,2022,5,26.32,12.34,-74.4861,9.19
Huila,Neiva,Estacion_30,2022,12,44.5,26.79,-74.4775,8.9054
Bolívar,Cartagena,Estacion_26,2022,1,48.27,23.45,-74.8312,5.0155
Valle del Cauca,Palmira,Estacion_25,2021,7,55.79,25.26,-73.5313,6.4155
Santander,Bucaramanga,Estacion_02,2019,8,51.11,25.54,-74.3973,9.2231
Norte de Santander,Cúcuta,Estacion_13,2023,12,25.97,13.83,-74.1305,6.0215
Bolívar,Cartagena,Estacion_22,2020,9,42.46,24.23,-74.918,10.424
Boyacá,Duitama,Estacion_20,2023,5,28.98,12.3,-73.6913,6.7381
Atlántico,Barranquilla,Estacion_17,2020,11,45.18,25.87,-74.6402,7.8333
Bogotá D.C.,Bogotá,Estacion_01,2021,2,27.74,16.13,-74.4962,4.2383
Huila,Neiva,Estacion_02,2022,11,31.39,19.57,-74.5664,8.1957
Antioquia,Envigado,Estacion_04,2018,10,50.02,31.26,-73.8679,10.7702
Antioquia,Envigado,Estacion_06,2020,5,50.97,26.34,-73.1276,8.4715
Santander,Floridablanca,Estacion_23,2023,6,33.8,15.86,-74.8752,6.7201
Bogotá D.C.,Bogotá,Estacion_27,2020,3,77.71,40.64,-73.1428,8.2721
Valle del Cauca,Palmira,Estacion_04,2019,9,55.88,35.1,-73.5692,4.723
Antioquia,Medellín,Estacion_19,2023,5,24.54,14.58,-74.9625,7.4839
Bogotá D.C.,Bogotá,Estacion_22,2021,5,58.65,23.51,-73.5848,9.3969
Bolívar,Cartagena,Estacion_13,2024,12,45.94,27.35,-73.4292,7.7809
Bogotá D.C.,Bogotá,Estacion_23,2024,8,73.31,35.44,-74.3943,4.3864
Antioquia,Bello,Estacion_18,2024,6,47.81,20.09,-74.0807,9.3656
Atlántico,Barranquilla,Estacion_18,2018,7,28.28,14.07,-74.7865,8.8219
Bolívar,Cartagena,Estacion_29,2023,8,24.3,14.19,-74.7201,5.3516
Huila,Neiva,Estacion_16,2021,2,40.72,21.37,-73.0701,9.6824
Bogotá D.C.,Bogotá,Estacion_11,2018,6,36.05,14.81,-74.7636,9.6497
Norte de Santander,Cúcuta,Estacion_22,2024,9,46.71,29.48,-74.9262,4.9911
Bogotá D.C.,Bogotá,Estacion_30,2022,1,64.53,36.28,-74.9713,8.4286
Santander,Bucaramanga,Estacion_15,2022,3,37.79,22.84,-74.7716,8.1648
Huila,Neiva,Estacion_03,2024,4,30.31,15.35,-73.377,10.8753
Cundinamarca,Zipaquirá,Estacion_04,2023,10,22.33,14.32,-74.5735,4.3191
Valle del Cauca,Palmira,Estacion_03,2018,5,43.36,21.84,-73.6074,7.8739
Bolívar,Cartagena,Estacion_30,2022,1,52.76,29.44,-74.2477,5.1043
Bolívar,Cartagena,Estacion_01,2018,3,54.73,34.56,-73.5865,8.1561
Santander,Floridablanca,Estacion_23,2024,8,31.39,17.58,-73.9538,6.8842
Valle del Cauca,Cali,Estacion_20,2019,12,42.97,27.4,-73.7456,9.4781
Boyacá,Duitama,Estacion_01,2022,4,50.73,32.68,-73.7622,10.0391
Norte de Santander,Cúcuta,Estacion_15,2024,11,76.15,43.01,-74.4471,5.356
Valle del Cauca,Palmira,Estacion_16,2019,3,52.53,24.76,-74.1307,6.3401
Bolívar,Cartagena,Estacion_04,2023,1,31.1,19.63,-74.6482,9.4984
Bolívar,Cartagena,Estacion_03,2019,12,16.42,8.29,-73.5058,10.2886
Atlántico,Barranquilla,Estacion_11,2019,2,41.71,19.16,-74.1748,5.3997
Atlántico,Barranquilla,Estacion_16,2022,8,50.12,22.76,-73.7811,5.2464
Boyacá,Tunja,Estacion_15,2023,4,40.37,22.53,-73.0489,5.4155
Valle del Cauca,Cali,Estacion_23,2022,1,50.59,25.53,-73.4793,5.539
Santander,Bucaramanga,Estacion_26,2024,11,42.15,26.9,-73.1888,8.0469
Norte de Santander,Cúcuta,Estacion_03,2021,9,5.0,3.0,-73.326,5.9542
Cundinamarca,Soacha,Estacion_08,2020,7,38.35,20.9,-73.2164,8.1424
Valle del Cauca,Cali,Estacion_14,2018,1,76.92,38.95,-74.2114,9.668
Antioquia,Bello,Estacion_16,2019,2,33.66,18.16,-74.9752,9.1225
Atlántico,Barranquilla,Estacion_12,2020,4,31.08,16.16,-74.3903,8.9231
Huila,Neiva,Estacion_15,2021,3,29.76,18.41,-74.1893,9.529
Boyacá,Duitama,Estacion_23,2023,1,38.67,24.11,-74.3342,4.229
Cundinamarca,Zipaquirá,Estacion_23,2022,9,30.58,16.63,-74.5857,8.7927
Huila,Neiva,Estacion_24,2018,9,56.17,34.94,-74.7781,6.5591
Huila,Neiva,Estacion_12,2020,3,27.43,15.42,-73.5903,7.9253
Atlántico,Barranquilla,Estacion_11,2019,9,47.94,30.43,-73.8398,10.7137
Atlántico,Barranquilla,Estacion_11,2020,5,46.2,24.3,-74.1541,4.3812
Boyacá,Duitama,Estacion_15,2021,9,27.43,15.84,-73.6434,7.73
Santander,Floridablanca,Estacion_20,2020,11,33.72,21.46,-73.3824,10.5861
Antioquia,Medellín,Estacion_29,2021,2,63.07,29.77,-73.0867,4.7656
Santander,Bucaramanga,Estacion_23,2019,8,50.47,22.09,-74.5915,10.6647
Bogotá D.C.,Bogotá,Estacion_14,2023,9,66.76,39.02,-74.957,5.3234
Bogotá D.C.,Bogotá,Estacion_27,2022,11,42.97,23.4,-73.6885,9.5078
Bolívar,Cartagena,Estacion_15,2020,10,52.88,23.42,-74.48,7.3897
Santander,Bucaramanga,Estacion_05,2020,5,54.52,28.02,-74.6673,10.4689
Norte de Santander,Cúcuta,Estacion_06,2019,12,27.19,11.92,-74.5242,4.2881
Boyacá,Tunja,Estacion_15,2020,6,14.19,6.33,-73.875,4.2428
Boyacá,Duitama,Estacion_05,2020,8,26.34,12.52,-73.1591,6.8319
Bolívar,Cartagena,Estacion_15,2020,3,32.78,13.15,-73.523,10.8292
Boyacá,Duitama,Estacion_16,2020,10,21.59,12.57,-73.1554,6.3708
Antioquia,Envigado,Estacion_16,2018,3,11.69,6.66,-74.7662,4.1736
Huila,Neiva,Estacion_15,2020,2,25.52,11.45,-73.9471,9.469
Santander,Bucaramanga,Estacion_01,2018,9,53.21,32.58,-73.6459,10.7034
Norte de Santander,Cúcuta,Estacion_07,2021,6,20.69,8.57,-73.6665,6.7829
Cundinamarca,Zipaquirá,Estacion_13,2020,1,24.16,11.38,-74.2973,10.8427
Norte de Santander,Cúcuta,Estacion_07,2023,8,34.17,17.45,-74.6724,9.096
Cundinamarca,Zipaquirá,Estacion_05,2024,10,19.47,10.7,-74.7127,6.1226
Norte de Santander,Cúcuta,Estacion_03,2022,7,48.08,30.22,-74.171,7.8907
Huila,Neiva,Estacion_07,2019,7,43.12,20.37,-74.0188,9.7596
Santander,Floridablanca,Estacion_16,2022,12,31.59,12.66,-74.4746,10.6922
Bolívar,Cartagena,Estacion_21,2023,5,35.8,18.05,-74.0162,8.8149
Atlántico,Barranquilla,Estacion_04,2024,5,5.0,3.0,-74.2765,7.3634
Cundinamarca,Zipaquirá,Estacion_21,2023,8,36.74,23.64,-73.3634,6.6124
Huila,Neiva,Estacion_28,2020,3,27.65,14.25,-73.6134,6.5017
Bogotá D.C.,Bogotá,Estacion_12,2021,11,54.54,26.67,-74.4203,7.7073
Antioquia,Envigado,Estacion_07,2024,11,37.72,22.19,-73.9126,10.1071
Santander,Floridablanca,Estacion_22,2023,12,41.1,20.16,-73.9312,6.4614
Valle del Cauca,Cali,Estacion_05,2022,5,38.04,23.88,-74.7952,5.0819
Atlántico,Barranquilla,Estacion_26,2022,10,47.37,27.12,-73.095,9.9225
Norte de Santander,Cúcuta,Estacion_14,2021,2,40.92,16.55,-74.3036,8.8374
Valle del Cauca,Palmira,Estacion_29,2022,9,61.77,29.99,-73.5802,4.2013
Antioquia,Medellín,Estacion_05,2024,12,41.73,18.0,-74.7396,4.5502
Antioquia,Medellín,Estacion_01,2024,8,43.39,25.57,-74.915,4.7547
Norte de Santander,Cúcuta,Estacion_16,2018,5,47.24,19.02,-74.807,4.8666
Huila,Neiva,Estacion_19,2019,3,38.41,21.8,-74.9415,5.0189
Santander,Floridablanca,Estacion_12,2019,9,38.97,20.51,-74.8633,9.7371
Bogotá D.C.,Bogotá,Estacion_23,2019,5,27.29,16.06,-74.9913,9.0774
Atlántico,Soledad,Estacion_12,2023,10,43.9,18.74,-73.3305,10.8691
Cundinamarca,Soacha,Estacion_17,2019,7,55.61,23.81,-73.0308,4.8653
Antioquia,Envigado,Estacion_05,2021,6,29.63,12.15,-74.3438,4.8101
Santander,Floridablanca,Estacion_20,2023,5,16.62,9.5,-73.3178,5.5811
Cundinamarca,Zipaquirá,Estacion_28,2021,4,54.79,32.91,-73.1218,6.5721
Bogotá D.C.,Bogotá,Estacion_22,2018,7,26.64,15.04,-74.83,5.0036
Cundinamarca,Soacha,Estacion_24,2019,2,28.45,12.8,-73.3119,6.83
Atlántico,Soledad,Estacion_24,2021,5,42.55,25.16,-73.4681,8.1555
Cundinamarca,Zipaquirá,Estacion_16,2023,10,77.25,40.78,-74.7053,7.1824
Antioquia,Bello,Estacion_16,2021,4,21.31,11.87,-74.7308,4.6972
Bogotá D.C.,Bogotá,Estacion_16,2023,1,69.69,30.54,-73.7561,4.6743
Antioquia,Envigado,Estacion_25,2022,8,32.43,19.4,-74.5961,8.6347
Bolívar,Cartagena,Estacion_18,2020,9,5.0,3.0,-74.1392,10.4046
Cundinamarca,Zipaquirá,Estacion_11,2024,7,24.3,12.41,-74.928,5.2381
Santander,Bucaramanga,Estacion_16,2021,3,29.3,17.32,-73.8623,7.4339
Norte de Santander,Cúcuta,Estacion_16,2022,3,48.76,25.68,-74.2172,7.4628
Cundinamarca,Zipaquirá,Estacion_25,2020,6,53.57,23.14,-74.2672,9.6669
Huila,Neiva,Estacion_25,2023,6,42.54,21.06,-74.1437,10.9436
Cundinamarca,Zipaquirá,Estacion_02,2023,4,35.32,19.36,-73.1792,4.4585
Santander,Bucaramanga,Estacion_11,2019,1,56.68,30.3,-74.9252,8.6044
Cundinamarca,Zipaquirá,Estacion_09,2018,12,31.88,15.27,-73.8593,6.2569
Antioquia,Bello,Estacion_04,2023,11,35.6,16.07,-74.0065,9.6802
Boyacá,Tunja,Estacion_20,2020,6,44.88,25.08,-73.0518,4.5272
Norte de Santander,Cúcuta,Estacion_10,2020,1,33.08,15.69,-73.853,9.6322
Huila,Neiva,Estacion_23,2024,10,46.26,19.28,-73.3976,7.3269
Atlántico,Soledad,Estacion_26,2018,11,42.62,25.82,-73.9907,6.0994
Norte de Santander,Cúcuta,Estacion_07,2021,7,34.86,19.8,-73.9049,10.1663
Norte de Santander,Cúcuta,Estacion_19,2021,4,53.05,29.98,-73.3522,10.5667
Santander,Floridablanca,Estacion_30,2022,12,22.25,10.93,-74.7045,5.0533
Santander,Floridablanca,Estacion_14,2020,2,21.97,12.27,-73.3081,5.8685
Santander,Bucaramanga,Estacion_09,2023,10,35.96,15.73,-74.9446,9.5793
Santander,Floridablanca,Estacion_16,2022,7,46.03,23.27,-73.1887,5.4139
Santander,Bucaramanga,Estacion_01,2020,5,29.93,18.35,-73.0724,7.4009
Bogotá D.C.,Bogotá,Estacion_28,2018,6,46.19,28.49,-73.1989,6.849
Boyacá,Tunja,Estacion_13,2024,12,41.06,22.29,-73.9995,4.8445
Huila,Neiva,Estacion_16,2018,4,25.81,14.19,-73.4536,6.1939
Huila,Neiva,Estacion_26,2023,12,36.39,15.87,-74.6497,10.7895
Bolívar,Cartagena,Estacion_09,2024,10,50.67,20.98,-73.9331,8.8973
Antioquia,Bello,Estacion_18,2021,8,19.18,11.89,-73.1261,6.541
Boyacá,Duitama,Estacion_01,2023,10,5.0,3.0,-73.5211,9.5926
Bogotá D.C.,Bogotá,Estacion_09,2022,7,36.68,22.12,-74.7559,10.0687
Bolívar,Cartagena,Estacion_01,2021,5,70.24,33.38,-73.1274,9.2967
Santander,Bucaramanga,Estacion_28,2019,8,14.07,8.33,-74.1874,4.2372
Antioquia,Bello,Estacion_16,2023,7,12.33,7.79,-74.3346,6.9566
Antioquia,Medellín,Estacion_23,2020,9,49.33,28.73,-73.9045,6.2874
Bogotá D.C.,Bogotá,Estacion_21,2023,3,60.8,36.34,-74.7278,6.8046
Santander,Floridablanca,Estacion_19,2018,2,44.9,28.84,-73.3388,9.3421
Huila,Neiva,Estacion_26,2020,8,50.13,26.05,-73.5297,5.8248
Huila,Neiva,Estacion_26,2020,4,47.39,23.62,-74.2454,9.8428
Huila,Neiva,Estacion_01,2018,9,42.26,23.74,-73.7467,10.3479
Bolívar,Cartagena,Estacion_09,2023,3,54.8,30.15,-74.7015,10.7062
Valle del Cauca,Cali,Estacion_01,2023,9,57.93,36.5,-74.0926,8.7153
Antioquia,Medellín,Estacion_23,2019,4,60.92,28.42,-73.5071,6.6745
Cundinamarca,Soacha,Estacion_20,2019,5,25.86,15.04,-74.6213,5.2626
Valle del Cauca,Cali,Estacion_10,2020,4,26.37,15.06,-74.0837,4.0722
Valle del Cauca,Palmira,Estacion_23,2021,11,26.14,12.96,-74.1534,8.1804
Antioquia,Medellín,Estacion_18,2018,1,29.54,18.52,-73.0065,10.5753
Huila,Neiva,Estacion_01,2020,9,44.52,24.7,-74.395,6.7629
Boyacá,Tunja,Estacion_29,2022,1,24.81,13.05,-73.1393,10.1453
Valle del Cauca,Cali,Estacion_11,2023,9,45.85,21.32,-74.3735,10.8496
Bolívar,Cartagena,Estacion_24,2020,7,28.69,15.87,-73.4769,5.8463
Boyacá,Duitama,Estacion_29,2019,6,65.05,38.0,-74.0175,10.6504
Norte de Santander,Cúcuta,Estacion_02,2019,3,43.99,22.77,-74.6729,7.2699
Antioquia,Bello,Estacion_02,2021,6,38.21,24.73,-73.8783,7.2043
Antioquia,Envigado,Estacion_28,2019,2,29.07,13.69,-73.3301,9.2496
Santander,Bucaramanga,Estacion_19,2018,9,43.21,25.57,-74.6389,10.4429
Atlántico,Soledad,Estacion_22,2018,6,57.38,32.72,-74.2117,8.1324
Antioquia,Bello,Estacion_05,2018,2,38.68,19.92,-73.5846,7.359
Santander,Bucaramanga,Estacion_11,2018,11,23.16,14.75,-73.0004,10.3481
Huila,Neiva,Estacion_07,2024,1,23.54,14.13,-74.4341,9.587
Antioquia,Envigado,Estacion_20,2021,2,27.44,17.6,-73.269,4.6243
Atlántico,Barranquilla,Estacion_13,2024,7,40.57,19.12,-73.4949,8.5785
Antioquia,Bello,Estacion_16,2024,7,32.0,20.03,-73.793,6.5133
Antioquia,Bello,Estacion_17,2019,8,5.0,3.0,-74.2238,5.8794
Huila,Neiva,Estacion_03,2024,7,42.74,21.73,-74.148,4.2831
Boyacá,Duitama,Estacion_22,2019,11,15.81,9.04,-74.6899,7.4673
Norte de Santander,Cúcuta,Estacion_10,2021,7,58.71,27.89,-73.0316,8.7902
Santander,Bucaramanga,Estacion_17,2021,5,47.87,25.95,-73.898,10.4211
Norte de Santander,Cúcuta,Estacion_17,2021,7,53.28,28.88,-74.4932,5.784
Antioquia,Envigado,Estacion_01,2018,12,47.34,26.77,-74.6409,5.2755
Cundinamarca,Soacha,Estacion_03,2021,12,29.12,14.96,-73.6595,8.3667
Santander,Floridablanca,Estacion_30,2024,3,54.07,24.48,-74.8436,10.8753
Santander,Bucaramanga,Estacion_14,2022,1,42.47,18.81,-74.0458,8.8426
Huila,Neiva,Estacion_10,2022,10,35.27,17.29,-73.6524,8.8321
Cundinamarca,Zipaquirá,Estacion_03,2019,3,42.28,17.08,-73.059,10.0131
Atlántico,Soledad,Estacion_21,2019,11,35.64,16.41,-73.3158,10.0073
Norte de Santander,Cúcuta,Estacion_03,2020,8,44.38,19.04,-73.1952,9.1715
Bolívar,Cartagena,Estacion_16,2018,8,47.6,26.0,-74.5973,7.986
Cundinamarca,Soacha,Estacion_11,2018,2,18.82,12.14,-73.3028,9.1595
Huila,Neiva,Estacion_02,2021,7,17.68,9.22,-73.8179,8.2805
Bolívar,Cartagena,Estacion_23,2018,9,54.52,29.35,-74.4643,8.5381
Bolívar,Cartagena,Estacion_16,2022,11,37.34,18.17,-73.605,4.1456
Santander,Bucaramanga,Estacion_16,2020,8,36.19,22.7,-74.3217,8.2147
Bolívar,Cartagena,Estacion_29,2020,12,45.5,26.29,-73.0804,9.8316
Boyacá,Duitama,Estacion_26,2024,3,26.19,15.38,-73.6659,4.9037
Atlántico,Barranquilla,Estacion_20,2021,2,26.53,15.87,-73.1139,7.4561
Atlántico,Barranquilla,Estacion_18,2018,1,27.64,15.73,-74.6506,10.0162
Norte de Santander,Cúcuta,Estacion_26,2018,6,44.04,22.36,-73.7649,4.8448
Atlántico,Soledad,Estacion_09,2020,6,38.12,20.56,-73.2074,9.9739
Norte de Santander,Cúcuta,Estacion_23,2018,8,9.47,5.68,-73.0747,9.2904
Antioquia,Envigado,Estacion_20,2024,2,36.96,15.76,-73.7401,10.0961
Boyacá,Tunja,Estacion_24,2020,12,31.07,15.86,-73.9882,9.1279
Antioquia,Medellín,Estacion_21,2020,6,38.24,17.23,-73.0607,9.3845
Bogotá D.C.,Bogotá,Estacion_27,2024,8,43.15,22.71,-74.8295,6.6071
Cundinamarca,Zipaquirá,Estacion_21,2023,4,49.55,25.04,-74.5436,9.6124
Cundinamarca,Zipaquirá,Estacion_29,2021,9,55.46,33.2,-74.2765,4.2083
Valle del Cauca,Cali,Estacion_23,2024,9,55.64,35.91,-74.6714,4.4303
Bogotá D.C.,Bogotá,Estacion_29,2022,1,57.48,37.08,-73.4019,10.1307
Santander,Floridablanca,Estacion_13,2023,12,22.94,13.44,-73.1815,4.0553
Santander,Bucaramanga,Estacion_23,2021,8,30.78,17.27,-73.2248,8.3705
Huila,Neiva,Estacion_23,2020,11,26.79,12.74,-74.9261,6.3415
Valle del Cauca,Palmira,Estacion_07,2018,9,58.89,31.23,-73.4859,5.1202
Bogotá D.C.,Bogotá,Estacion_08,2024,5,40.16,16.67,-74.254,8.3889
Boyacá,Tunja,Estacion_02,2024,11,5.0,3.18,-74.1025,8.007
Bogotá D.C.,Bogotá,Estacion_11,2019,12,77.74,43.3,-73.9334,8.1688
Boyacá,Duitama,Estacion_10,2023,12,33.66,18.28,-74.7201,6.6437
Atlántico,Barranquilla,Estacion_11,2022,10,44.2,22.7,-74.7069,6.9798
Cundinamarca,Soacha,Estacion_03,2018,7,59.37,36.94,-74.0475,7.1231
Boyacá,Duitama,Estacion_19,2022,9,40.48,22.11,-73.7271,10.9756
Bolívar,Cartagena,Estacion_27,2019,3,5.08,3.0,-74.0305,7.204
Norte de Santander,Cúcuta,Estacion_23,2019,8,10.5,6.68,-74.2613,10.6628
Huila,Neiva,Estacion_04,2018,6,39.14,21.25,-74.9194,5.0731
Boyacá,Duitama,Estacion_12,2020,5,8.55,3.72,-73.8208,4.3406
Santander,Floridablanca,Estacion_07,2019,12,37.34,19.5,-74.7553,6.4405
Bogotá D.C.,Bogotá,Estacion_16,2022,5,27.22,14.12,-73.5599,8.24
Valle del Cauca,Palmira,Estacion_25,2021,11,38.8,23.92,-74.3496,9.5987
Huila,Neiva,Estacion_13,2019,7,32.56,18.48,-74.1138,5.9416
Antioquia,Medellín,Estacion_23,2018,10,38.89,21.68,-73.4568,6.1619
Antioquia,Envigado,Estacion_18,2018,4,53.0,31.24,-73.0854,7.6523
Bolívar,Cartagena,Estacion_04,2023,9,29.79,13.25,-74.9621,9.5073
Atlántico,Soledad,Estacion_03,2024,9,23.09,9.5,-73.2761,4.1628
Cundinamarca,Soacha,Estacion_14,2018,9,25.54,12.24,-74.4856,4.8025
Antioquia,Envigado,Estacion_06,2020,3,45.53,19.97,-73.0957,8.7503
Bogotá D.C.,Bogotá,Estacion_06,2018,12,69.27,34.46,-74.3599,6.8898
Boyacá,Duitama,Estacion_13,2024,2,45.52,25.0,-74.527,7.5603
Norte de Santander,Cúcuta,Estacion_04,2020,1,38.56,18.49,-73.8938,4.4582
Bogotá D.C.,Bogotá,Estacion_21,2019,1,50.49,23.31,-73.8906,9.4965
Santander,Floridablanca,Estacion_15,2018,11,73.31,38.5,-73.4342,4.9966
Norte de Santander,Cúcuta,Estacion_26,2019,9,71.58,38.57,-74.9164,9.6885
Huila,Neiva,Estacion_21,2019,1,23.78,9.87,-73.1564,5.9131
Santander,Floridablanca,Estacion_12,2024,11,41.67,19.6,-74.6772,7.7386
Antioquia,Bello,Estacion_03,2021,12,62.97,27.12,-74.7207,7.8954
Santander,Floridablanca,Estacion_07,2022,9,47.66,27.19,-74.3147,5.8295
Bolívar,Cartagena,Estacion_08,2023,6,31.53,15.3,-74.0804,8.1966
Bogotá D.C.,Bogotá,Estacion_21,2018,10,23.15,11.65,-73.2095,8.9231
Cundinamarca,Soacha,Estacion_26,2023,11,39.74,16.67,-74.9381,9.8246
Bolívar,Cartagena,Estacion_12,2024,7,41.61,18.49,-73.4641,8.8792
Bogotá D.C.,Bogotá,Estacion_15,2020,4,39.19,17.85,-74.9604,5.9679
Boyacá,Tunja,Estacion_03,2024,10,15.75,7.17,-73.0398,10.7711
Bogotá D.C.,Bogotá,Estacion_16,2023,12,34.78,13.97,-73.0315,8.4691
Antioquia,Bello,Estacion_19,2022,8,39.72,23.22,-73.6556,8.2208
Valle del Cauca,Cali,Estacion_19,2019,12,54.62,25.39,-73.8602,5.5958
Norte de Santander,Cúcuta,Estacion_07,2024,11,74.27,42.29,-73.7711,8.7648
Bolívar,Cartagena,Estacion_14,2023,11,40.74,25.9,-74.8963,10.5713
Cundinamarca,Zipaquirá,Estacion_09,2018,11,17.57,9.3,-74.9131,9.0485
Bogotá D.C.,Bogotá,Estacion_30,2021,9,49.72,19.95,-74.6108,4.5727
Huila,Neiva,Estacion_24,2019,12,29.76,13.76,-74.671,6.1756
Antioquia,Medellín,Estacion_16,2021,1,37.72,20.68,-73.7474,6.3401
Santander,Bucaramanga,Estacion_04,2021,4,62.41,37.78,-73.9606,5.6572
Antioquia,Envigado,Estacion_20,2021,2,27.74,15.43,-73.8421,4.5987
Bogotá D.C.,Bogotá,Estacion_13,2020,12,65.98,33.68,-74.3971,8.3833
Antioquia,Medellín,Estacion_22,2018,9,38.11,15.74,-73.3001,6.8118
Huila,Neiva,Estacion_08,2024,10,39.89,20.48,-74.0716,6.9967
Huila,Neiva,Estacion_11,2023,11,14.6,8.7,-74.0918,6.2974
Atlántico,Barranquilla,Estacion_04,2018,10,30.4,18.55,-73.1913,4.8819
Norte de Santander,Cúcuta,Estacion_12,2021,8,15.42,8.96,-74.1108,5.7021
Bogotá D.C.,Bogotá,Estacion_05,2020,10,21.34,10.2,-73.2296,9.4285
Valle del Cauca,Palmira,Estacion_10,2022,6,64.28,41.3,-73.9646,8.6037
Valle del Cauca,Cali,Estacion_08,2022,9,57.84,26.03,-73.183,9.4968
Boyacá,Tunja,Estacion_22,2021,12,22.82,13.07,-74.0652,8.8469
Huila,Neiva,Estacion_20,2020,7,31.65,19.59,-73.1789,7.4715
Bogotá D.C.,Bogotá,Estacion_23,2019,8,60.57,27.85,-73.5308,10.6681
Boyacá,Duitama,Estacion_07,2021,3,35.8,14.41,-74.2842,7.8828
Valle del Cauca,Palmira,Estacion_15,2019,11,52.24,30.89,-74.9122,4.2078
Atlántico,Soledad,Estacion_06,2019,5,32.34,17.42,-74.6429,4.1504
Santander,Bucaramanga,Estacion_01,2024,11,21.59,9.38,-73.6903,10.1951
Boyacá,Tunja,Estacion_10,2021,4,25.11,11.12,-73.9461,9.5932
Huila,Neiva,Estacion_29,2023,2,45.58,19.58,-73.2346,4.9156
Atlántico,Barranquilla,Estacion_18,2021,12,20.72,13.35,-74.5109,4.3234
Huila,Neiva,Estacion_28,2022,5,49.42,29.52,-74.3446,4.3728
Santander,Bucaramanga,Estacion_28,2022,10,42.75,17.97,-74.0587,8.6445
Antioquia,Medellín,Estacion_17,2021,11,28.24,16.6,-74.2515,7.6322
Valle del Cauca,Palmira,Estacion_23,2020,9,44.29,20.69,-74.1981,10.4483
Huila,Neiva,Estacion_07,2019,4,12.64,6.48,-74.5312,5.5302
Cundinamarca,Zipaquirá,Estacion_19,2019,6,34.82,20.47,-74.4099,7.6317
Atlántico,Barranquilla,Estacion_15,2022,10,41.31,20.0,-74.0977,7.0275
Boyacá,Duitama,Estacion_11,2020,7,51.0,23.79,-74.8482,10.3103
Santander,Bucaramanga,Estacion_26,2020,4,37.51,15.93,-74.8573,4.268
Atlántico,Soledad,Estacion_07,2023,6,35.0,20.72,-73.3091,5.3345
Huila,Neiva,Estacion_28,2024,12,59.81,34.99,-73.1752,4.0597
Santander,Floridablanca,Estacion_27,2020,7,61.26,36.11,-74.9762,8.5786
Valle del Cauca,Palmira,Estacion_08,2019,12,46.93,24.34,-73.9683,9.5018
Bolívar,Cartagena,Estacion_11,2024,2,31.26,18.52,-73.6041,5.4671
Bolívar,Cartagena,Estacion_12,2019,10,43.93,27.17,-74.3889,9.1646
Bolívar,Cartagena,Estacion_11,2019,7,12.61,7.45,-73.619,6.0975
Huila,Neiva,Estacion_19,2024,1,46.28,29.18,-74.6926,10.6685
Boyacá,Duitama,Estacion_13,2019,7,48.65,25.23,-74.3423,10.7336
Santander,Bucaramanga,Estacion_06,2018,11,40.78,21.95,-74.9359,8.8232
Bolívar,Cartagena,Estacion_06,2019,2,47.57,21.48,-74.4178,7.6708
Bolívar,Cartagena,Estacion_12,2022,1,27.17,12.04,-73.2806,6.876
Valle del Cauca,Cali,Estacion_05,2022,7,53.72,33.11,-74.7401,5.4397
Cundinamarca,Zipaquirá,Estacion_06,2022,10,35.77,22.71,-73.825,7.5173
Bolívar,Cartagena,Estacion_07,2018,3,8.62,4.75,-74.5063,6.3022
Huila,Neiva,Estacion_15,2021,10,44.36,18.18,-74.8178,8.5241
Bolívar,Cartagena,Estacion_23,2024,12,38.93,23.59,-73.3003,6.9054
Valle del Cauca,Palmira,Estacion_15,2021,11,33.34,18.08,-74.2129,10.6198
Atlántico,Barranquilla,Estacion_09,2023,9,26.31,15.12,-73.5552,5.5208
Bolívar,Cartagena,Estacion_25,2022,2,67.26,43.64,-74.8469,4.7366
Boyacá,Duitama,Estacion_15,2019,5,36.2,14.72,-73.7223,8.7294
Bolívar,Cartagena,Estacion_11,2023,7,39.37,24.17,-74.2067,4.0752
Antioquia,Envigado,Estacion_30,2019,6,26.95,13.89,-74.8349,8.5992
Bolívar,Cartagena,Estacion_16,2024,5,20.3,12.39,-74.6588,4.1265
Antioquia,Medellín,Estacion_10,2018,9,34.51,19.6,-74.9776,5.9128
Bolívar,Cartagena,Estacion_06,2019,12,25.9,10.58,-73.6499,5.5132
Bogotá D.C.,Bogotá,Estacion_13,2023,5,26.72,13.21,-74.5965,5.7479
Atlántico,Barranquilla,Estacion_03,2018,7,41.98,17.09,-74.9709,9.7437
Antioquia,Medellín,Estacion_29,2018,11,39.47,19.89,-74.7846,6.29
Norte de Santander,Cúcuta,Estacion_20,2019,9,42.89,21.39,-74.1442,5.6269
Antioquia,Bello,Estacion_11,2019,1,24.32,12.09,-74.0824,4.4621
Santander,Floridablanca,Estacion_02,2018,4,42.54,21.39,-73.4649,7.497
Antioquia,Envigado,Estacion_18,2024,10,52.96,29.13,-73.0372,8.8742
Valle del Cauca,Palmira,Estacion_06,2023,12,83.16,50.97,-74.0357,6.3457
Huila,Neiva,Estacion_13,2022,11,34.09,19.64,-74.9734,4.1485
Antioquia,Bello,Estacion_08,2023,7,17.28,10.18,-73.7605,4.4195
Boyacá,Duitama,Estacion_10,2019,3,19.73,9.07,-73.5494,10.9199
Bolívar,Cartagena,Estacion_05,2020,6,50.13,28.12,-73.479,7.6461
Cundinamarca,Zipaquirá,Estacion_25,2018,4,42.7,19.67,-73.9214,10.3464
Atlántico,Barranquilla,Estacion_20,2024,7,23.96,12.71,-74.6329,8.4085
Antioquia,Bello,Estacion_03,2019,1,29.5,13.31,-74.8165,8.1484
Atlántico,Barranquilla,Estacion_17,2018,7,28.81,16.75,-74.3771,9.0517
Atlántico,Soledad,Estacion_06,2022,4,28.56,18.33,-74.5972,10.037
Bolívar,Cartagena,Estacion_12,2021,7,53.58,23.68,-74.1172,7.537
Cundinamarca,Soacha,Estacion_27,2024,8,49.59,30.42,-73.4823,10.4507
Huila,Neiva,Estacion_18,2023,3,36.83,17.1,-74.0727,7.1752
Cundinamarca,Zipaquirá,Estacion_03,2020,3,32.83,20.65,-74.9916,10.0316
Boyacá,Duitama,Estacion_13,2021,7,25.34,16.28,-74.2537,7.4269
Huila,Neiva,Estacion_14,2018,2,20.48,9.19,-74.1274,5.7868
Boyacá,Duitama,Estacion_21,2023,6,47.83,27.46,-73.6982,10.4856
Atlántico,Barranquilla,Estacion_16,2018,6,19.67,11.3,-73.7093,5.8293
Bolívar,Cartagena,Estacion_09,2019,10,18.48,10.06,-73.6748,5.13
Antioquia,Medellín,Estacion_21,2023,7,19.05,11.91,-73.9629,5.3218
Cundinamarca,Soacha,Estacion_27,2021,5,46.95,26.9,-73.9987,7.7324
Cundinamarca,Zipaquirá,Estacion_24,2021,12,39.92,21.68,-73.4049,9.6996
Santander,Bucaramanga,Estacion_30,2023,7,29.72,17.08,-74.9872,5.1788
Bolívar,Cartagena,Estacion_04,2018,12,21.45,10.13,-74.1381,5.2348
Valle del Cauca,Cali,Estacion_07,2021,3,60.23,25.75,-73.8658,5.488
Atlántico,Barranquilla,Estacion_24,2019,4,33.1,16.62,-73.7463,8.371
Valle del Cauca,Cali,Estacion_10,2018,7,79.16,32.94,-74.9407,5.6435
Bolívar,Cartagena,Estacion_01,2018,5,35.02,19.11,-73.0248,4.6779
Norte de Santander,Cúcuta,Estacion_13,2022,9,33.19,21.46,-73.4773,10.5249
Bolívar,Cartagena,Estacion_20,2021,6,13.31,8.65,-73.3663,10.5869
Cundinamarca,Zipaquirá,Estacion_20,2018,6,57.87,35.78,-73.3875,4.0216
Cundinamarca,Soacha,Estacion_01,2022,2,43.26,24.87,-73.3699,6.579
Huila,Neiva,Estacion_17,2021,11,26.1,11.67,-73.0276,10.7028
Boyacá,Tunja,Estacion_21,2020,1,59.03,33.62,-74.5329,7.3918
Huila,Neiva,Estacion_12,2021,8,30.35,19.63,-73.2858,10.3364
Cundinamarca,Zipaquirá,Estacion_20,2019,12,46.3,25.14,-73.2864,7.5325
Valle del Cauca,Palmira,Estacion_26,2018,5,71.72,46.55,-73.0256,7.2676
Bolívar,Cartagena,Estacion_16,2023,9,35.59,20.94,-73.6805,4.626
Cundinamarca,Soacha,Estacion_06,2020,7,45.33,26.82,-74.5592,5.8034
Bolívar,Cartagena,Estacion_22,2019,9,23.34,13.98,-74.3344,5.5666
Huila,Neiva,Estacion_21,2020,7,22.01,13.81,-73.5141,9.0752
Norte de Santander,Cúcuta,Estacion_26,2019,4,34.29,14.67,-74.3195,8.1454
Atlántico,Barranquilla,Estacion_19,2020,3,47.42,29.08,-73.0919,8.0384
Bogotá D.C.,Bogotá,Estacion_02,2022,9,56.84,33.7,-73.405,10.5375
Valle del Cauca,Cali,Estacion_04,2021,1,66.89,34.46,-74.7106,10.6002
Atlántico,Soledad,Estacion_22,2021,3,28.23,15.99,-73.3974,8.9208
Huila,Neiva,Estacion_10,2022,12,29.99,12.92,-73.0063,8.9457
Bolívar,Cartagena,Estacion_16,2020,12,40.11,24.17,-74.6946,9.0174
Atlántico,Barranquilla,Estacion_30,2024,3,33.91,20.83,-73.5452,6.0937
Valle del Cauca,Cali,Estacion_18,2021,6,35.21,17.53,-74.8564,9.0873
Santander,Bucaramanga,Estacion_23,2024,9,42.96,21.41,-74.7382,9.2659
Huila,Neiva,Estacion_28,2023,5,26.35,11.45,-73.6081,6.0376
Valle del Cauca,Cali,Estacion_07,2024,12,50.3,28.31,-74.2755,9.993
Antioquia,Envigado,Estacion_26,2024,3,5.0,3.0,-74.6636,4.3943
Boyacá,Duitama,Estacion_06,2018,2,64.92,41.88,-73.6998,8.1537
Valle del Cauca,Palmira,Estacion_08,2018,2,56.32,35.97,-73.6944,6.6276
Antioquia,Bello,Estacion_28,2024,11,52.34,25.94,-73.7353,7.1158
Bogotá D.C.,Bogotá,Estacion_04,2018,2,30.4,12.34,-73.854,8.0084
Santander,Bucaramanga,Estacion_26,2022,3,36.51,18.11,-73.0001,8.9192
Santander,Bucaramanga,Estacion_04,2020,2,28.26,15.1,-74.1893,8.9052
Cundinamarca,Zipaquirá,Estacion_03,2022,10,5.91,3.16,-73.3623,8.5619
Atlántico,Barranquilla,Estacion_06,2024,10,34.48,17.65,-74.3714,4.274
Huila,Neiva,Estacion_21,2019,2,33.54,18.13,-73.2971,4.245
Antioquia,Envigado,Estacion_10,2020,9,54.5,30.77,-74.5033,4.3232
Norte de Santander,Cúcuta,Estacion_22,2022,8,71.32,31.02,-74.0191,6.1906
Boyacá,Tunja,Estacion_23,2018,11,39.68,17.74,-74.4006,9.8284
Valle del Cauca,Cali,Estacion_19,2020,5,36.94,20.52,-74.8513,5.7848
Cundinamarca,Soacha,Estacion_13,2021,2,56.19,35.68,-74.7135,5.4263
Santander,Bucaramanga,Estacion_23,2020,10,27.33,15.42,-73.359,8.2346
Cundinamarca,Soacha,Estacion_11,2024,7,6.98,3.22,-74.4597,7.7203
Norte de Santander,Cúcuta,Estacion_03,2020,11,61.67,26.04,-73.1815,9.4465
Valle del Cauca,Cali,Estacion_09,2018,2,22.38,9.54,-73.1487,5.2301
Santander,Floridablanca,Estacion_04,2022,6,62.55,35.97,-73.2692,7.8608
Huila,Neiva,Estacion_29,2018,3,24.62,10.96,-73.3878,8.7447
Norte de Santander,Cúcuta,Estacion_16,2022,3,57.79,26.86,-73.6267,8.9926
Valle del Cauca,Cali,Estacion_13,2022,12,50.93,25.08,-73.4449,8.7475
Cundinamarca,Zipaquirá,Estacion_06,2021,6,68.38,41.0,-73.9955,5.9308
Cundinamarca,Soacha,Estacion_10,2023,2,49.5,23.67,-74.8197,4.5563
Atlántico,Barranquilla,Estacion_06,2022,1,30.03,12.65,-74.4283,10.5071
Bogotá D.C.,Bogotá,Estacion_22,2022,12,66.8,38.02,-73.9352,4.8728
Bogotá D.C.,Bogotá,Estacion_30,2024,12,58.42,29.57,-73.9314,6.4154
Norte de Santander,Cúcuta,Estacion_20,2021,3,20.84,11.06,-74.5499,4.5259
Valle del Cauca,Palmira,Estacion_02,2021,8,23.1,11.4,-74.7735,10.3983
Atlántico,Barranquilla,Estacion_10,2020,8,32.19,18.82,-73.8623,5.5222
Santander,Bucaramanga,Estacion_30,2021,10,45.0,27.54,-74.885,4.0412
Bolívar,Cartagena,Estacion_10,2020,2,66.51,29.7,-74.2909,4.7094
Bolívar,Cartagena,Estacion_03,2022,9,36.02,22.5,-74.1786,10.3918
Bogotá D.C.,Bogotá,Estacion_25,2023,5,51.74,26.24,-74.6356,9.6808
Antioquia,Bello,Estacion_22,2024,8,49.88,21.97,-74.2925,7.0377
Boyacá,Tunja,Estacion_04,2019,5,49.55,29.04,-73.198,5.1222
Atlántico,Soledad,Estacion_22,2020,2,38.76,19.58,-73.8998,9.5987
Valle del Cauca,Palmira,Estacion_25,2024,7,23.63,11.75,-74.7805,4.7552
Bogotá D.C.,Bogotá,Estacion_05,2020,9,44.81,25.59,-74.8959,9.8089
Cundinamarca,Soacha,Estacion_14,2021,5,33.75,17.12,-73.7648,9.1047
Valle del Cauca,Cali,Estacion_09,2024,2,64.06,41.55,-74.5053,9.7443
Atlántico,Soledad,Estacion_23,2024,2,29.65,13.2,-73.0149,8.1384
Valle del Cauca,Cali,Estacion_04,2019,7,28.68,18.57,-73.1418,6.9841
Huila,Neiva,Estacion_03,2024,1,21.63,12.44,-73.0398,5.5524
Cundinamarca,Zipaquirá,Estacion_02,2022,7,47.5,26.65,-74.3914,5.8847
Santander,Floridablanca,Estacion_23,2021,4,33.01,13.54,-74.8957,9.2133
Atlántico,Soledad,Estacion_16,2020,10,39.24,16.68,-74.6303,10.6383
Boyacá,Duitama,Estacion_10,2018,2,23.92,14.18,-74.7394,6.524
Boyacá,Duitama,Estacion_08,2023,5,15.15,6.86,-74.2319,10.2104
Valle del Cauca,Cali,Estacion_02,2022,11,55.72,23.66,-73.1164,8.3331
Santander,Floridablanca,Estacion_25,2019,9,26.05,15.11,-74.9124,5.3419
Norte de Santander,Cúcuta,Estacion_29,2024,9,66.45,34.03,-73.5653,10.3759
Antioquia,Bello,Estacion_14,2022,9,30.04,17.96,-74.6661,5.919
Valle del Cauca,Palmira,Estacion_02,2022,1,62.46,31.19,-73.6306,10.0918
Antioquia,Medellín,Estacion_15,2024,9,12.81,6.35,-73.4413,6.8059
Santander,Bucaramanga,Estacion_06,2018,3,16.93,6.81,-73.1427,7.5896
Norte de Santander,Cúcuta,Estacion_10,2024,4,26.23,12.44,-74.463,4.8337
Atlántico,Barranquilla,Estacion_18,2019,5,43.24,26.85,-73.1455,5.893
Bogotá D.C.,Bogotá,Estacion_27,2019,9,48.81,27.44,-73.7346,10.8055
Boyacá,Tunja,Estacion_23,2022,5,32.32,17.87,-74.3507,4.4008
Bogotá D.C.,Bogotá,Estacion_08,2023,5,32.52,20.91,-73.9252,10.8513
Huila,Neiva,Estacion_24,2023,12,18.89,11.66,-73.7314,7.8561
Bolívar,Cartagena,Estacion_11,2020,4,49.76,27.14,-73.3845,9.2703
Valle del Cauca,Palmira,Estacion_08,2023,12,44.41,23.27,-74.0812,9.7092
Valle del Cauca,Cali,Estacion_19,2021,12,51.14,24.06,-74.3797,10.1968
Cundinamarca,Soacha,Estacion_03,2019,2,20.21,11.34,-74.195,9.0701
Valle del Cauca,Cali,Estacion_20,2018,7,58.13,24.85,-74.9729,9.8136
Bogotá D.C.,Bogotá,Estacion_08,2024,2,50.07,29.95,-74.9812,9.5416
Norte de Santander,Cúcuta,Estacion_28,2023,2,70.22,31.64,-74.0391,7.94
Bolívar,Cartagena,Estacion_10,2020,8,37.87,21.7,-73.745,4.8615
Bogotá D.C.,Bogotá,Estacion_18,2020,2,56.87,34.64,-74.7163,10.3852
Bogotá D.C.,Bogotá,Estacion_14,2021,3,51.37,29.34,-73.6265,9.004
Antioquia,Bello,Estacion_06,2018,4,44.83,19.07,-73.0883,6.5012
Huila,Neiva,Estacion_04,2020,2,51.19,22.75,-73.939,8.1973
Cundinamarca,Soacha,Estacion_29,2023,11,22.54,10.72,-73.3649,6.4387
Antioquia,Bello,Estacion_30,2021,11,26.98,16.91,-73.4026,9.522
Valle del Cauca,Cali,Estacion_11,2019,7,60.33,36.15,-73.0473,9.7025
Antioquia,Envigado,Estacion_14,2023,5,43.14,18.63,-73.4649,6.4683
Bolívar,Cartagena,Estacion_16,2023,7,45.45,25.02,-73.7268,4.9675
Atlántico,Soledad,Estacion_14,2022,8,18.04,9.63,-74.5398,4.5853
Cundinamarca,Soacha,Estacion_23,2018,4,30.79,15.1,-74.5934,9.9542
Boyacá,Duitama,Estacion_05,2018,1,47.05,28.81,-73.4427,4.9754
Bolívar,Cartagena,Estacion_27,2024,9,27.5,17.68,-73.1741,5.6975
Atlántico,Barranquilla,Estacion_24,2019,2,57.74,28.54,-74.9473,10.7544
Boyacá,Tunja,Estacion_23,2018,11,29.47,16.07,-74.0463,8.1575
Valle del Cauca,Cali,Estacion_05,2020,3,58.82,35.49,-74.7006,5.277
Valle del Cauca,Palmira,Estacion_16,2021,12,52.92,31.51,-73.6095,6.0074
Valle del Cauca,Cali,Estacion_29,2023,1,40.06,19.99,-74.1528,10.6377
Bolívar,Cartagena,Estacion_30,2022,9,29.36,13.99,-74.5454,10.5202
Santander,Bucaramanga,Estacion_17,2021,3,34.35,14.22,-74.2154,9.7575
Norte de Santander,Cúcuta,Estacion_27,2023,8,19.84,10.3,-73.6946,6.8357
Cundinamarca,Soacha,Estacion_02,2024,6,29.03,12.4,-74.8444,8.2223
Boyacá,Tunja,Estacion_08,2020,3,27.14,14.53,-74.8694,8.1798
Santander,Bucaramanga,Estacion_18,2019,11,45.04,18.97,-73.8598,4.3141
Bolívar,Cartagena,Estacion_02,2020,2,30.21,19.21,-74.983,6.4965
Santander,Floridablanca,Estacion_17,2019,6,35.28,22.7,-73.5947,4.6817
Cundinamarca,Soacha,Estacion_17,2024,3,10.88,4.42,-73.4079,7.3387
Bogotá D.C.,Bogotá,Estacion_06,2019,11,16.02,9.29,-73.2312,9.6523
Valle del Cauca,Cali,Estacion_17,2022,12,61.3,32.54,-73.4627,7.1324
Valle del Cauca,Palmira,Estacion_10,2020,10,68.2,40.48,-74.2247,5.4617
Huila,Neiva,Estacion_05,2022,11,22.47,14.57,-74.8052,4.1046
Santander,Bucaramanga,Estacion_16,2018,8,21.37,9.41,-74.4398,6.5433
Antioquia,Medellín,Estacion_06,2023,8,67.21,31.22,-74.0535,5.7922
Bolívar,Cartagena,Estacion_04,2022,8,63.78,31.9,-73.286,10.42
Valle del Cauca,Palmira,Estacion_12,2022,10,66.59,32.86,-73.6356,7.5416
Santander,Bucaramanga,Estacion_20,2023,1,34.37,20.8,-74.9841,9.9714
Santander,Floridablanca,Estacion_06,2022,7,23.78,14.59,-74.5539,10.1191
Antioquia,Bello,Estacion_15,2021,11,7.97,3.41,-74.6395,4.7584
Cundinamarca,Zipaquirá,Estacion_07,2021,6,28.94,12.04,-74.3152,8.2306
Atlántico,Soledad,Estacion_04,2020,8,43.48,22.5,-73.7196,6.2413
Bogotá D.C.,Bogotá,Estacion_02,2024,6,58.92,37.98,-74.5732,5.4805
Bogotá D.C.,Bogotá,Estacion_09,2020,11,52.82,22.21,-73.2524,7.1599
Cundinamarca,Soacha,Estacion_22,2020,3,42.42,25.78,-74.8151,10.3115
Boyacá,Duitama,Estacion_06,2019,6,51.06,27.26,-73.4323,10.7591
Cundinamarca,Zipaquirá,Estacion_30,2023,10,28.87,14.36,-74.9801,9.4815
Huila,Neiva,Estacion_03,2023,11,27.61,15.63,-73.353,9.1405
Boyacá,Tunja,Estacion_05,2021,3,31.03,16.29,-74.3672,9.5441
Cundinamarca,Zipaquirá,Estacion_17,2023,1,70.84,43.52,-73.7314,8.4724
Huila,Neiva,Estacion_02,2019,12,32.35,20.86,-74.1596,7.8226
Valle del Cauca,Palmira,Estacion_07,2020,4,91.93,37.1,-73.3724,4.1133
Santander,Bucaramanga,Estacion_23,2021,11,23.19,15.07,-74.1719,6.4621
Norte de Santander,Cúcuta,Estacion_17,2024,6,42.06,21.33,-74.6462,8.1642
Norte de Santander,Cúcuta,Estacion_13,2020,11,41.1,23.51,-74.125,5.9827
Huila,Neiva,Estacion_03,2024,2,37.31,23.62,-74.7926,9.2496
Huila,Neiva,Estacion_21,2021,9,36.46,19.88,-74.9347,6.0293
Cundinamarca,Soacha,Estacion_08,2024,8,27.99,17.19,-73.0989,6.4543
Bolívar,Cartagena,Estacion_30,2024,11,32.64,18.8,-73.5177,4.0532
Boyacá,Tunja,Estacion_17,2020,5,43.55,26.55,-73.4097,6.903
Atlántico,Barranquilla,Estacion_29,2021,1,26.93,10.88,-74.6932,6.6208
Norte de Santander,Cúcuta,Estacion_11,2019,10,46.15,29.69,-74.6147,8.511
Bogotá D.C.,Bogotá,Estacion_05,2023,7,59.16,26.23,-73.1917,7.6209
Cundinamarca,Soacha,Estacion_04,2023,3,13.81,8.23,-73.3139,8.3912
Santander,Bucaramanga,Estacion_11,2019,2,34.43,14.57,-74.1252,8.4023
Huila,Neiva,Estacion_01,2022,12,5.0,3.0,-74.9494,9.1392
Bolívar,Cartagena,Estacion_06,2019,11,24.11,15.06,-74.4062,7.7479
Atlántico,Soledad,Estacion_25,2020,11,40.92,17.84,-74.9537,10.8936
Antioquia,Medellín,Estacion_15,2022,2,36.99,15.79,-74.4351,10.2622
Antioquia,Medellín,Estacion_16,2024,6,43.74,18.6,-73.4091,6.8962
Bolívar,Cartagena,Estacion_07,2023,7,29.66,14.65,-74.3728,10.3581
Valle del Cauca,Cali,Estacion_10,2018,3,46.43,19.93,-74.3144,6.4275
Huila,Neiva,Estacion_06,2022,12,17.14,7.95,-74.7568,8.2428
Norte de Santander,Cúcuta,Estacion_17,2022,3,38.0,23.74,-74.941,4.97
Antioquia,Envigado,Estacion_23,2019,5,48.97,22.94,-74.6015,4.6438
Norte de Santander,Cúcuta,Estacion_15,2023,8,5.0,3.15,-74.4998,5.3851
Santander,Floridablanca,Estacion_04,2022,10,49.19,23.51,-73.4118,10.6763
Bolívar,Cartagena,Estacion_29,2021,7,25.18,12.08,-74.7849,6.6813
Atlántico,Soledad,Estacion_12,2023,2,28.2,14.45,-73.2211,10.7067
Santander,Floridablanca,Estacion_10,2022,11,52.56,26.26,-74.7707,9.6633
Cundinamarca,Soacha,Estacion_12,2019,2,29.34,13.31,-74.2567,5.0153
Boyacá,Tunja,Estacion_01,2020,12,48.36,24.97,-73.4095,10.2912
Norte de Santander,Cúcuta,Estacion_13,2020,10,35.92,16.27,-74.5651,7.9267
Huila,Neiva,Estacion_19,2023,7,28.37,17.12,-74.6037,4.3476
Bolívar,Cartagena,Estacion_02,2020,7,20.4,8.77,-74.0944,8.21
Huila,Neiva,Estacion_08,2022,1,30.29,18.6,-73.0241,10.3815
Santander,Bucaramanga,Estacion_27,2021,1,56.03,34.96,-73.1639,4.2738
Bogotá D.C.,Bogotá,Estacion_16,2018,7,54.29,27.15,-73.8871,6.1922
Huila,Neiva,Estacion_13,2020,12,23.15,14.95,-74.0133,8.4877
Antioquia,Bello,Estacion_20,2018,1,39.56,17.2,-73.0129,10.0297
Cundinamarca,Soacha,Estacion_06,2018,4,62.65,36.4,-73.3754,9.713
Norte de Santander,Cúcuta,Estacion_30,2023,1,33.4,14.29,-73.1057,4.5253
Boyacá,Duitama,Estacion_09,2023,3,61.25,38.66,-73.8331,4.8393
Boyacá,Tunja,Estacion_25,2022,7,20.47,10.86,-74.519,7.3455
Bolívar,Cartagena,Estacion_11,2024,12,18.11,9.43,-74.8164,9.3634
Antioquia,Bello,Estacion_18,2024,4,21.83,9.86,-74.844,10.8024
Bogotá D.C.,Bogotá,Estacion_01,2023,4,31.42,15.59,-74.0247,6.3832
Huila,Neiva,Estacion_25,2020,12,26.68,14.04,-73.1717,5.5315
Boyacá,Duitama,Estacion_15,2024,10,37.47,19.8,-73.44,5.3157
Santander,Floridablanca,Estacion_06,2023,5,53.78,22.88,-74.0781,4.7502
Antioquia,Medellín,Estacion_01,2021,3,29.09,13.58,-74.0475,7.7162
Boyacá,Duitama,Estacion_04,2022,2,28.68,14.32,-74.1383,6.3362
Bolívar,Cartagena,Estacion_12,2018,1,43.21,24.29,-73.536,6.9581
Santander,Bucaramanga,Estacion_13,2019,10,31.67,16.77,-74.7816,4.3491
Atlántico,Barranquilla,Estacion_08,2018,1,55.24,34.46,-73.8495,5.6714
Norte de Santander,Cúcuta,Estacion_09,2019,10,30.24,15.07,-74.5602,9.7685
Santander,Floridablanca,Estacion_07,2019,4,20.49,9.98,-74.424,8.1742
Bogotá D.C.,Bogotá,Estacion_06,2022,12,40.09,22.93,-74.6595,8.7701
Valle del Cauca,Cali,Estacion_11,2021,3,42.36,24.0,-74.1442,4.1458
Santander,Bucaramanga,Estacion_06,2023,1,5.0,3.0,-74.0234,5.7326
Antioquia,Medellín,Estacion_27,2018,10,12.93,7.37,-74.4187,5.598
Norte de Santander,Cúcuta,Estacion_25,2019,2,56.91,27.54,-74.0187,6.4555
Norte de Santander,Cúcuta,Estacion_22,2021,5,50.91,25.0,-74.9729,6.4684
Boyacá,Duitama,Estacion_04,2020,11,13.72,6.0,-74.1794,5.5418
Valle del Cauca,Palmira,Estacion_16,2018,4,51.07,29.31,-74.1386,5.4442
Antioquia,Medellín,Estacion_30,2021,11,44.35,24.69,-73.9102,10.3867
Norte de Santander,Cúcuta,Estacion_09,2023,6,42.53,26.45,-74.2179,6.9211
Santander,Floridablanca,Estacion_07,2018,10,21.35,11.81,-74.1331,7.1852
Boyacá,Duitama,Estacion_04,2018,8,33.27,21.02,-74.7057,8.7665
Norte de Santander,Cúcuta,Estacion_20,2022,11,44.04,18.33,-74.4105,7.177
Atlántico,Soledad,Estacion_27,2022,2,49.78,20.57,-74.3884,7.0123
Bogotá D.C.,Bogotá,Estacion_09,2019,6,71.56,45.77,-73.8785,10.6758
Santander,Bucaramanga,Estacion_24,2019,7,16.84,9.2,-74.8386,5.532
Bolívar,Cartagena,Estacion_08,2024,11,24.76,15.89,-74.8037,5.8288
Santander,Floridablanca,Estacion_06,2022,7,23.08,13.15,-74.355,8.0472
Atlántico,Soledad,Estacion_05,2021,9,38.99,18.49,-73.1458,7.2281
Valle del Cauca,Palmira,Estacion_26,2024,7,58.6,31.15,-73.6117,7.5267
Boyacá,Duitama,Estacion_12,2021,8,21.47,8.74,-73.8822,10.7024
Cundinamarca,Soacha,Estacion_25,2019,10,42.38,26.56,-73.4267,8.0623
Boyacá,Tunja,Estacion_20,2022,10,38.58,23.58,-74.7481,8.6906
Bolívar,Cartagena,Estacion_27,2018,2,31.54,13.05,-73.3402,8.5492
Boyacá,Tunja,Estacion_27,2020,10,21.63,8.98,-73.5191,8.7209
Bogotá D.C.,Bogotá,Estacion_17,2019,9,57.67,30.21,-74.5529,8.7298
Valle del Cauca,Palmira,Estacion_21,2020,12,53.98,30.87,-74.7706,4.0002
Huila,Neiva,Estacion_17,2018,4,34.88,15.73,-74.0525,9.8291
Bolívar,Cartagena,Estacion_02,2018,5,5.0,3.03,-73.3166,7.827
Huila,Neiva,Estacion_28,2023,10,59.11,25.46,-74.7075,4.1516
Valle del Cauca,Cali,Estacion_06,2022,12,49.09,23.19,-74.8,8.1213
Boyacá,Duitama,Estacion_13,2021,12,25.47,15.28,-74.0721,9.6945
Valle del Cauca,Cali,Estacion_10,2021,2,47.49,26.66,-73.2136,8.3391
Bogotá D.C.,Bogotá,Estacion_05,2021,12,51.0,20.52,-74.6834,7.5045
Norte de Santander,Cúcuta,Estacion_12,2023,9,30.83,17.39,-74.2963,9.0345
Boyacá,Duitama,Estacion_23,2024,3,38.43,18.05,-73.4748,6.1205
Cundinamarca,Soacha,Estacion_30,2024,11,5.0,3.0,-74.6393,8.9595
Norte de Santander,Cúcuta,Estacion_05,2023,6,38.92,21.3,-73.8386,8.0915
Cundinamarca,Soacha,Estacion_02,2018,12,38.65,16.49,-73.1315,7.3349
Atlántico,Barranquilla,Estacion_04,2019,12,40.69,25.35,-73.4884,6.9404
Antioquia,Medellín,Estacion_20,2020,2,59.29,30.26,-74.2514,8.4191
Bogotá D.C.,Bogotá,Estacion_11,2018,12,57.56,24.94,-73.7252,7.8953
Atlántico,Soledad,Estacion_16,2021,11,32.74,14.42,-73.3723,9.6607
Atlántico,Barranquilla,Estacion_19,2018,11,44.8,28.67,-74.8076,4.2327
Valle del Cauca,Cali,Estacion_12,2024,7,22.84,13.03,-73.0845,9.098
Norte de Santander,Cúcuta,Estacion_07,2024,4,22.52,12.22,-74.0525,6.4647
Huila,Neiva,Estacion_26,2018,8,21.91,9.15,-74.8437,9.4767
Santander,Bucaramanga,Estacion_04,2021,4,41.41,17.1,-73.9189,4.1578
Santander,Floridablanca,Estacion_13,2023,6,62.66,40.23,-74.8504,8.0275
Norte de Santander,Cúcuta,Estacion_13,2022,1,47.58,25.53,-73.2164,8.0794
Santander,Bucaramanga,Estacion_02,2020,7,34.08,20.15,-74.7214,7.8296
Boyacá,Tunja,Estacion_08,2021,2,48.51,29.17,-73.8723,8.27
Bogotá D.C.,Bogotá,Estacion_03,2021,10,55.99,29.1,-74.7411,9.0633
Antioquia,Medellín,Estacion_16,2022,4,5.0,3.0,-74.137,6.1239
Atlántico,Barranquilla,Estacion_30,2018,1,39.05,20.83,-73.2794,8.7736
Bogotá D.C.,Bogotá,Estacion_02,2021,7,28.34,14.38,-74.1463,4.9644
Bolívar,Cartagena,Estacion_29,2022,6,26.79,16.86,-74.5237,4.6439
Bogotá D.C.,Bogotá,Estacion_14,2023,9,64.55,41.81,-74.9702,9.0388
Bogotá D.C.,Bogotá,Estacion_02,2019,8,52.14,29.4,-74.5115,6.0469
Huila,Neiva,Estacion_16,2023,2,39.07,22.04,-74.8472,10.5686
Atlántico,Soledad,Estacion_23,2023,6,58.75,30.01,-74.3946,6.5685
Norte de Santander,Cúcuta,Estacion_28,2023,4,17.2,9.15,-74.4649,8.8844
Norte de Santander,Cúcuta,Estacion_02,2020,7,29.23,13.74,-74.5929,4.9599
Norte de Santander,Cúcuta,Estacion_10,2023,9,14.89,6.74,-74.2552,9.7147
Valle del Cauca,Cali,Estacion_08,2023,8,37.01,19.42,-74.9325,5.9458
Cundinamarca,Zipaquirá,Estacion_27,2018,1,21.66,10.18,-73.7805,7.4675
Cundinamarca,Zipaquirá,Estacion_15,2018,4,37.63,19.11,-74.8955,6.136
Norte de Santander,Cúcuta,Estacion_30,2018,10,44.21,26.02,-74.3276,9.7971
Santander,Bucaramanga,Estacion_25,2018,6,31.83,19.62,-73.4348,10.5
Bogotá D.C.,Bogotá,Estacion_18,2021,12,38.32,18.08,-73.0182,7.7433
Cundinamarca,Zipaquirá,Estacion_06,2021,8,34.06,14.75,-74.9696,9.5971
Santander,Bucaramanga,Estacion_08,2024,9,5.0,3.0,-73.8578,4.2702
Santander,Floridablanca,Estacion_09,2023,5,40.53,22.37,-74.7514,7.9791
Boyacá,Duitama,Estacion_28,2019,8,8.22,4.24,-74.1202,7.2651
Boyacá,Duitama,Estacion_21,2024,9,36.05,22.88,-74.4471,8.2723
Boyacá,Tunja,Estacion_15,2019,5,40.11,23.72,-74.4477,10.0834
Valle del Cauca,Cali,Estacion_21,2019,3,63.61,35.85,-74.6315,7.547
Bolívar,Cartagena,Estacion_02,2022,12,19.14,8.75,-73.0966,10.9438
Santander,Bucaramanga,Estacion_22,2024,6,30.61,14.04,-74.7817,7.5486
Antioquia,Envigado,Estacion_03,2019,4,33.86,16.3,-74.2573,9.7589
Cundinamarca,Soacha,Estacion_21,2021,5,43.3,25.85,-74.33,6.857
Boyacá,Duitama,Estacion_10,2022,1,45.44,20.0,-74.9108,10.5122
Huila,Neiva,Estacion_04,2022,4,41.4,24.64,-73.9836,8.0704
Boyacá,Tunja,Estacion_13,2024,10,18.24,7.44,-73.5475,6.6676
Antioquia,Medellín,Estacion_30,2019,10,15.4,8.27,-74.1638,9.1313
Norte de Santander,Cúcuta,Estacion_20,2021,11,34.57,18.36,-74.118,5.8843
Huila,Neiva,Estacion_30,2019,6,36.11,17.71,-74.0884,9.2373
Antioquia,Envigado,Estacion_08,2021,12,60.6,38.75,-74.1801,4.5578
Norte de Santander,Cúcuta,Estacion_30,2020,11,24.2,14.44,-74.5405,9.7947
Valle del Cauca,Cali,Estacion_25,2021,11,54.85,23.83,-74.4794,6.0082
Boyacá,Tunja,Estacion_03,2021,7,26.5,13.87,-73.2371,5.3867
Valle del Cauca,Palmira,Estacion_01,2019,2,51.01,30.17,-73.5772,7.289
Antioquia,Medellín,Estacion_28,2018,7,43.96,18.39,-73.9702,7.7052
Cundinamarca,Zipaquirá,Estacion_12,2019,7,36.36,20.88,-74.5171,6.0537
Boyacá,Duitama,Estacion_19,2022,10,53.71,22.47,-73.1586,10.6494
Cundinamarca,Zipaquirá,Estacion_24,2024,7,50.04,23.64,-74.0458,4.9422
Valle del Cauca,Cali,Estacion_05,2018,10,33.08,15.88,-74.6466,9.0577
Santander,Bucaramanga,Estacion_08,2020,8,22.61,10.97,-73.8717,10.2811
Huila,Neiva,Estacion_10,2020,7,31.07,13.54,-73.372,9.1424
Atlántico,Soledad,Estacion_17,2020,10,43.54,26.99,-74.3713,6.4314
Valle del Cauca,Cali,Estacion_10,2020,8,20.38,12.83,-73.0224,9.2743
Atlántico,Soledad,Estacion_05,2018,4,46.69,25.12,-73.9826,5.182
Huila,Neiva,Estacion_29,2022,9,35.53,21.61,-74.9484,5.422
Huila,Neiva,Estacion_24,2021,9,33.35,14.39,-74.0923,10.426
Antioquia,Bello,Estacion_29,2021,8,32.54,21.09,-73.5367,4.8152
Boyacá,Tunja,Estacion_24,2024,4,64.89,37.76,-74.3458,7.5494
Santander,Floridablanca,Estacion_21,2023,9,32.23,18.44,-73.2155,4.2685
Antioquia,Envigado,Estacion_26,2022,6,29.81,13.34,-73.8837,9.8634
Bogotá D.C.,Bogotá,Estacion_08,2019,10,29.51,13.76,-74.6971,9.6971
Bolívar,Cartagena,Estacion_05,2019,11,60.21,37.27,-73.0983,10.0001
Atlántico,Barranquilla,Estacion_14,2018,8,25.41,11.3,-74.1637,5.8415
Cundinamarca,Soacha,Estacion_21,2020,8,31.36,16.7,-73.0913,10.1452
Atlántico,Soledad,Estacion_22,2021,8,39.33,19.24,-74.0381,4.6757
Antioquia,Bello,Estacion_14,2021,6,20.67,9.55,-74.1503,5.2334
Boyacá,Tunja,Estacion_12,2023,7,27.76,14.46,-73.3906,7.4242
Cundinamarca,Soacha,Estacion_01,2020,5,10.18,5.36,-73.2204,9.4798
Bogotá D.C.,Bogotá,Estacion_09,2023,6,28.22,13.13,-74.8907,7.3985
Atlántico,Soledad,Estacion_21,2024,1,49.45,23.59,-74.1804,8.0075
Valle del Cauca,Cali,Estacion_25,2023,2,69.52,38.32,-74.9602,9.0556
Cundinamarca,Soacha,Estacion_25,2023,6,28.35,17.81,-73.4663,7.8703
Bogotá D.C.,Bogotá,Estacion_12,2022,4,79.44,46.03,-74.4196,5.1298
Boyacá,Duitama,Estacion_14,2019,9,32.34,18.87,-73.12,4.2525
Bogotá D.C.,Bogotá,Estacion_17,2021,8,57.17,31.89,-73.6239,4.2364
Antioquia,Bello,Estacion_21,2021,3,38.21,23.1,-73.2468,10.0339
Antioquia,Medellín,Estacion_17,2023,12,36.21,14.62,-73.3395,8.2341
Valle del Cauca,Cali,Estacion_24,2022,7,32.42,17.88,-74.3756,6.2661
Norte de Santander,Cúcuta,Estacion_10,2020,8,38.44,21.68,-74.0572,6.0387
Antioquia,Medellín,Estacion_14,2022,5,46.24,24.08,-73.1847,7.7324
Atlántico,Soledad,Estacion_01,2021,12,23.63,12.68,-74.7834,5.5684
Bogotá D.C.,Bogotá,Estacion_25,2019,8,59.52,32.19,-73.7144,6.327
Antioquia,Medellín,Estacion_18,2019,4,46.49,21.5,-74.7173,8.3154
Bolívar,Cartagena,Estacion_02,2024,8,21.93,10.15,-74.3771,6.3651
Valle del Cauca,Cali,Estacion_11,2023,10,24.3,10.99,-73.8752,7.4211
Bolívar,Cartagena,Estacion_21,2019,6,17.34,8.94,-74.034,7.8837
Antioquia,Medellín,Estacion_14,2023,2,17.09,7.53,-73.5037,5.1634
Bolívar,Cartagena,Estacion_02,2021,8,52.76,23.36,-73.3937,7.4104
Norte de Santander,Cúcuta,Estacion_13,2018,5,71.64,41.55,-73.2395,5.8978
Boyacá,Duitama,Estacion_19,2023,3,68.38,29.77,-73.9535,5.4312
Huila,Neiva,Estacion_17,2022,5,24.84,11.99,-73.5065,10.9733
Valle del Cauca,Cali,Estacion_17,2023,8,46.95,23.67,-74.6993,4.4693
Bogotá D.C.,Bogotá,Estacion_23,2019,4,43.55,18.09,-74.0626,5.0952
Boyacá,Tunja,Estacion_12,2023,1,17.51,11.07,-74.4508,9.7453
Cundinamarca,Zipaquirá,Estacion_12,2022,7,52.63,29.49,-74.5948,8.1485
Antioquia,Envigado,Estacion_07,2020,3,27.28,12.71,-74.7954,9.5782
Huila,Neiva,Estacion_11,2022,10,5.0,3.0,-73.7682,10.3646
Atlántico,Barranquilla,Estacion_01,2024,4,11.07,7.17,-74.8173,9.6235
Valle del Cauca,Cali,Estacion_06,2021,1,31.59,16.68,-74.1206,8.6539
Boyacá,Duitama,Estacion_17,2024,2,63.58,29.26,-74.2135,9.4174
Bolívar,Cartagena,Estacion_10,2024,9,32.53,17.94,-74.5722,5.1628
Santander,Bucaramanga,Estacion_27,2021,9,40.53,20.69,-73.6098,5.7538
Antioquia,Envigado,Estacion_29,2021,11,33.04,16.24,-74.0678,8.6903
Cundinamarca,Soacha,Estacion_20,2022,4,37.77,18.72,-74.642,9.2334
Bogotá D.C.,Bogotá,Estacion_15,2020,9,56.69,35.59,-73.1684,7.5196
Bogotá D.C.,Bogotá,Estacion_02,2023,5,73.37,36.65,-73.0085,8.9299
Santander,Bucaramanga,Estacion_19,2024,1,57.43,37.29,-73.7355,7.4321
Bolívar,Cartagena,Estacion_02,2020,1,8.96,4.96,-73.5734,8.9395
Valle del Cauca,Cali,Estacion_03,2021,2,65.99,28.0,-73.9118,10.8838
Atlántico,Barranquilla,Estacion_11,2024,11,42.37,25.93,-74.367,8.9652
Huila,Neiva,Estacion_17,2018,11,11.53,6.54,-74.8701,9.7753
Norte de Santander,Cúcuta,Estacion_24,2020,2,51.35,22.76,-74.911,8.2597
Norte de Santander,Cúcuta,Estacion_06,2023,12,54.53,26.05,-73.8789,4.824
Bolívar,Cartagena,Estacion_19,2021,2,5.12,3.0,-74.8189,9.1069
Valle del Cauca,Palmira,Estacion_19,2023,1,51.04,25.19,-74.8375,9.0699
Atlántico,Soledad,Estacion_27,2023,11,8.7,5.53,-73.2708,9.2319
Valle del Cauca,Palmira,Estacion_02,2021,12,50.67,25.51,-73.3294,5.9096
Atlántico,Barranquilla,Estacion_10,2020,12,46.8,23.86,-74.8152,6.4861
Boyacá,Duitama,Estacion_25,2023,9,14.87,9.04,-74.9265,9.8431
Cundinamarca,Soacha,Estacion_18,2022,4,41.59,26.97,-74.1323,8.5221
Santander,Bucaramanga,Estacion_11,2023,9,11.56,5.4,-73.9735,5.4751
Atlántico,Soledad,Estacion_09,2018,2,27.12,14.35,-73.7378,7.3265
Bolívar,Cartagena,Estacion_12,2022,7,17.41,8.37,-74.7908,6.5122
Bogotá D.C.,Bogotá,Estacion_14,2021,6,22.98,14.38,-74.6258,6.506
Valle del Cauca,Palmira,Estacion_18,2019,1,34.64,19.87,-73.5381,7.315
Atlántico,Soledad,Estacion_24,2020,10,42.77,20.72,-73.6429,6.1012
Atlántico,Barranquilla,Estacion_14,2021,5,49.55,20.17,-73.9756,10.4565
Huila,Neiva,Estacion_19,2024,3,30.67,13.26,-74.3337,10.7194
Antioquia,Bello,Estacion_26,2024,3,40.28,17.78,-74.9983,5.0324
Valle del Cauca,Palmira,Estacion_10,2018,3,32.79,14.78,-74.8197,5.7131
Norte de Santander,Cúcuta,Estacion_01,2021,3,25.51,14.58,-73.6024,10.3898
Cundinamarca,Zipaquirá,Estacion_23,2019,2,49.01,24.35,-74.3633,10.5468
Cundinamarca,Zipaquirá,Estacion_29,2020,11,33.06,16.48,-74.8567,7.4182
Huila,Neiva,Estacion_08,2022,3,19.35,11.45,-74.2617,6.379
Bogotá D.C.,Bogotá,Estacion_30,2018,11,47.87,22.76,-74.8143,6.6885
Valle del Cauca,Palmira,Estacion_05,2020,5,68.32,41.36,-74.9303,10.7096
Cundinamarca,Soacha,Estacion_06,2021,11,27.93,16.8,-74.3074,9.1287
Cundinamarca,Soacha,Estacion_06,2020,3,34.23,18.61,-74.232,7.1828
Bolívar,Cartagena,Estacion_14,2024,1,31.21,17.43,-73.7927,9.6169
Bolívar,Cartagena,Estacion_25,2021,12,45.97,22.24,-73.93,6.554
Valle del Cauca,Palmira,Estacion_18,2024,7,49.31,31.41,-73.5849,5.8049
Norte de Santander,Cúcuta,Estacion_14,2018,8,30.54,14.37,-74.7569,7.4273
Boyacá,Tunja,Estacion_29,2022,11,24.24,13.79,-73.4663,4.1647
Santander,Bucaramanga,Estacion_10,2020,7,46.56,18.83,-74.3507,8.4519
Huila,Neiva,Estacion_12,2023,1,20.22,8.97,-73.93,4.8824
Valle del Cauca,Palmira,Estacion_14,2020,6,56.64,32.41,-74.5118,9.779
Norte de Santander,Cúcuta,Estacion_02,2018,6,29.11,18.75,-73.7244,10.1743
Cundinamarca,Soacha,Estacion_11,2023,12,41.06,19.52,-74.1985,5.2875
Santander,Bucaramanga,Estacion_27,2021,2,40.28,26.13,-73.7688,7.7741
Atlántico,Barranquilla,Estacion_12,2022,8,16.22,7.36,-73.129,5.9235
Valle del Cauca,Palmira,Estacion_17,2023,1,29.13,13.64,-74.1856,4.131
Cundinamarca,Soacha,Estacion_09,2020,8,14.9,8.19,-73.0482,6.2271
Atlántico,Barranquilla,Estacion_01,2023,6,38.73,22.54,-73.7814,7.2245
Cundinamarca,Zipaquirá,Estacion_18,2021,8,55.28,34.96,-74.9749,6.3842
Boyacá,Duitama,Estacion_05,2021,12,16.51,7.31,-74.2199,6.8206
Huila,Neiva,Estacion_21,2021,9,35.12,22.7,-74.8338,9.2361
Norte de Santander,Cúcuta,Estacion_10,2020,6,18.94,8.31,-73.8301,8.3699
Huila,Neiva,Estacion_14,2024,1,40.05,23.54,-74.4322,9.2084
Atlántico,Soledad,Estacion_30,2022,3,8.59,3.7,-74.2085,5.4791
Antioquia,Envigado,Estacion_10,2019,3,60.3,35.68,-73.0312,10.8523
Norte de Santander,Cúcuta,Estacion_12,2024,4,17.34,8.32,-74.2737,4.7395
Boyacá,Duitama,Estacion_08,2024,7,44.98,23.56,-74.0722,9.783
Bolívar,Cartagena,Estacion_30,2024,3,34.01,20.66,-73.4741,8.5933
Antioquia,Bello,Estacion_19,2023,7,35.72,22.99,-74.1794,8.4549
Huila,Neiva,Estacion_05,2022,10,28.86,15.66,-74.1824,4.1598
Huila,Neiva,Estacion_06,2022,11,34.87,18.06,-74.8181,6.5921
Huila,Neiva,Estacion_18,2022,4,40.24,19.81,-73.2507,5.2265
Atlántico,Soledad,Estacion_05,2020,2,27.81,17.34,-74.586,7.2283
Atlántico,Soledad,Estacion_08,2024,3,52.41,22.42,-73.792,6.3188
Valle del Cauca,Cali,Estacion_15,2023,2,42.1,17.18,-73.6463,10.0694
Bolívar,Cartagena,Estacion_03,2024,7,65.0,34.73,-73.5684,8.2488
Norte de Santander,Cúcuta,Estacion_15,2021,12,26.81,11.12,-73.3767,9.7982
Bogotá D.C.,Bogotá,Estacion_13,2023,9,45.7,19.46,-73.3059,9.3056
Huila,Neiva,Estacion_24,2019,6,23.28,11.72,-74.3203,10.3908
Bolívar,Cartagena,Estacion_09,2018,6,31.31,19.56,-74.0168,5.7131
Santander,Floridablanca,Estacion_10,2023,8,30.42,14.68,-74.0992,5.8055
Santander,Bucaramanga,Estacion_25,2019,3,31.59,19.59,-73.8729,8.9966
Santander,Bucaramanga,Estacion_19,2023,5,34.53,17.91,-74.1203,6.0642
Valle del Cauca,Cali,Estacion_20,2020,7,57.27,31.26,-74.7033,4.0845
Boyacá,Duitama,Estacion_16,2022,3,45.78,29.44,-73.7123,8.1099
Norte de Santander,Cúcuta,Estacion_17,2020,7,46.47,20.55,-73.9495,5.2277
Cundinamarca,Soacha,Estacion_22,2018,6,22.06,10.06,-74.5871,5.0506
Huila,Neiva,Estacion_21,2019,6,15.53,8.69,-74.9756,9.2238
Norte de Santander,Cúcuta,Estacion_24,2019,6,35.15,19.9,-74.203,4.6919
Boyacá,Tunja,Estacion_09,2022,9,45.63,19.16,-73.4042,7.1264
Norte de Santander,Cúcuta,Estacion_08,2020,12,19.69,8.78,-73.1273,10.0027
Atlántico,Soledad,Estacion_06,2018,10,33.8,19.8,-73.5333,10.4223
Valle del Cauca,Palmira,Estacion_02,2019,4,60.69,35.83,-74.0454,4.6879
Bogotá D.C.,Bogotá,Estacion_26,2023,2,48.72,21.89,-73.9153,5.505
Bolívar,Cartagena,Estacion_19,2018,10,42.04,21.33,-73.19,9.0399
Bolívar,Cartagena,Estacion_19,2024,11,22.54,9.02,-73.4909,8.2095
Bolívar,Cartagena,Estacion_11,2022,8,24.1,12.74,-73.0971,6.0975
Norte de Santander,Cúcuta,Estacion_11,2020,11,23.05,11.76,-73.0455,10.6199
Bolívar,Cartagena,Estacion_11,2022,8,30.16,15.8,-74.6424,9.3231
Santander,Bucaramanga,Estacion_30,2024,8,22.46,13.6,-74.6128,4.761
Atlántico,Barranquilla,Estacion_10,2022,5,54.11,25.97,-73.9392,4.7204
Santander,Bucaramanga,Estacion_19,2023,3,30.62,15.28,-74.6564,5.1056
Valle del Cauca,Palmira,Estacion_17,2021,11,62.69,31.61,-73.5471,5.6011
Santander,Floridablanca,Estacion_30,2024,5,26.17,15.22,-73.3415,6.2074
Santander,Floridablanca,Estacion_19,2021,7,44.31,17.79,-73.12,4.3872
Cundinamarca,Zipaquirá,Estacion_21,2024,3,60.29,24.41,-73.5913,5.4603
Santander,Floridablanca,Estacion_27,2020,1,30.99,14.89,-73.4182,6.2798
Norte de Santander,Cúcuta,Estacion_26,2019,10,5.45,3.0,-74.5137,6.2784
Bolívar,Cartagena,Estacion_02,2024,11,34.45,17.14,-73.0805,8.9454
Atlántico,Soledad,Estacion_20,2022,7,39.75,19.31,-73.9242,7.0669
Santander,Bucaramanga,Estacion_16,2019,12,36.86,15.43,-73.0456,9.1271
Valle del Cauca,Cali,Estacion_19,2020,10,50.67,27.52,-73.4744,5.825
Norte de Santander,Cúcuta,Estacion_23,2018,3,41.12,24.39,-74.864,9.5013
Boyacá,Duitama,Estacion_29,2024,8,34.82,16.72,-74.5446,6.5354
Atlántico,Soledad,Estacion_09,2022,12,24.57,15.56,-74.7195,8.4957
Cundinamarca,Zipaquirá,Estacion_26,2021,1,37.6,24.34,-74.2531,7.96
Bogotá D.C.,Bogotá,Estacion_26,2022,8,44.63,21.58,-74.8658,4.5289
Antioquia,Envigado,Estacion_25,2018,9,44.82,27.47,-73.8521,7.2791
Atlántico,Barranquilla,Estacion_25,2023,7,50.09,30.28,-74.0686,10.2255
Valle del Cauca,Palmira,Estacion_03,2019,11,42.02,24.58,-73.103,10.2258
Cundinamarca,Zipaquirá,Estacion_01,2022,7,27.49,11.13,-74.5495,6.99
Santander,Bucaramanga,Estacion_19,2023,6,13.61,6.13,-73.357,10.4775
Huila,Neiva,Estacion_07,2024,3,30.59,13.81,-74.6368,4.1836
Huila,Neiva,Estacion_25,2019,9,31.7,19.58,-73.1431,8.6072
Atlántico,Soledad,Estacion_06,2021,5,39.63,18.16,-73.1602,9.4064
Bogotá D.C.,Bogotá,Estacion_29,2021,2,59.0,34.57,-73.5202,6.6629
Bolívar,Cartagena,Estacion_13,2019,4,22.44,13.3,-73.8196,4.8725
Valle del Cauca,Cali,Estacion_06,2024,4,66.72,39.19,-74.3662,5.3369
Antioquia,Envigado,Estacion_12,2021,5,46.93,24.74,-73.1102,4.113
Cundinamarca,Zipaquirá,Estacion_13,2024,2,12.86,7.83,-74.1317,9.9347
Santander,Bucaramanga,Estacion_23,2018,11,63.66,35.71,-74.2206,7.2995
Santander,Floridablanca,Estacion_02,2019,4,35.9,19.01,-74.7196,7.2887
Bogotá D.C.,Bogotá,Estacion_20,2024,4,59.83,33.82,-74.2566,6.9041
Valle del Cauca,Palmira,Estacion_06,2019,9,81.26,36.19,-73.2418,4.7657
Valle del Cauca,Cali,Estacion_16,2019,5,45.71,22.55,-73.3172,8.3534
Bogotá D.C.,Bogotá,Estacion_11,2018,8,88.42,36.4,-74.2459,8.1896
Norte de Santander,Cúcuta,Estacion_06,2018,1,41.49,20.21,-74.5546,6.9392
Antioquia,Medellín,Estacion_16,2021,7,46.51,20.17,-73.7935,8.458
Santander,Floridablanca,Estacion_16,2020,3,20.38,9.8,-73.92,10.6983
Antioquia,Bello,Estacion_16,2023,10,38.49,16.65,-73.1154,5.5789
Antioquia,Envigado,Estacion_04,2023,7,44.96,21.16,-73.77,5.7485
Santander,Bucaramanga,Estacion_24,2023,5,15.79,8.95,-73.9602,8.0402
Santander,Bucaramanga,Estacion_11,2021,6,70.67,39.95,-73.8413,10.5424
Bogotá D.C.,Bogotá,Estacion_21,2018,4,57.05,34.73,-74.5243,6.7773
Bogotá D.C.,Bogotá,Estacion_16,2024,6,47.49,29.32,-73.0584,6.8396
Atlántico,Soledad,Estacion_20,2020,9,11.95,6.74,-73.971,6.3615
Valle del Cauca,Palmira,Estacion_11,2024,8,65.73,33.79,-74.807,9.9935
Norte de Santander,Cúcuta,Estacion_03,2024,6,31.95,17.12,-74.8108,10.8256
Antioquia,Medellín,Estacion_18,2023,5,36.52,15.76,-74.3048,7.168
Norte de Santander,Cúcuta,Estacion_28,2022,3,6.43,4.18,-74.6102,9.8801
Atlántico,Barranquilla,Estacion_07,2023,12,56.43,27.57,-73.7981,5.0624
Norte de Santander,Cúcuta,Estacion_26,2022,6,12.63,8.2,-74.6665,5.1112
Valle del Cauca,Cali,Estacion_27,2024,12,41.62,26.45,-73.7807,10.0081
Santander,Bucaramanga,Estacion_13,2020,7,67.59,42.14,-74.064,4.9528
Santander,Bucaramanga,Estacion_03,2020,12,11.62,6.26,-74.3768,10.4614
Huila,Neiva,Estacion_02,2024,7,45.92,20.21,-73.0558,10.8352
Atlántico,Soledad,Estacion_26,2019,11,48.26,24.36,-73.8172,5.74
Boyacá,Tunja,Estacion_08,2020,3,41.01,23.99,-73.1113,5.0629
Bolívar,Cartagena,Estacion_22,2020,6,30.19,12.16,-74.7654,6.1781
Antioquia,Envigado,Estacion_20,2021,4,28.26,12.19,-73.5142,7.1806
Antioquia,Envigado,Estacion_11,2020,1,24.31,12.04,-73.2178,4.7899
Bolívar,Cartagena,Estacion_19,2019,12,25.4,14.98,-74.5507,4.7214
Huila,Neiva,Estacion_08,2024,11,10.1,5.29,-73.5968,7.0273
Bogotá D.C.,Bogotá,Estacion_28,2024,5,71.92,40.28,-74.3423,8.6688
Santander,Floridablanca,Estacion_03,2018,2,14.63,8.46,-74.0289,8.1005
Atlántico,Soledad,Estacion_22,2020,2,63.06,32.92,-73.7867,7.9593
Huila,Neiva,Estacion_02,2022,2,34.52,18.9,-73.4128,10.6785
Huila,Neiva,Estacion_04,2024,4,20.64,12.92,-74.1563,6.7562
Bogotá D.C.,Bogotá,Estacion_21,2024,8,74.99,40.74,-73.9545,10.5814
Cundinamarca,Soacha,Estacion_07,2022,3,70.82,30.08,-73.1587,9.6133
Bolívar,Cartagena,Estacion_12,2024,11,40.48,19.67,-73.0528,5.7409
Bolívar,Cartagena,Estacion_11,2021,12,46.7,27.95,-74.5812,9.3957
Norte de Santander,Cúcuta,Estacion_24,2021,6,34.34,20.44,-74.6559,7.4989
Antioquia,Bello,Estacion_12,2022,9,33.18,15.16,-73.3426,4.7091
Antioquia,Envigado,Estacion_13,2020,10,6.52,3.42,-74.6276,6.6789
Santander,Floridablanca,Estacion_12,2020,8,54.95,35.16,-74.3545,4.7804
Huila,Neiva,Estacion_30,2022,12,19.68,11.03,-74.4076,7.9194
Valle del Cauca,Palmira,Estacion_20,2023,2,56.04,34.7,-74.1907,5.8436
Boyacá,Duitama,Estacion_13,2019,7,41.2,17.55,-73.0879,9.702
Santander,Bucaramanga,Estacion_11,2019,8,40.19,17.63,-73.0146,4.1845
Atlántico,Barranquilla,Estacion_08,2019,8,25.0,14.05,-74.5681,4.0869
Atlántico,Barranquilla,Estacion_28,2022,8,43.15,23.21,-73.8638,6.8863
Norte de Santander,Cúcuta,Estacion_21,2022,7,21.79,12.78,-73.5865,10.8734
Santander,Floridablanca,Estacion_12,2020,4,28.98,18.53,-74.731,10.0196
Atlántico,Barranquilla,Estacion_04,2024,9,47.75,27.56,-73.9293,4.7337
Huila,Neiva,Estacion_24,2020,12,22.83,13.82,-74.5521,5.8839
Bogotá D.C.,Bogotá,Estacion_20,2021,8,14.63,6.09,-73.0084,4.1548
Bolívar,Cartagena,Estacion_29,2020,8,40.71,23.23,-74.8692,9.0321
Huila,Neiva,Estacion_29,2023,1,28.73,16.62,-74.0184,8.9295
Valle del Cauca,Palmira,Estacion_07,2023,8,41.06,18.81,-73.4032,7.5557
Cundinamarca,Soacha,Estacion_25,2022,11,56.57,30.93,-73.2745,10.7962
Bogotá D.C.,Bogotá,Estacion_19,2018,2,42.05,24.52,-74.5024,8.2107
Valle del Cauca,Cali,Estacion_01,2023,8,43.84,21.17,-74.8117,6.8249
Cundinamarca,Zipaquirá,Estacion_13,2023,8,43.87,18.6,-74.2897,8.9508
Santander,Floridablanca,Estacion_03,2019,5,45.52,22.78,-74.5467,10.8995
Antioquia,Bello,Estacion_15,2024,2,31.99,17.64,-73.036,4.414
Boyacá,Tunja,Estacion_06,2018,9,34.54,13.92,-74.3463,6.1438
Huila,Neiva,Estacion_28,2018,3,42.88,19.1,-74.5633,6.4167
Valle del Cauca,Palmira,Estacion_19,2019,8,74.95,46.46,-74.645,5.0419
Bolívar,Cartagena,Estacion_20,2018,9,55.34,23.8,-73.1315,10.5452
Antioquia,Bello,Estacion_22,2019,10,17.79,9.42,-73.1995,7.4836
Huila,Neiva,Estacion_20,2020,8,52.03,25.87,-74.1041,4.8147
Norte de Santander,Cúcuta,Estacion_11,2019,6,26.8,11.67,-73.0792,7.4354
Cundinamarca,Soacha,Estacion_12,2018,8,47.28,27.28,-73.3219,4.6915
Norte de Santander,Cúcuta,Estacion_22,2023,6,5.0,3.14,-73.874,8.9154
Norte de Santander,Cúcuta,Estacion_25,2022,11,39.0,19.97,-74.6039,10.6097
Cundinamarca,Zipaquirá,Estacion_14,2021,2,47.56,24.86,-74.0175,6.2506
Bolívar,Cartagena,Estacion_10,2021,5,38.03,20.23,-74.9167,10.6275
Santander,Bucaramanga,Estacion_21,2020,12,11.96,4.93,-74.9441,10.7674
Cundinamarca,Soacha,Estacion_12,2022,1,45.18,22.97,-73.9833,9.9445
Norte de Santander,Cúcuta,Estacion_22,2023,1,14.63,9.18,-74.8027,10.6498
Atlántico,Soledad,Estacion_03,2023,4,15.49,8.57,-74.9095,6.6704
Antioquia,Bello,Estacion_01,2019,11,35.58,21.47,-73.3374,10.8908
Cundinamarca,Soacha,Estacion_12,2024,7,42.97,19.83,-73.6629,10.1736
Cundinamarca,Zipaquirá,Estacion_07,2023,12,37.3,23.44,-74.1816,4.0716
Cundinamarca,Zipaquirá,Estacion_09,2024,4,42.07,23.14,-73.7469,6.7683
Bolívar,Cartagena,Estacion_22,2023,4,19.14,7.99,-74.7712,5.1125
Bolívar,Cartagena,Estacion_06,2022,6,47.22,30.17,-73.57,8.8651
Santander,Floridablanca,Estacion_10,2024,10,56.38,26.24,-73.478,6.7643
Atlántico,Barranquilla,Estacion_18,2024,8,40.52,16.57,-74.0424,4.7798
Bogotá D.C.,Bogotá,Estacion_06,2018,12,74.36,34.24,-73.7694,7.0668
Valle del Cauca,Palmira,Estacion_20,2024,1,50.38,29.83,-73.5502,4.3063
Bogotá D.C.,Bogotá,Estacion_11,2024,5,43.67,21.29,-74.5987,8.5089
Cundinamarca,Zipaquirá,Estacion_05,2020,9,43.81,19.65,-73.684,7.0721
Bolívar,Cartagena,Estacion_27,2019,10,38.72,20.6,-73.8863,5.0035
Boyacá,Tunja,Estacion_04,2023,2,19.35,10.73,-74.6602,10.5296
Boyacá,Tunja,Estacion_05,2018,11,44.94,20.6,-74.2376,7.939
Cundinamarca,Soacha,Estacion_28,2019,11,53.38,21.62,-73.352,7.335
Huila,Neiva,Estacion_10,2023,10,39.13,19.44,-73.1795,5.6637
Bolívar,Cartagena,Estacion_12,2023,8,5.0,3.0,-73.2411,5.5669
Santander,Bucaramanga,Estacion_13,2020,3,39.2,19.29,-74.9581,9.6382
Valle del Cauca,Cali,Estacion_15,2021,12,81.15,35.0,-73.747,5.4567
Cundinamarca,Zipaquirá,Estacion_29,2021,8,14.91,8.7,-74.1122,6.7191
Boyacá,Duitama,Estacion_11,2023,7,47.35,21.85,-73.5748,7.9787
Huila,Neiva,Estacion_29,2021,9,48.68,29.97,-73.4158,6.6237
Santander,Bucaramanga,Estacion_13,2019,8,51.92,24.67,-73.3342,9.422
Huila,Neiva,Estacion_02,2019,4,48.75,23.62,-73.2202,8.6176
Norte de Santander,Cúcuta,Estacion_06,2021,1,29.89,16.94,-74.4534,9.2218
Huila,Neiva,Estacion_21,2021,10,21.09,12.56,-74.6044,6.879
Bolívar,Cartagena,Estacion_28,2023,3,36.37,20.1,-73.4732,7.7141
Bogotá D.C.,Bogotá,Estacion_26,2018,2,28.05,17.67,-73.2611,6.3206
Antioquia,Bello,Estacion_30,2020,4,33.48,15.97,-74.868,8.3626
Boyacá,Duitama,Estacion_16,2020,12,5.0,3.0,-74.3935,9.6164
Valle del Cauca,Cali,Estacion_06,2021,2,26.98,14.52,-74.0609,10.8831
Atlántico,Barranquilla,Estacion_22,2019,8,30.8,13.07,-74.9212,10.1616
Bolívar,Cartagena,Estacion_16,2019,1,5.0,3.0,-74.1181,8.0034
Bolívar,Cartagena,Estacion_16,2023,10,12.06,5.86,-74.3204,4.5951
Boyacá,Tunja,Estacion_06,2019,10,30.35,13.27,-73.0142,9.5368
Atlántico,Soledad,Estacion_10,2023,2,49.27,24.08,-73.0329,7.4632
Huila,Neiva,Estacion_06,2020,5,39.33,20.85,-73.1681,7.4273
Valle del Cauca,Cali,Estacion_21,2019,12,60.97,31.23,-74.1341,4.2832
Bolívar,Cartagena,Estacion_11,2022,1,63.29,35.19,-73.5307,4.1345
Cundinamarca,Soacha,Estacion_29,2021,7,65.37,32.5,-73.6094,5.892
Cundinamarca,Zipaquirá,Estacion_12,2024,9,50.92,25.55,-74.3157,10.6003
Santander,Bucaramanga,Estacion_16,2020,5,14.11,5.94,-74.1003,8.7027
Boyacá,Tunja,Estacion_01,2024,3,37.47,15.69,-74.2532,5.078
Atlántico,Barranquilla,Estacion_28,2018,1,28.3,16.44,-73.527,6.3879
Huila,Neiva,Estacion_05,2022,11,73.64,41.07,-74.3382,8.6546
Huila,Neiva,Estacion_02,2023,3,26.53,11.94,-73.5079,4.5681
Antioquia,Envigado,Estacion_03,2018,7,37.82,15.6,-74.8412,6.2428
Norte de Santander,Cúcuta,Estacion_16,2024,4,24.44,14.1,-74.0094,8.9439
Bolívar,Cartagena,Estacion_24,2023,10,38.53,17.19,-74.9874,5.231
Atlántico,Soledad,Estacion_05,2022,10,31.0,19.94,-73.6001,8.9201
Antioquia,Medellín,Estacion_06,2024,6,35.43,17.67,-73.3279,6.077
Cundinamarca,Zipaquirá,Estacion_07,2021,5,24.23,14.69,-73.5291,7.7139
Santander,Floridablanca,Estacion_25,2019,2,51.21,32.04,-74.8792,9.2896
Cundinamarca,Soacha,Estacion_22,2024,12,41.61,21.28,-73.0457,8.7215
Boyacá,Duitama,Estacion_23,2023,10,32.59,15.17,-73.3205,7.1555
Bolívar,Cartagena,Estacion_16,2020,8,30.02,14.36,-73.0018,5.332
Huila,Neiva,Estacion_02,2023,6,8.95,4.31,-73.4075,10.6165
Cundinamarca,Zipaquirá,Estacion_28,2021,8,51.59,22.61,-73.5243,6.6989
Bogotá D.C.,Bogotá,Estacion_26,2020,7,72.16,29.12,-73.4172,8.6324
Valle del Cauca,Cali,Estacion_19,2019,4,45.06,22.43,-74.7002,6.3612
Bogotá D.C.,Bogotá,Estacion_13,2019,5,63.3,28.33,-73.7864,7.494
Cundinamarca,Soacha,Estacion_16,2023,1,9.2,4.49,-74.788,10.6707
Bolívar,Cartagena,Estacion_05,2019,9,60.37,30.43,-74.9741,6.1561
Valle del Cauca,Palmira,Estacion_21,2020,11,44.84,24.79,-73.8018,7.7075
Boyacá,Duitama,Estacion_26,2023,3,7.83,3.26,-74.1058,6.919
Atlántico,Soledad,Estacion_23,2019,6,64.09,35.79,-73.1963,7.3333
Santander,Floridablanca,Estacion_19,2024,6,24.69,15.84,-73.4368,8.0059
Atlántico,Barranquilla,Estacion_27,2024,4,5.0,3.0,-74.0605,4.1358
Norte de Santander,Cúcuta,Estacion_13,2024,3,30.59,15.99,-73.7948,10.2364
Santander,Bucaramanga,Estacion_15,2021,4,30.67,18.34,-74.4476,5.0016
Bogotá D.C.,Bogotá,Estacion_08,2019,11,68.38,36.96,-73.4326,10.6967
Bolívar,Cartagena,Estacion_20,2022,4,35.27,21.37,-73.7083,10.7041
Huila,Neiva,Estacion_10,2023,1,34.1,20.45,-74.4351,9.535
Cundinamarca,Soacha,Estacion_10,2020,4,25.16,10.97,-74.9494,8.5614
Cundinamarca,Soacha,Estacion_12,2021,3,21.1,9.27,-74.1117,6.1986
Santander,Floridablanca,Estacion_09,2019,12,39.84,21.98,-74.4305,8.1054
Boyacá,Tunja,Estacion_04,2018,6,21.39,10.24,-73.559,7.8509
Cundinamarca,Zipaquirá,Estacion_13,2019,6,30.33,16.78,-73.4789,8.5053
Boyacá,Tunja,Estacion_29,2022,1,30.96,16.23,-73.1461,4.9794
Antioquia,Envigado,Estacion_06,2023,4,11.62,4.91,-74.2794,6.4996
Antioquia,Bello,Estacion_11,2024,2,16.19,8.6,-73.7164,6.7719
Valle del Cauca,Cali,Estacion_27,2019,8,48.28,28.52,-73.2627,5.5918
Bogotá D.C.,Bogotá,Estacion_02,2023,12,48.96,22.43,-74.6947,10.0934
Norte de Santander,Cúcuta,Estacion_11,2021,11,39.36,22.34,-74.9615,9.3588
Bolívar,Cartagena,Estacion_22,2023,12,30.16,13.57,-74.928,5.6065
Bolívar,Cartagena,Estacion_12,2023,2,37.87,20.65,-74.2638,10.2901
Valle del Cauca,Palmira,Estacion_07,2019,9,75.4,35.17,-74.2514,6.7189
Atlántico,Soledad,Estacion_11,2019,6,35.97,22.46,-74.2147,8.5532
Bolívar,Cartagena,Estacion_15,2022,11,22.87,10.32,-74.7746,6.7122
Antioquia,Envigado,Estacion_30,2024,4,12.32,5.54,-73.8596,9.2309
Atlántico,Soledad,Estacion_12,2021,1,28.51,17.75,-73.3129,5.5176
Bogotá D.C.,Bogotá,Estacion_01,2019,3,49.22,22.23,-73.1064,6.72
Boyacá,Duitama,Estacion_13,2022,3,50.08,27.5,-73.41,8.6692
Atlántico,Barranquilla,Estacion_20,2018,1,26.81,16.44,-73.7614,10.0002
Santander,Bucaramanga,Estacion_10,2021,7,29.91,12.69,-74.2639,8.5204
Cundinamarca,Zipaquirá,Estacion_03,2020,7,5.0,3.0,-74.4051,4.2449
Antioquia,Bello,Estacion_05,2020,8,63.37,38.03,-74.5907,10.4358
Bogotá D.C.,Bogotá,Estacion_06,2018,2,32.97,15.12,-73.2604,8.0584
Norte de Santander,Cúcuta,Estacion_09,2018,12,30.0,17.19,-74.569,6.7828
Cundinamarca,Soacha,Estacion_02,2021,7,32.9,19.99,-74.1752,10.8103
Huila,Neiva,Estacion_22,2018,5,29.04,13.09,-74.4654,8.6987
Atlántico,Barranquilla,Estacion_23,2021,1,11.86,7.7,-74.9118,7.9425
Cundinamarca,Zipaquirá,Estacion_26,2019,12,37.71,18.52,-73.8039,7.1938
Bolívar,Cartagena,Estacion_12,2023,6,31.2,18.14,-73.9185,6.245
Boyacá,Duitama,Estacion_06,2022,7,5.17,3.06,-74.7047,8.7086
Bolívar,Cartagena,Estacion_12,2021,2,65.94,36.3,-73.2305,6.3296
Boyacá,Duitama,Estacion_15,2024,9,40.81,16.76,-73.9873,10.018
Valle del Cauca,Palmira,Estacion_18,2023,12,40.53,24.31,-74.721,9.7138
Atlántico,Soledad,Estacion_03,2024,7,68.51,36.72,-73.9609,8.0283
Santander,Bucaramanga,Estacion_24,2019,11,5.0,3.0,-74.3302,4.8184
Boyacá,Duitama,Estacion_17,2023,7,37.69,18.92,-73.4969,4.745
Bolívar,Cartagena,Estacion_27,2023,4,48.69,28.19,-73.2136,10.785
Antioquia,Bello,Estacion_05,2018,12,45.62,22.88,-73.3495,7.7938
Antioquia,Medellín,Estacion_01,2018,1,31.56,14.96,-74.5858,9.7936
Antioquia,Medellín,Estacion_09,2021,2,22.55,11.29,-73.6044,6.1015
Cundinamarca,Zipaquirá,Estacion_07,2020,7,41.65,23.11,-73.1609,8.4465
Huila,Neiva,Estacion_22,2021,1,21.04,9.76,-74.0528,9.5848
Norte de Santander,Cúcuta,Estacion_14,2023,10,35.0,19.43,-74.2979,10.7995
Bolívar,Cartagena,Estacion_13,2018,8,35.36,16.37,-74.8159,5.7177
Antioquia,Bello,Estacion_13,2023,6,28.62,13.18,-73.032,4.2404
Santander,Floridablanca,Estacion_07,2022,7,53.83,29.52,-73.6495,4.1977
Norte de Santander,Cúcuta,Estacion_03,2022,3,47.79,24.65,-73.6057,6.7172
Norte de Santander,Cúcuta,Estacion_09,2022,2,29.43,18.41,-74.4132,5.1392
Santander,Floridablanca,Estacion_14,2018,11,18.48,8.11,-73.3253,5.3939
Bolívar,Cartagena,Estacion_01,2021,12,46.38,27.51,-74.9123,5.2787
Boyacá,Duitama,Estacion_08,2023,8,5.0,3.01,-73.1039,4.8126
Valle del Cauca,Cali,Estacion_05,2023,10,35.63,20.48,-74.9589,7.6762
Boyacá,Tunja,Estacion_14,2021,1,28.81,13.53,-73.8854,6.9558
Antioquia,Medellín,Estacion_09,2023,6,17.38,8.01,-73.1443,4.9627
Bogotá D.C.,Bogotá,Estacion_03,2022,3,57.8,29.57,-73.007,6.6132
Santander,Floridablanca,Estacion_03,2024,11,41.11,22.2,-74.5355,5.0317
Valle del Cauca,Palmira,Estacion_01,2020,1,66.89,26.96,-73.9509,5.8612
Norte de Santander,Cúcuta,Estacion_10,2024,3,30.26,15.74,-74.5729,8.6483
Bolívar,Cartagena,Estacion_07,2018,3,45.16,22.44,-73.7332,7.7898
Antioquia,Medellín,Estacion_22,2019,9,50.49,26.23,-73.0203,4.5081
Valle del Cauca,Cali,Estacion_21,2024,7,77.67,38.09,-74.5493,5.8373
Bogotá D.C.,Bogotá,Estacion_02,2024,6,55.75,35.27,-74.2184,8.2451
Atlántico,Barranquilla,Estacion_16,2022,9,31.51,19.61,-73.7079,9.288
Valle del Cauca,Cali,Estacion_20,2022,5,48.07,24.24,-73.8766,8.9313
Valle del Cauca,Cali,Estacion_12,2020,7,49.32,27.74,-73.0266,6.3904
Norte de Santander,Cúcuta,Estacion_30,2020,8,20.22,12.49,-73.6231,8.8667
Huila,Neiva,Estacion_16,2020,2,33.94,19.44,-73.0495,7.7292
Huila,Neiva,Estacion_09,2023,5,63.0,34.56,-74.5443,10.4877
Boyacá,Tunja,Estacion_19,2019,6,22.71,14.6,-74.6163,6.345
Cundinamarca,Zipaquirá,Estacion_09,2022,7,30.31,16.77,-73.4262,9.6157
Santander,Bucaramanga,Estacion_22,2023,6,26.52,15.33,-73.8942,5.4313
Bolívar,Cartagena,Estacion_04,2023,12,50.24,22.68,-73.4201,9.8127
Valle del Cauca,Palmira,Estacion_12,2019,7,37.24,17.42,-73.8636,7.7619
Valle del Cauca,Palmira,Estacion_20,2018,5,63.61,31.69,-74.8669,9.6839
Santander,Floridablanca,Estacion_15,2022,10,45.27,27.4,-73.9778,6.9435
Santander,Bucaramanga,Estacion_14,2023,8,20.9,10.38,-74.7611,5.2677
Boyacá,Tunja,Estacion_02,2024,2,25.39,11.92,-73.903,5.8789
Antioquia,Envigado,Estacion_22,2021,4,56.35,23.38,-74.7771,10.8379
Santander,Floridablanca,Estacion_14,2019,4,40.47,18.42,-73.7927,9.2621
Norte de Santander,Cúcuta,Estacion_27,2019,3,54.66,32.28,-74.6563,10.7648
Cundinamarca,Soacha,Estacion_18,2022,1,37.86,24.18,-74.8176,9.1832
Santander,Floridablanca,Estacion_04,2018,4,40.98,21.1,-74.6687,5.2148
Atlántico,Soledad,Estacion_04,2018,4,26.25,14.9,-74.1296,10.0263
Cundinamarca,Zipaquirá,Estacion_07,2019,2,43.82,22.39,-74.6992,10.2168
Huila,Neiva,Estacion_01,2022,5,22.41,10.11,-73.6534,7.0566
Norte de Santander,Cúcuta,Estacion_11,2018,8,20.15,10.29,-74.5891,5.0116
Antioquia,Envigado,Estacion_27,2023,11,34.29,16.95,-73.4239,5.4499
Boyacá,Duitama,Estacion_13,2020,4,27.99,13.85,-73.2445,10.7246
Huila,Neiva,Estacion_21,2023,2,5.0,3.0,-73.3998,6.7221
Boyacá,Duitama,Estacion_13,2018,8,20.0,10.12,-74.1253,6.4376
Santander,Floridablanca,Estacion_30,2020,8,41.35,18.17,-74.5617,8.0985
Norte de Santander,Cúcuta,Estacion_28,2018,7,18.28,7.72,-73.1683,4.6466
Norte de Santander,Cúcuta,Estacion_09,2018,9,54.07,34.23,-74.0938,6.0521
Cundinamarca,Zipaquirá,Estacion_28,2019,4,27.37,11.4,-73.2564,8.3466
Huila,Neiva,Estacion_10,2022,8,39.88,25.34,-73.2102,5.6537
Atlántico,Barranquilla,Estacion_03,2024,2,31.87,17.0,-73.4419,7.8741
Boyacá,Tunja,Estacion_05,2022,3,61.04,28.16,-74.9825,9.9879
Santander,Bucaramanga,Estacion_17,2022,1,27.88,14.42,-73.3069,5.6935
Huila,Neiva,Estacion_19,2024,5,40.61,20.94,-74.0901,8.9715
Atlántico,Barranquilla,Estacion_21,2022,1,48.33,19.34,-74.0785,9.5919
Cundinamarca,Zipaquirá,Estacion_29,2022,8,40.97,26.24,-73.1134,6.4775
Huila,Neiva,Estacion_25,2020,9,43.36,26.64,-74.7475,4.2549
Antioquia,Envigado,Estacion_12,2024,5,31.5,13.51,-73.1917,6.678
Santander,Floridablanca,Estacion_01,2020,8,35.85,18.24,-73.7231,5.0302
Huila,Neiva,Estacion_21,2024,5,37.56,18.75,-74.7154,10.3035
Bolívar,Cartagena,Estacion_16,2021,8,31.66,14.28,-74.7392,10.7173
Atlántico,Barranquilla,Estacion_29,2023,2,20.93,9.92,-74.8938,7.2556
Cundinamarca,Zipaquirá,Estacion_03,2022,5,24.0,12.46,-73.132,10.0804
Bolívar,Cartagena,Estacion_12,2020,4,49.22,23.51,-73.9866,4.0774
Antioquia,Medellín,Estacion_24,2023,9,34.59,15.73,-73.9578,4.169
Cundinamarca,Zipaquirá,Estacion_26,2022,8,38.33,18.66,-74.3469,6.5758
Norte de Santander,Cúcuta,Estacion_29,2021,8,18.54,10.5,-73.904,9.2426
Norte de Santander,Cúcuta,Estacion_05,2024,7,42.32,20.42,-73.5715,9.1201
Santander,Bucaramanga,Estacion_05,2024,4,47.3,23.58,-74.9162,6.1204
Valle del Cauca,Cali,Estacion_14,2022,4,59.42,36.04,-74.6967,7.8294
Santander,Bucaramanga,Estacion_01,2018,3,42.44,22.1,-74.8678,7.2781
Valle del Cauca,Palmira,Estacion_04,2018,11,42.76,26.72,-73.7664,10.8562
Bolívar,Cartagena,Estacion_19,2022,9,56.12,27.09,-73.6701,7.687
Huila,Neiva,Estacion_26,2022,4,17.34,7.92,-74.9555,7.3838
Boyacá,Duitama,Estacion_16,2023,7,54.04,32.45,-74.4847,9.7685
Norte de Santander,Cúcuta,Estacion_28,2024,4,41.36,25.65,-74.5025,10.3362
Antioquia,Envigado,Estacion_18,2022,6,22.07,11.95,-74.4018,5.6975
Huila,Neiva,Estacion_30,2023,2,42.91,25.48,-73.1478,4.3983
Cundinamarca,Zipaquirá,Estacion_05,2021,8,48.39,23.84,-74.384,7.4056
Bolívar,Cartagena,Estacion_19,2019,7,33.17,16.83,-74.5298,5.7027
Valle del Cauca,Palmira,Estacion_06,2022,6,22.05,9.27,-73.5251,5.0503
Cundinamarca,Zipaquirá,Estacion_29,2018,12,18.72,10.52,-73.0163,4.0146
Valle del Cauca,Cali,Estacion_05,2020,6,40.97,23.21,-74.825,5.1566
Santander,Floridablanca,Estacion_04,2018,10,5.0,3.0,-74.921,4.0015
Atlántico,Barranquilla,Estacion_29,2021,8,50.7,28.08,-73.9478,9.8226
Santander,Bucaramanga,Estacion_03,2021,10,47.59,29.18,-74.6852,9.4325
Norte de Santander,Cúcuta,Estacion_16,2022,4,33.57,20.58,-73.67,8.8644
Bolívar,Cartagena,Estacion_17,2020,5,31.45,17.72,-73.3707,6.9258
Atlántico,Soledad,Estacion_22,2020,4,35.5,15.58,-74.8411,8.1138
Antioquia,Medellín,Estacion_04,2021,3,43.5,19.02,-74.8531,9.3926
Boyacá,Tunja,Estacion_23,2021,7,5.82,3.3,-73.6567,9.1057
Santander,Bucaramanga,Estacion_29,2021,11,53.55,21.87,-74.6869,5.3404
Antioquia,Medellín,Estacion_02,2024,5,13.9,7.17,-73.0669,9.4861
Boyacá,Duitama,Estacion_05,2024,6,52.55,30.81,-73.5852,8.6088
Huila,Neiva,Estacion_01,2024,3,49.92,26.04,-73.0233,5.0372
Valle del Cauca,Cali,Estacion_17,2022,8,54.95,34.44,-73.5584,6.9251
Bogotá D.C.,Bogotá,Estacion_23,2020,10,51.47,31.19,-73.9978,5.4774
Boyacá,Duitama,Estacion_17,2021,9,35.8,23.21,-73.7751,8.2856
Cundinamarca,Soacha,Estacion_15,2023,10,17.15,10.1,-74.911,6.3282
Cundinamarca,Soacha,Estacion_16,2024,7,29.55,18.68,-73.1718,8.2613
Atlántico,Soledad,Estacion_27,2022,4,22.96,12.93,-74.9226,5.6063
Huila,Neiva,Estacion_13,2020,1,38.97,20.76,-74.9189,10.6641
Bolívar,Cartagena,Estacion_13,2018,7,40.7,24.45,-73.9295,10.2965
Cundinamarca,Soacha,Estacion_17,2024,12,36.76,22.01,-73.72,6.1434
Huila,Neiva,Estacion_16,2022,4,16.42,9.77,-73.2895,10.4794
Cundinamarca,Zipaquirá,Estacion_06,2022,11,30.96,13.93,-73.6298,4.5577
Atlántico,Soledad,Estacion_01,2018,3,57.06,25.24,-74.4154,5.7996
Valle del Cauca,Palmira,Estacion_07,2023,3,40.22,23.78,-74.4224,10.9852
Norte de Santander,Cúcuta,Estacion_03,2019,2,35.74,16.44,-73.4427,9.561
Santander,Bucaramanga,Estacion_04,2024,8,34.02,16.48,-73.9991,9.8463
Norte de Santander,Cúcuta,Estacion_17,2018,8,29.03,12.22,-73.422,6.4727
Cundinamarca,Soacha,Estacion_18,2020,12,24.46,9.9,-73.1722,9.6306
Antioquia,Medellín,Estacion_06,2019,6,49.72,26.54,-74.0426,10.473
Boyacá,Tunja,Estacion_11,2024,7,58.31,34.88,-74.1352,9.6509
Cundinamarca,Soacha,Estacion_06,2019,10,18.21,10.69,-74.8662,10.9512
Atlántico,Soledad,Estacion_18,2024,8,15.35,7.63,-73.7149,5.3938
Bogotá D.C.,Bogotá,Estacion_15,2019,1,52.45,25.86,-74.3225,9.2481
Bogotá D.C.,Bogotá,Estacion_28,2021,2,45.81,19.42,-73.959,9.3629
Huila,Neiva,Estacion_16,2021,9,59.13,28.69,-73.7501,4.2274
Boyacá,Tunja,Estacion_10,2022,7,34.41,16.29,-73.2827,4.3844
Santander,Bucaramanga,Estacion_23,2020,7,47.18,28.89,-73.0374,10.8259
Boyacá,Tunja,Estacion_16,2020,12,34.94,16.59,-74.9545,10.8688
Boyacá,Tunja,Estacion_23,2018,3,53.52,32.8,-74.2749,4.6661
Santander,Floridablanca,Estacion_11,2018,3,26.48,14.41,-73.8355,4.5519
Bogotá D.C.,Bogotá,Estacion_10,2024,9,47.2,27.29,-73.1296,10.0921
Norte de Santander,Cúcuta,Estacion_30,2022,11,5.0,3.0,-73.2093,9.2661
Bogotá D.C.,Bogotá,Estacion_30,2021,2,39.29,16.39,-73.102,8.1181
Antioquia,Bello,Estacion_02,2021,6,25.06,12.57,-74.7862,5.1116
Norte de Santander,Cúcuta,Estacion_03,2020,3,48.3,27.78,-74.7923,9.6857
Bolívar,Cartagena,Estacion_24,2023,3,65.81,29.11,-73.0854,10.0468
Norte de Santander,Cúcuta,Estacion_14,2018,11,23.14,13.85,-73.4475,5.3128
Norte de Santander,Cúcuta,Estacion_02,2021,4,33.28,18.41,-74.2231,9.7752
Santander,Floridablanca,Estacion_05,2021,10,18.25,8.53,-73.7672,10.227
Cundinamarca,Zipaquirá,Estacion_21,2022,8,45.4,18.18,-74.7708,8.1352
Santander,Bucaramanga,Estacion_19,2019,11,5.0,3.0,-73.5779,5.616
Atlántico,Barranquilla,Estacion_24,2018,11,16.07,8.01,-73.0696,5.9358
Antioquia,Envigado,Estacion_01,2023,4,29.23,11.79,-74.7861,5.4443
Valle del Cauca,Cali,Estacion_24,2023,2,30.39,14.63,-74.1777,8.6166
Santander,Floridablanca,Estacion_22,2019,11,44.06,19.69,-73.6683,10.6274
Atlántico,Soledad,Estacion_16,2020,7,46.82,19.3,-74.9939,7.2451
Bogotá D.C.,Bogotá,Estacion_24,2021,9,54.45,23.7,-74.4413,6.9831
Bogotá D.C.,Bogotá,Estacion_26,2024,9,61.01,31.34,-74.3936,5.5702
Atlántico,Soledad,Estacion_27,2021,7,32.89,16.76,-74.733,9.4671
Bolívar,Cartagena,Estacion_08,2022,9,52.03,29.16,-74.7106,5.8737
Boyacá,Duitama,Estacion_23,2018,5,46.7,22.3,-74.1926,4.4408
Antioquia,Medellín,Estacion_29,2020,5,21.21,12.78,-73.4845,8.6791
Norte de Santander,Cúcuta,Estacion_21,2021,9,72.85,35.1,-73.6207,7.8771
Huila,Neiva,Estacion_01,2021,4,35.8,16.0,-73.5348,9.0462
Cundinamarca,Zipaquirá,Estacion_23,2024,5,16.9,9.59,-73.0787,7.9565
Boyacá,Tunja,Estacion_13,2021,10,24.11,10.83,-74.5102,4.3206
Boyacá,Duitama,Estacion_16,2024,4,17.88,9.08,-73.8751,8.8281
Antioquia,Envigado,Estacion_29,2019,4,31.46,15.81,-74.9122,7.2696
Norte de Santander,Cúcuta,Estacion_04,2023,9,27.44,16.04,-74.5631,4.678
Santander,Bucaramanga,Estacion_30,2022,7,37.92,16.31,-74.4392,8.1204
Bolívar,Cartagena,Estacion_03,2020,4,29.93,13.84,-73.8034,9.2249
Atlántico,Barranquilla,Estacion_16,2023,5,30.71,16.44,-73.6854,8.8711
Bogotá D.C.,Bogotá,Estacion_27,2019,7,57.79,26.43,-73.8487,4.0007
Boyacá,Duitama,Estacion_25,2021,9,30.52,17.52,-74.9462,4.6826
Huila,Neiva,Estacion_22,2020,4,39.12,22.86,-73.5351,5.371
Atlántico,Barranquilla,Estacion_05,2020,8,42.74,17.75,-74.1011,8.3305
Bogotá D.C.,Bogotá,Estacion_24,2023,4,39.55,24.07,-74.1364,8.8154
Valle del Cauca,Palmira,Estacion_13,2018,3,69.36,36.99,-73.6311,10.2503
Antioquia,Medellín,Estacion_25,2019,4,48.92,24.88,-73.6006,5.1633
Norte de Santander,Cúcuta,Estacion_29,2021,3,41.9,25.44,-73.8115,8.6236
Atlántico,Soledad,Estacion_14,2019,10,43.44,20.8,-73.7874,10.4835
Bogotá D.C.,Bogotá,Estacion_13,2020,7,42.66,22.02,-74.818,8.0698
Valle del Cauca,Cali,Estacion_08,2023,12,24.46,12.2,-73.7007,8.9871
Valle del Cauca,Cali,Estacion_17,2019,9,51.95,31.16,-74.519,4.3553
Huila,Neiva,Estacion_08,2022,9,50.84,21.52,-74.4777,7.8424
Valle del Cauca,Cali,Estacion_14,2021,4,56.27,33.62,-73.6024,4.6257
Valle del Cauca,Palmira,Estacion_03,2021,12,52.31,26.95,-73.6373,10.9493
Boyacá,Tunja,Estacion_02,2024,1,30.43,18.11,-73.4494,8.8362
Bogotá D.C.,Bogotá,Estacion_11,2019,12,53.33,23.87,-73.0938,4.6878
Norte de Santander,Cúcuta,Estacion_02,2024,11,16.39,9.62,-73.7903,9.0346
Boyacá,Duitama,Estacion_13,2023,2,39.92,18.86,-74.4157,5.1149
Norte de Santander,Cúcuta,Estacion_20,2023,10,17.93,9.59,-74.4256,7.6556
Antioquia,Medellín,Estacion_06,2024,5,8.57,4.1,-74.0623,7.55
Bolívar,Cartagena,Estacion_02,2022,1,34.76,13.93,-74.4774,5.7193
Boyacá,Duitama,Estacion_03,2020,12,16.66,8.35,-73.874,5.6506
Valle del Cauca,Palmira,Estacion_17,2019,6,48.71,20.08,-74.3797,5.1916
Huila,Neiva,Estacion_24,2018,9,30.33,12.53,-74.5842,6.8713
Huila,Neiva,Estacion_20,2020,1,14.52,8.61,-73.4428,10.6717
Norte de Santander,Cúcuta,Estacion_05,2018,1,34.48,14.85,-74.2166,9.8443
Antioquia,Envigado,Estacion_30,2022,12,39.62,15.9,-73.7488,5.8106
Valle del Cauca,Palmira,Estacion_16,2019,9,56.06,31.5,-74.2006,5.6956
Antioquia,Medellín,Estacion_23,2021,10,57.4,32.69,-73.548,7.6521
Santander,Floridablanca,Estacion_10,2019,1,35.72,20.69,-74.2635,9.0766
Norte de Santander,Cúcuta,Estacion_07,2018,5,50.64,32.42,-74.4963,7.2338
Bogotá D.C.,Bogotá,Estacion_10,2023,7,70.67,33.4,-73.2531,5.3061
Atlántico,Soledad,Estacion_11,2022,11,65.2,29.13,-74.6167,10.0583
Bogotá D.C.,Bogotá,Estacion_16,2021,5,39.05,21.24,-73.3706,7.5365
Bogotá D.C.,Bogotá,Estacion_24,2018,6,55.06,31.62,-73.9625,9.8129
Santander,Floridablanca,Estacion_24,2019,8,17.14,9.74,-74.3201,6.0279
Bogotá D.C.,Bogotá,Estacion_08,2019,4,33.34,19.71,-74.2899,9.7997
Santander,Floridablanca,Estacion_29,2023,2,26.62,11.59,-74.7956,4.662
Huila,Neiva,Estacion_17,2021,12,41.53,25.73,-74.7524,4.3383
Atlántico,Barranquilla,Estacion_19,2018,11,27.44,11.9,-73.7119,10.9961
Bogotá D.C.,Bogotá,Estacion_28,2018,12,30.4,12.8,-73.4999,9.3295
Bolívar,Cartagena,Estacion_13,2018,8,63.76,37.92,-73.5594,7.6713
Bogotá D.C.,Bogotá,Estacion_30,2019,4,50.06,32.5,-74.9412,4.7472
Cundinamarca,Soacha,Estacion_18,2019,10,32.59,18.64,-74.3323,8.4578
Bolívar,Cartagena,Estacion_24,2020,10,34.64,14.89,-73.5504,6.9086
Bogotá D.C.,Bogotá,Estacion_13,2020,10,47.97,22.92,-74.8582,4.8622
Norte de Santander,Cúcuta,Estacion_04,2022,5,27.24,12.43,-74.206,7.3414
Bogotá D.C.,Bogotá,Estacion_25,2021,4,70.62,38.96,-73.9883,4.5145
Bolívar,Cartagena,Estacion_11,2020,7,56.1,23.52,-74.4897,4.2554
Santander,Bucaramanga,Estacion_17,2022,7,39.13,19.24,-74.9575,9.5442
Atlántico,Soledad,Estacion_30,2021,7,33.38,16.99,-73.4185,4.3245
Antioquia,Medellín,Estacion_24,2019,7,35.54,14.59,-74.6141,10.9318
Norte de Santander,Cúcuta,Estacion_12,2021,7,32.2,20.0,-74.8232,10.0986
Bogotá D.C.,Bogotá,Estacion_05,2023,8,80.16,51.16,-73.4648,5.7782
Boyacá,Duitama,Estacion_02,2024,7,50.7,26.73,-74.6332,8.0043
Bolívar,Cartagena,Estacion_14,2024,9,29.87,13.52,-73.951,5.8465
Bogotá D.C.,Bogotá,Estacion_08,2020,9,38.53,20.5,-74.1051,5.3585
Santander,Bucaramanga,Estacion_16,2024,11,55.91,29.75,-74.1851,5.4837
Boyacá,Tunja,Estacion_02,2018,11,22.23,10.95,-73.6178,4.1264
Bogotá D.C.,Bogotá,Estacion_19,2022,12,64.99,41.19,-73.5707,7.1718
Santander,Bucaramanga,Estacion_13,2024,10,39.91,23.01,-73.7524,8.3817
Huila,Neiva,Estacion_28,2024,11,29.53,16.28,-73.7994,9.1083
Bolívar,Cartagena,Estacion_29,2022,5,53.22,23.22,-73.4329,8.055
Huila,Neiva,Estacion_05,2020,10,37.48,19.68,-74.3808,8.3315
Atlántico,Barranquilla,Estacion_29,2019,2,36.87,16.45,-73.4393,9.7356
Santander,Bucaramanga,Estacion_25,2021,7,5.0,3.0,-73.7556,4.1607
Norte de Santander,Cúcuta,Estacion_05,2021,11,20.09,8.63,-73.4724,10.8064
Bogotá D.C.,Bogotá,Estacion_06,2023,4,42.75,22.66,-74.5592,8.691
Huila,Neiva,Estacion_21,2019,9,68.43,29.74,-73.2059,9.2991
Santander,Bucaramanga,Estacion_29,2020,7,40.7,17.73,-73.6097,8.27
Boyacá,Tunja,Estacion_18,2024,3,30.11,15.1,-73.4738,7.8115
Valle del Cauca,Palmira,Estacion_22,2020,2,53.76,26.97,-74.8544,9.8045
Bogotá D.C.,Bogotá,Estacion_26,2021,2,40.68,23.25,-74.7086,5.332
Norte de Santander,Cúcuta,Estacion_19,2020,2,34.88,16.28,-73.9171,5.6842
Santander,Floridablanca,Estacion_21,2018,1,44.8,27.24,-74.6715,9.2663
Bogotá D.C.,Bogotá,Estacion_22,2024,9,44.6,18.54,-74.8897,9.836
Cundinamarca,Soacha,Estacion_03,2018,11,40.99,18.38,-73.7762,9.7649
Bogotá D.C.,Bogotá,Estacion_03,2021,9,66.56,37.1,-74.8537,9.1641
Bogotá D.C.,Bogotá,Estacion_14,2024,3,65.42,34.7,-73.2563,10.646
Cundinamarca,Soacha,Estacion_02,2023,6,37.24,15.05,-74.0095,7.0989
Santander,Floridablanca,Estacion_06,2018,12,46.95,29.85,-73.2291,9.0821
Cundinamarca,Soacha,Estacion_20,2019,6,61.66,36.16,-74.0158,8.3777
Bolívar,Cartagena,Estacion_30,2018,3,38.28,20.72,-73.135,4.4676
Santander,Bucaramanga,Estacion_13,2022,11,29.53,13.25,-74.5947,5.6248
Valle del Cauca,Palmira,Estacion_12,2023,3,46.87,29.48,-74.1974,7.2703
Antioquia,Bello,Estacion_01,2019,3,32.35,14.26,-74.2403,5.5321
Cundinamarca,Soacha,Estacion_27,2022,11,29.54,14.16,-74.0645,7.8228
Boyacá,Duitama,Estacion_04,2019,4,5.1,3.0,-74.3858,8.1479
Valle del Cauca,Palmira,Estacion_02,2019,7,59.65,24.5,-73.3651,7.0181
Santander,Bucaramanga,Estacion_08,2021,4,23.27,11.63,-73.9316,10.4938
Bolívar,Cartagena,Estacion_22,2022,3,9.21,5.79,-74.8496,9.8377
Antioquia,Bello,Estacion_29,2024,10,25.73,14.33,-74.4778,10.5141
Cundinamarca,Soacha,Estacion_19,2022,6,32.85,19.17,-74.0174,9.1186
Huila,Neiva,Estacion_08,2024,7,42.28,25.61,-74.5139,4.8049
Norte de Santander,Cúcuta,Estacion_18,2023,6,26.9,13.51,-74.3231,8.007
Bolívar,Cartagena,Estacion_16,2024,12,14.7,7.46,-73.6385,10.9613
Bolívar,Cartagena,Estacion_23,2018,7,22.37,13.76,-74.0071,10.3022
Norte de Santander,Cúcuta,Estacion_28,2024,1,34.33,18.37,-74.8313,9.8848
Valle del Cauca,Cali,Estacion_21,2020,6,55.86,23.55,-74.2133,10.1142
Boyacá,Tunja,Estacion_25,2020,9,70.19,40.13,-74.1901,5.0524
Antioquia,Envigado,Estacion_21,2024,3,32.54,13.61,-73.8588,6.2917
Cundinamarca,Zipaquirá,Estacion_25,2022,1,17.65,10.07,-74.5296,8.3641
Norte de Santander,Cúcuta,Estacion_26,2022,1,28.44,18.15,-74.7463,10.4301
Boyacá,Tunja,Estacion_20,2023,12,38.65,19.65,-73.5616,9.0173
Santander,Floridablanca,Estacion_21,2019,5,63.57,39.45,-74.3246,9.148
Norte de Santander,Cúcuta,Estacion_21,2018,5,22.98,12.11,-73.0751,9.2582
Bogotá D.C.,Bogotá,Estacion_03,2020,3,65.8,35.27,-74.1048,7.3432
Norte de Santander,Cúcuta,Estacion_01,2022,8,30.93,19.82,-74.873,8.3947
Bolívar,Cartagena,Estacion_20,2022,8,60.79,30.16,-74.7002,8.3655
Cundinamarca,Zipaquirá,Estacion_23,2024,3,39.11,20.69,-74.6077,10.9593
Bogotá D.C.,Bogotá,Estacion_22,2022,1,44.23,19.75,-73.7496,5.6624
Bogotá D.C.,Bogotá,Estacion_29,2018,11,71.11,35.22,-73.7609,8.7993
Huila,Neiva,Estacion_01,2023,2,26.29,11.62,-73.2005,5.2314
Boyacá,Duitama,Estacion_09,2020,3,48.73,26.72,-74.6078,6.4711
Huila,Neiva,Estacion_06,2023,4,28.98,16.18,-74.7338,7.7289
Huila,Neiva,Estacion_26,2021,4,41.59,26.62,-73.1525,10.5418
Boyacá,Duitama,Estacion_06,2020,2,27.65,15.79,-73.168,5.3062
Boyacá,Duitama,Estacion_06,2020,7,44.71,22.4,-73.8218,10.0783
Atlántico,Soledad,Estacion_17,2022,11,52.07,25.65,-74.5529,10.94
Norte de Santander,Cúcuta,Estacion_18,2023,7,32.67,18.34,-73.9621,10.6938
Norte de Santander,Cúcuta,Estacion_01,2022,6,37.5,22.09,-73.454,6.0111
Santander,Bucaramanga,Estacion_01,2019,5,29.74,16.92,-73.9754,8.0388
Antioquia,Bello,Estacion_20,2021,3,29.53,12.16,-73.9569,8.9328
Huila,Neiva,Estacion_09,2024,1,47.24,23.56,-74.8236,6.0555
Antioquia,Bello,Estacion_27,2020,4,42.35,18.08,-73.5421,6.5628
Atlántico,Soledad,Estacion_16,2023,9,56.99,29.17,-74.3654,4.1124
Huila,Neiva,Estacion_28,2019,12,50.43,31.07,-73.3952,5.9844
Antioquia,Medellín,Estacion_25,2020,3,15.02,9.57,-74.756,8.1421
Bolívar,Cartagena,Estacion_20,2023,3,40.58,23.92,-74.9865,6.5269
Atlántico,Soledad,Estacion_13,2019,3,52.59,33.04,-73.4483,6.9126
Boyacá,Duitama,Estacion_26,2024,8,27.41,14.66,-74.4409,10.0381
Valle del Cauca,Palmira,Estacion_23,2020,9,42.19,22.59,-74.3209,8.1182
Boyacá,Duitama,Estacion_26,2023,10,56.03,26.45,-73.9959,6.1318
Huila,Neiva,Estacion_03,2024,12,22.87,9.93,-73.298,10.1774
Bogotá D.C.,Bogotá,Estacion_26,2020,6,60.47,33.05,-73.2432,4.5092
Atlántico,Barranquilla,Estacion_21,2024,2,44.21,18.45,-74.9889,6.3795
Bogotá D.C.,Bogotá,Estacion_21,2023,7,24.56,10.94,-74.7993,6.1228
Norte de Santander,Cúcuta,Estacion_13,2022,10,52.41,27.51,-73.2993,10.9332
Atlántico,Soledad,Estacion_15,2023,8,34.46,19.98,-74.4147,6.893
Bogotá D.C.,Bogotá,Estacion_12,2024,9,82.08,38.74,-73.1006,4.4872
Atlántico,Barranquilla,Estacion_23,2022,2,32.77,19.15,-74.6192,4.4404
Atlántico,Barranquilla,Estacion_29,2024,11,47.78,20.22,-74.2457,4.0568
Antioquia,Envigado,Estacion_08,2021,5,35.57,18.58,-74.5921,7.8692
Boyacá,Tunja,Estacion_18,2019,8,15.66,8.87,-74.6461,5.2647
Boyacá,Duitama,Estacion_15,2020,5,48.31,28.34,-74.2736,8.3941
Bolívar,Cartagena,Estacion_13,2019,10,47.44,26.31,-73.9781,9.4286
Bolívar,Cartagena,Estacion_29,2023,9,30.27,13.93,-74.7955,4.3717
Valle del Cauca,Palmira,Estacion_04,2023,8,55.7,28.45,-73.5656,5.5209
Huila,Neiva,Estacion_27,2018,6,49.8,22.18,-74.6896,10.6863
Huila,Neiva,Estacion_24,2021,3,58.42,35.04,-73.6855,8.0962
Santander,Bucaramanga,Estacion_18,2022,3,28.25,12.97,-74.6669,8.5732
Atlántico,Barranquilla,Estacion_11,2022,5,34.19,19.87,-74.0739,9.2056
Bolívar,Cartagena,Estacion_06,2024,7,42.61,20.13,-73.1162,7.9973
Santander,Floridablanca,Estacion_19,2024,8,16.55,7.37,-74.1063,9.7741
Huila,Neiva,Estacion_01,2019,10,19.49,8.65,-74.8602,4.3881
Atlántico,Soledad,Estacion_25,2022,8,32.97,19.02,-73.365,4.9679
Norte de Santander,Cúcuta,Estacion_05,2019,1,24.78,14.94,-73.4945,4.6899
Boyacá,Duitama,Estacion_24,2024,12,47.32,20.98,-73.2333,5.8572
Norte de Santander,Cúcuta,Estacion_20,2024,11,20.66,12.83,-73.9628,7.5414
Huila,Neiva,Estacion_12,2023,4,26.63,16.5,-73.6653,6.5015
Atlántico,Soledad,Estacion_30,2018,1,12.5,5.63,-74.4437,6.1147
Cundinamarca,Soacha,Estacion_27,2022,10,27.84,13.55,-73.2563,10.6787
Huila,Neiva,Estacion_01,2024,3,50.04,28.06,-74.665,10.488
Huila,Neiva,Estacion_22,2018,2,29.43,16.58,-73.5302,5.35
Huila,Neiva,Estacion_30,2018,10,51.17,25.78,-74.0598,5.4729
Huila,Neiva,Estacion_03,2022,2,37.89,16.59,-74.6964,5.4507
Antioquia,Envigado,Estacion_30,2023,8,38.74,19.47,-73.4947,4.9774
Antioquia,Envigado,Estacion_25,2023,11,41.21,20.63,-74.741,5.2649
Antioquia,Envigado,Estacion_24,2018,8,38.9,16.88,-74.3141,9.1981
Norte de Santander,Cúcuta,Estacion_30,2019,4,57.19,25.94,-74.4128,5.3471
Cundinamarca,Zipaquirá,Estacion_07,2022,1,23.78,13.44,-74.0893,10.1381
Santander,Bucaramanga,Estacion_05,2024,5,37.92,15.38,-73.8832,6.7635
Norte de Santander,Cúcuta,Estacion_30,2020,1,40.83,22.22,-74.3467,4.9424
Huila,Neiva,Estacion_13,2019,1,45.75,26.31,-74.2665,10.7737
Cundinamarca,Soacha,Estacion_26,2023,12,18.05,10.18,-73.3893,5.5023
Huila,Neiva,Estacion_05,2024,12,10.82,6.43,-74.5423,7.1761
Valle del Cauca,Palmira,Estacion_07,2021,6,39.26,21.0,-74.2253,9.338
Valle del Cauca,Cali,Estacion_28,2018,5,85.98,34.94,-73.0198,10.5113
Cundinamarca,Soacha,Estacion_12,2022,3,23.72,12.33,-73.8849,5.9455
Valle del Cauca,Cali,Estacion_15,2023,12,73.46,29.8,-74.5436,4.8854
Santander,Bucaramanga,Estacion_11,2020,5,31.43,20.06,-74.6828,10.1501
Bogotá D.C.,Bogotá,Estacion_23,2023,5,50.36,24.72,-73.1898,10.6961
Huila,Neiva,Estacion_12,2021,5,36.05,20.03,-74.2582,8.1309
Boyacá,Duitama,Estacion_10,2021,3,45.76,27.93,-74.7263,9.6706
Bolívar,Cartagena,Estacion_01,2018,1,31.19,16.8,-73.4617,9.5808
Norte de Santander,Cúcuta,Estacion_02,2019,1,43.46,21.87,-74.5403,7.1453
Santander,Bucaramanga,Estacion_16,2019,7,12.0,6.35,-73.9113,7.618
Boyacá,Duitama,Estacion_04,2019,10,58.49,37.64,-73.5914,7.2442
Atlántico,Barranquilla,Estacion_14,2021,2,39.55,18.26,-74.0761,5.6043
Antioquia,Medellín,Estacion_27,2024,5,23.14,10.85,-74.3995,9.6072
Valle del Cauca,Cali,Estacion_23,2019,1,59.39,30.22,-74.3021,10.0158
Boyacá,Duitama,Estacion_14,2023,7,20.55,9.27,-73.8775,6.3363
Atlántico,Soledad,Estacion_06,2024,8,25.02,15.77,-73.3233,10.2275
Cundinamarca,Soacha,Estacion_03,2020,10,45.24,19.66,-73.2925,4.1329
Bogotá D.C.,Bogotá,Estacion_13,2021,7,50.86,32.62,-73.7463,4.1745
Antioquia,Medellín,Estacion_02,2021,10,18.23,11.46,-74.9253,9.2432
Santander,Bucaramanga,Estacion_18,2024,9,36.52,15.23,-73.5702,9.301
Santander,Bucaramanga,Estacion_11,2019,11,40.53,24.16,-74.9154,8.2739
Norte de Santander,Cúcuta,Estacion_26,2022,5,34.91,19.61,-73.8041,7.4783
Cundinamarca,Zipaquirá,Estacion_21,2019,11,50.35,25.67,-74.7594,6.902
Huila,Neiva,Estacion_04,2021,7,41.66,26.62,-74.7031,7.3947
Bogotá D.C.,Bogotá,Estacion_16,2022,5,56.75,28.9,-74.5781,8.8222
Norte de Santander,Cúcuta,Estacion_19,2022,2,63.28,41.06,-74.1079,4.1026
Santander,Bucaramanga,Estacion_29,2021,11,41.66,17.19,-74.0785,10.3285
Valle del Cauca,Cali,Estacion_03,2021,1,65.63,37.09,-73.6815,8.4158
Santander,Bucaramanga,Estacion_28,2022,2,37.11,21.81,-73.8569,8.1683
Huila,Neiva,Estacion_29,2019,2,57.68,24.28,-74.1111,4.1569
Norte de Santander,Cúcuta,Estacion_30,2023,9,62.28,26.01,-73.9068,6.793
Santander,Floridablanca,Estacion_18,2019,3,40.3,23.76,-74.0974,10.1612
Boyacá,Tunja,Estacion_19,2021,9,10.56,5.65,-74.8766,4.1799
Norte de Santander,Cúcuta,Estacion_14,2021,6,59.81,31.0,-74.8126,9.8981
Atlántico,Soledad,Estacion_19,2018,5,29.58,16.62,-74.8319,5.1048
Bolívar,Cartagena,Estacion_26,2019,10,31.28,17.75,-73.8806,7.5328
Bolívar,Cartagena,Estacion_19,2023,8,32.54,13.37,-74.2907,8.9937
Santander,Bucaramanga,Estacion_26,2022,7,30.87,13.22,-74.1457,7.4605
Norte de Santander,Cúcuta,Estacion_06,2021,5,22.5,12.11,-74.5517,9.0601
Boyacá,Tunja,Estacion_25,2021,10,10.76,6.45,-73.3904,8.6902
Cundinamarca,Soacha,Estacion_10,2023,1,60.66,34.91,-74.4339,8.2688
Cundinamarca,Soacha,Estacion_24,2020,10,12.31,6.25,-74.4687,7.5819
Valle del Cauca,Cali,Estacion_15,2018,3,40.67,26.24,-74.2889,9.3203
Cundinamarca,Zipaquirá,Estacion_18,2022,3,32.4,12.96,-73.0647,10.7211
Atlántico,Soledad,Estacion_18,2021,9,31.45,12.9,-74.1282,10.8951
Cundinamarca,Zipaquirá,Estacion_05,2024,9,24.81,12.69,-73.8485,6.9744
Huila,Neiva,Estacion_03,2020,2,41.25,22.55,-73.4866,9.0734
Boyacá,Tunja,Estacion_27,2024,4,62.52,36.18,-74.7841,5.4934
Cundinamarca,Soacha,Estacion_11,2019,4,46.06,24.83,-74.8112,6.3272
Bogotá D.C.,Bogotá,Estacion_12,2020,5,55.56,25.87,-73.7674,7.0024
Bogotá D.C.,Bogotá,Estacion_23,2020,5,70.14,29.16,-73.4888,7.3897
Antioquia,Envigado,Estacion_05,2023,5,38.43,21.08,-73.8535,7.8263
Bogotá D.C.,Bogotá,Estacion_28,2021,8,53.28,27.21,-74.1726,9.9345
Antioquia,Medellín,Estacion_27,2020,10,27.72,12.37,-74.211,6.6357
Santander,Floridablanca,Estacion_20,2023,9,10.34,5.94,-73.8365,8.8754
Norte de Santander,Cúcuta,Estacion_10,2022,7,12.59,6.82,-73.6226,10.0671
Boyacá,Duitama,Estacion_19,2020,6,36.58,15.77,-74.7305,8.1938
Valle del Cauca,Cali,Estacion_28,2023,8,55.42,25.58,-73.1425,10.2241
Bogotá D.C.,Bogotá,Estacion_04,2018,8,65.94,40.1,-73.9244,9.399
Cundinamarca,Soacha,Estacion_14,2020,4,45.78,23.01,-73.5813,4.8803
Norte de Santander,Cúcuta,Estacion_11,2020,10,51.24,21.13,-73.8118,8.5593
Santander,Bucaramanga,Estacion_10,2022,10,40.94,18.94,-74.9061,10.4436
Cundinamarca,Zipaquirá,Estacion_26,2023,9,22.94,11.53,-74.3463,7.0506
Valle del Cauca,Cali,Estacion_27,2024,5,39.3,24.22,-74.0199,7.1017
Norte de Santander,Cúcuta,Estacion_19,2021,5,39.38,17.65,-73.9872,8.2603
Cundinamarca,Soacha,Estacion_08,2024,6,5.0,3.0,-74.1911,6.6688
Valle del Cauca,Cali,Estacion_25,2021,6,49.42,23.89,-73.7835,5.6023
Bogotá D.C.,Bogotá,Estacion_23,2023,7,42.64,19.05,-74.6502,6.0588
Bolívar,Cartagena,Estacion_29,2021,12,27.84,12.07,-74.368,4.4713
Bogotá D.C.,Bogotá,Estacion_03,2019,5,44.86,19.06,-74.255,10.8069
Norte de Santander,Cúcuta,Estacion_18,2024,9,5.0,3.0,-73.1911,7.758
Antioquia,Bello,Estacion_19,2022,7,5.0,3.0,-74.0109,7.9118
Atlántico,Barranquilla,Estacion_06,2022,10,45.45,28.76,-73.2055,10.5169
Santander,Floridablanca,Estacion_05,2023,7,25.49,15.25,-73.2945,8.4702
Cundinamarca,Soacha,Estacion_05,2023,2,39.35,20.94,-74.5424,9.3181
Bolívar,Cartagena,Estacion_08,2021,6,32.59,18.71,-73.541,10.0648
Norte de Santander,Cúcuta,Estacion_15,2022,6,56.02,27.57,-74.4705,7.5984
Santander,Bucaramanga,Estacion_04,2023,9,31.49,18.07,-74.5349,6.2701
Santander,Floridablanca,Estacion_26,2024,5,56.53,28.68,-74.389,6.572
Bolívar,Cartagena,Estacion_24,2019,4,41.57,25.41,-74.8466,4.9796
Atlántico,Barranquilla,Estacion_30,2023,8,30.88,18.26,-73.5381,7.4388
Huila,Neiva,Estacion_15,2021,7,53.16,31.42,-74.5142,6.0543
Valle del Cauca,Palmira,Estacion_06,2018,4,63.55,28.12,-74.8544,7.3231
Bogotá D.C.,Bogotá,Estacion_26,2024,2,39.99,19.87,-74.5061,4.2919
Boyacá,Tunja,Estacion_02,2021,10,76.63,36.88,-73.9094,9.8082
Santander,Bucaramanga,Estacion_11,2024,4,33.52,20.79,-74.9764,10.0049
Antioquia,Envigado,Estacion_03,2023,7,18.43,9.74,-74.8661,6.9749
Valle del Cauca,Palmira,Estacion_09,2020,11,65.83,30.64,-74.145,9.781
Atlántico,Soledad,Estacion_23,2018,8,26.61,15.33,-73.8951,4.109
Boyacá,Tunja,Estacion_21,2022,2,28.68,12.53,-74.087,7.5164
Santander,Floridablanca,Estacion_26,2022,10,5.0,3.0,-73.4472,10.1936
Huila,Neiva,Estacion_10,2020,8,13.65,7.44,-74.7343,7.3554
Santander,Floridablanca,Estacion_22,2019,5,32.08,13.55,-73.5422,8.1875
Cundinamarca,Zipaquirá,Estacion_06,2020,3,37.86,23.71,-73.3367,8.5409
Huila,Neiva,Estacion_06,2022,4,36.96,16.18,-74.7745,8.5225
Norte de Santander,Cúcuta,Estacion_01,2021,3,61.52,39.12,-73.8668,10.8838
Norte de Santander,Cúcuta,Estacion_23,2022,9,43.08,18.54,-73.3676,4.1043
Atlántico,Barranquilla,Estacion_29,2018,1,30.83,12.82,-73.956,7.2292
Cundinamarca,Soacha,Estacion_02,2018,9,45.97,28.36,-73.1609,8.7371
Cundinamarca,Soacha,Estacion_01,2022,2,18.02,10.89,-74.6213,6.686
Antioquia,Bello,Estacion_02,2023,4,44.93,21.56,-74.5121,10.6038
Huila,Neiva,Estacion_26,2021,5,27.57,13.93,-73.4978,9.9935
Valle del Cauca,Cali,Estacion_11,2020,7,70.83,42.32,-74.9303,5.3899
Bogotá D.C.,Bogotá,Estacion_27,2024,7,43.85,17.58,-73.3653,5.9526
Boyacá,Duitama,Estacion_15,2024,2,19.14,7.88,-74.1343,10.2782
Cundinamarca,Zipaquirá,Estacion_09,2018,2,63.25,25.51,-73.7054,10.413
Santander,Bucaramanga,Estacion_23,2018,12,60.54,27.62,-74.4356,9.6543
Norte de Santander,Cúcuta,Estacion_04,2021,10,5.0,3.02,-73.1674,5.8821
Huila,Neiva,Estacion_02,2022,10,60.72,35.83,-74.1402,7.8376
Santander,Bucaramanga,Estacion_13,2022,12,37.44,20.29,-73.7563,5.1151
Huila,Neiva,Estacion_26,2018,9,36.6,19.72,-73.2046,7.9603
Bolívar,Cartagena,Estacion_26,2022,2,50.91,25.0,-74.258,8.1395
Valle del Cauca,Palmira,Estacion_15,2024,2,16.37,8.98,-74.747,10.6029
Valle del Cauca,Palmira,Estacion_29,2023,6,38.33,24.56,-73.956,7.9135
Valle del Cauca,Palmira,Estacion_01,2020,2,57.62,35.97,-74.2629,4.9744
Antioquia,Bello,Estacion_12,2020,9,34.47,16.5,-73.0853,7.224
Bolívar,Cartagena,Estacion_23,2018,11,34.78,17.26,-74.6302,4.5224
Norte de Santander,Cúcuta,Estacion_09,2018,10,17.64,10.2,-74.1944,4.9644
Santander,Bucaramanga,Estacion_06,2019,10,47.67,26.07,-74.1014,9.6781
Santander,Floridablanca,Estacion_09,2019,2,30.26,18.33,-74.3068,6.0555
Bolívar,Cartagena,Estacion_11,2021,9,55.29,24.07,-73.3109,6.5702
Bogotá D.C.,Bogotá,Estacion_24,2018,2,75.14,34.18,-73.5917,6.3952
Santander,Bucaramanga,Estacion_15,2019,4,40.66,25.05,-73.0162,7.5217
Norte de Santander,Cúcuta,Estacion_29,2023,5,24.28,9.74,-74.8221,7.6412
Norte de Santander,Cúcuta,Estacion_06,2023,5,32.72,14.2,-74.1606,6.7264
Norte de Santander,Cúcuta,Estacion_01,2021,2,24.11,10.0,-74.2971,7.9372
Bogotá D.C.,Bogotá,Estacion_04,2022,6,77.99,48.47,-74.7816,9.714
Antioquia,Bello,Estacion_06,2021,2,31.74,18.63,-74.9128,6.5391
Bolívar,Cartagena,Estacion_27,2022,3,36.21,15.13,-74.1396,6.1974
Bogotá D.C.,Bogotá,Estacion_16,2020,12,61.13,34.44,-73.2455,8.018
Santander,Floridablanca,Estacion_23,2020,4,38.08,20.63,-74.0633,8.1517
Huila,Neiva,Estacion_28,2024,7,27.33,13.29,-73.8096,5.9532
Bolívar,Cartagena,Estacion_14,2024,12,52.86,30.67,-73.1486,10.8418
Atlántico,Soledad,Estacion_26,2022,2,46.03,20.87,-73.459,9.4141
Bogotá D.C.,Bogotá,Estacion_11,2018,3,42.67,19.43,-74.6336,7.2779
Santander,Bucaramanga,Estacion_29,2024,12,50.45,24.72,-74.4879,9.3476
Atlántico,Soledad,Estacion_28,2019,7,19.97,9.35,-73.9087,4.2724
Cundinamarca,Zipaquirá,Estacion_07,2022,9,32.14,14.62,-73.5645,5.7596
Santander,Bucaramanga,Estacion_18,2020,3,30.54,19.25,-73.4044,8.4144
Santander,Floridablanca,Estacion_30,2019,9,44.82,18.46,-74.332,7.1186
Bolívar,Cartagena,Estacion_23,2018,7,21.69,10.59,-74.2716,6.7795
Atlántico,Barranquilla,Estacion_24,2024,1,51.07,28.01,-73.9183,6.3331
Boyacá,Tunja,Estacion_02,2021,11,27.47,15.56,-73.7998,10.2264
Antioquia,Medellín,Estacion_04,2021,9,11.9,7.56,-74.8105,10.904
Bogotá D.C.,Bogotá,Estacion_11,2024,5,46.21,26.42,-74.6457,8.4369
Cundinamarca,Zipaquirá,Estacion_30,2019,6,19.39,11.72,-73.1357,8.8904
Antioquia,Envigado,Estacion_06,2018,2,30.25,18.91,-73.4301,10.3007
Boyacá,Tunja,Estacion_01,2019,7,26.75,15.78,-73.6007,4.3554
Boyacá,Tunja,Estacion_11,2019,12,64.59,31.44,-73.4041,8.8047
Huila,Neiva,Estacion_15,2023,10,21.19,10.28,-74.1239,4.3068
Bolívar,Cartagena,Estacion_25,2021,12,37.85,20.77,-74.901,6.4771
Huila,Neiva,Estacion_21,2018,4,42.36,24.0,-73.3415,4.337
Cundinamarca,Zipaquirá,Estacion_22,2022,4,60.36,24.33,-73.6199,8.0528
Bogotá D.C.,Bogotá,Estacion_12,2019,1,53.31,27.03,-73.987,8.8911
Santander,Bucaramanga,Estacion_03,2022,5,12.0,7.67,-73.019,6.3577
Huila,Neiva,Estacion_18,2020,6,11.46,6.76,-74.5127,6.6166
Huila,Neiva,Estacion_05,2018,6,32.03,16.08,-74.0262,10.584
Bogotá D.C.,Bogotá,Estacion_13,2022,7,61.67,38.68,-73.905,4.5158
Cundinamarca,Zipaquirá,Estacion_16,2020,1,40.64,26.38,-73.9981,8.8607
Valle del Cauca,Cali,Estacion_22,2019,10,26.35,12.56,-73.6022,10.9059
Atlántico,Barranquilla,Estacion_01,2021,8,10.56,6.46,-74.3317,4.0563
Valle del Cauca,Palmira,Estacion_27,2018,2,58.92,38.08,-74.3738,4.9101
Cundinamarca,Soacha,Estacion_10,2018,8,25.7,10.67,-74.6265,10.6292
Valle del Cauca,Cali,Estacion_26,2019,5,47.75,20.24,-74.9695,9.5122
Huila,Neiva,Estacion_21,2021,11,45.75,25.59,-73.0818,7.8905
Cundinamarca,Zipaquirá,Estacion_08,2018,3,38.23,23.76,-74.7667,6.6882
Bolívar,Cartagena,Estacion_26,2019,10,45.96,26.18,-73.0846,10.4647
Bolívar,Cartagena,Estacion_25,2022,9,29.63,17.7,-73.9139,6.2629
Huila,Neiva,Estacion_03,2019,10,32.89,15.72,-74.2095,5.6166
Atlántico,Soledad,Estacion_22,2024,3,9.33,5.59,-73.2305,4.9903
Boyacá,Duitama,Estacion_17,2019,2,33.43,20.81,-73.6102,4.8826
Bolívar,Cartagena,Estacion_03,2024,6,77.89,47.55,-74.5487,9.2635
Bogotá D.C.,Bogotá,Estacion_07,2021,12,63.53,36.94,-74.6582,6.468
Norte de Santander,Cúcuta,Estacion_17,2022,8,33.19,19.27,-73.6272,7.9588
Cundinamarca,Soacha,Estacion_25,2018,9,17.88,8.64,-73.8988,9.1123
Boyacá,Duitama,Estacion_23,2021,3,42.21,24.31,-74.8116,7.8921
Bogotá D.C.,Bogotá,Estacion_25,2024,6,71.34,41.01,-73.2838,4.4702
Cundinamarca,Soacha,Estacion_17,2022,8,26.49,16.55,-73.3926,5.9328
Santander,Bucaramanga,Estacion_22,2018,9,50.53,26.23,-74.9976,5.2434
Atlántico,Soledad,Estacion_18,2019,11,53.32,33.68,-73.0412,4.9469
Valle del Cauca,Cali,Estacion_09,2018,5,46.85,27.3,-73.1509,10.0218
Antioquia,Medellín,Estacion_14,2020,10,78.65,43.31,-74.6074,4.0715
Valle del Cauca,Cali,Estacion_05,2018,11,60.32,34.62,-74.562,4.9184
Bolívar,Cartagena,Estacion_12,2024,3,39.67,22.77,-74.7935,6.6105
Atlántico,Barranquilla,Estacion_29,2024,3,19.4,12.06,-74.1857,6.7711
Bogotá D.C.,Bogotá,Estacion_12,2023,10,48.13,29.22,-74.0862,6.491
Huila,Neiva,Estacion_20,2022,4,38.89,15.78,-74.6762,8.1875
Cundinamarca,Soacha,Estacion_16,2020,7,39.25,24.19,-74.9182,10.6142
Huila,Neiva,Estacion_04,2024,1,32.53,19.05,-73.3576,4.4682
Cundinamarca,Zipaquirá,Estacion_06,2019,10,63.72,26.78,-73.2627,10.5722
Cundinamarca,Zipaquirá,Estacion_01,2022,1,22.17,10.91,-73.3175,9.89
Cundinamarca,Zipaquirá,Estacion_25,2018,7,49.21,22.56,-74.212,5.0708
Huila,Neiva,Estacion_12,2020,1,30.95,18.28,-74.4905,8.5922
Bolívar,Cartagena,Estacion_13,2019,11,46.65,22.23,-73.4596,9.021
Huila,Neiva,Estacion_12,2018,5,26.22,13.46,-74.741,5.1826
Valle del Cauca,Palmira,Estacion_29,2024,2,34.67,22.26,-74.4885,9.5008
Valle del Cauca,Palmira,Estacion_21,2022,12,36.89,19.5,-73.9735,10.204
Bogotá D.C.,Bogotá,Estacion_20,2023,10,66.74,37.09,-74.1849,8.4763
Santander,Bucaramanga,Estacion_22,2022,10,30.18,13.59,-74.3223,5.676
Valle del Cauca,Palmira,Estacion_15,2019,6,44.3,21.76,-74.5283,5.7187
Atlántico,Barranquilla,Estacion_26,2023,4,55.75,27.4,-73.6631,7.4966
Bogotá D.C.,Bogotá,Estacion_24,2020,6,68.95,41.0,-74.2192,8.8288
Santander,Floridablanca,Estacion_11,2024,8,15.73,9.13,-73.0193,9.0522
Boyacá,Tunja,Estacion_12,2019,7,48.75,24.02,-74.0556,10.0007
Cundinamarca,Zipaquirá,Estacion_30,2023,10,37.48,22.55,-74.1382,10.3416
Valle del Cauca,Cali,Estacion_06,2020,5,36.04,19.24,-73.1835,8.0088
Huila,Neiva,Estacion_17,2018,6,40.98,17.85,-73.4269,6.5985
Cundinamarca,Zipaquirá,Estacion_10,2024,8,48.91,21.79,-73.2931,5.6767
Bolívar,Cartagena,Estacion_05,2019,6,38.36,16.48,-74.6368,4.8578
Santander,Bucaramanga,Estacion_22,2020,11,15.3,8.2,-74.6092,9.5485
Valle del Cauca,Palmira,Estacion_27,2018,5,53.43,32.19,-74.0944,6.8885
Bolívar,Cartagena,Estacion_04,2023,1,5.0,3.0,-73.7088,9.1161
Bolívar,Cartagena,Estacion_30,2019,3,40.55,23.62,-74.1067,10.4131
Norte de Santander,Cúcuta,Estacion_11,2019,4,32.47,15.93,-73.0611,5.9555
Valle del Cauca,Palmira,Estacion_29,2022,8,52.98,30.18,-74.9028,7.4805
Valle del Cauca,Cali,Estacion_23,2022,7,85.82,53.11,-73.3593,5.558
Bolívar,Cartagena,Estacion_15,2019,10,14.46,7.25,-74.61,4.0238
Santander,Bucaramanga,Estacion_21,2024,1,44.67,28.2,-73.7414,6.4998
Valle del Cauca,Palmira,Estacion_30,2022,2,84.64,44.84,-73.0318,4.2546
Valle del Cauca,Palmira,Estacion_28,2023,3,61.35,25.55,-74.6274,7.2418
Atlántico,Barranquilla,Estacion_14,2018,10,22.59,12.95,-74.7532,10.4293
Cundinamarca,Soacha,Estacion_16,2019,1,72.29,32.5,-74.6038,8.357
Boyacá,Tunja,Estacion_17,2024,7,45.74,25.17,-74.627,9.0838
Bolívar,Cartagena,Estacion_12,2019,12,56.42,27.84,-73.7693,9.7907
Atlántico,Barranquilla,Estacion_05,2019,3,18.58,9.49,-73.6014,5.3307
Norte de Santander,Cúcuta,Estacion_01,2020,6,15.17,9.3,-73.6176,9.7981
Atlántico,Soledad,Estacion_08,2019,4,29.33,14.3,-74.9305,6.7797
Bogotá D.C.,Bogotá,Estacion_02,2022,3,53.81,28.22,-73.0808,9.3514
Valle del Cauca,Cali,Estacion_13,2018,2,58.66,28.66,-73.3094,9.7654
Norte de Santander,Cúcuta,Estacion_29,2022,11,35.69,19.27,-73.0762,8.9426
Bolívar,Cartagena,Estacion_30,2023,5,23.67,11.85,-74.5994,7.0983
Santander,Bucaramanga,Estacion_05,2019,4,32.53,21.0,-73.0351,4.9914
Valle del Cauca,Cali,Estacion_21,2018,10,36.79,23.83,-73.2839,7.9625
Valle del Cauca,Cali,Estacion_24,2020,7,95.41,42.53,-73.2231,10.9503
Boyacá,Tunja,Estacion_12,2023,1,44.05,27.5,-73.4193,7.3515
Atlántico,Barranquilla,Estacion_28,2023,2,28.45,15.16,-74.4569,8.7857
Bolívar,Cartagena,Estacion_04,2024,4,57.29,26.2,-73.8822,6.1342
Antioquia,Envigado,Estacion_18,2020,3,35.88,14.47,-73.68,5.5383
Cundinamarca,Soacha,Estacion_13,2023,1,22.69,11.34,-73.8582,9.0407
Boyacá,Duitama,Estacion_03,2020,12,34.32,16.1,-74.0477,6.5307
Santander,Bucaramanga,Estacion_26,2019,11,27.27,13.83,-73.5592,4.5041
Huila,Neiva,Estacion_11,2021,5,22.88,9.25,-73.1333,4.6393
Cundinamarca,Soacha,Estacion_19,2020,8,21.5,9.59,-74.0457,4.0037
Valle del Cauca,Cali,Estacion_09,2019,7,55.53,31.47,-74.8578,10.0681
Bolívar,Cartagena,Estacion_05,2023,11,45.87,29.14,-73.8569,9.2633
Cundinamarca,Zipaquirá,Estacion_15,2022,10,41.88,23.53,-74.188,7.9648
Norte de Santander,Cúcuta,Estacion_07,2018,3,6.61,3.03,-73.4042,10.8956
Valle del Cauca,Cali,Estacion_15,2023,7,69.29,28.21,-73.0817,8.8682
Norte de Santander,Cúcuta,Estacion_21,2022,7,17.75,11.25,-73.1186,8.7946
Santander,Bucaramanga,Estacion_04,2022,2,58.0,32.33,-74.2355,6.1614
Bogotá D.C.,Bogotá,Estacion_06,2019,2,59.2,28.89,-74.953,6.4437
Cundinamarca,Zipaquirá,Estacion_10,2022,11,41.95,21.56,-73.1567,7.3596
Bogotá D.C.,Bogotá,Estacion_05,2021,9,40.67,24.02,-74.0072,6.0842
Bolívar,Cartagena,Estacion_30,2020,2,37.86,19.12,-74.5974,10.2337
Cundinamarca,Soacha,Estacion_09,2024,6,50.0,24.41,-73.6019,7.2918
Bogotá D.C.,Bogotá,Estacion_09,2022,7,57.4,36.78,-74.1172,4.7694
Huila,Neiva,Estacion_05,2022,12,25.37,10.46,-74.2581,7.2617
Bogotá D.C.,Bogotá,Estacion_12,2020,2,56.45,24.85,-74.1729,5.4446
Santander,Bucaramanga,Estacion_03,2024,6,9.82,5.45,-73.8808,7.9894
Boyacá,Duitama,Estacion_12,2020,7,13.06,7.37,-74.504,10.8066
Santander,Floridablanca,Estacion_24,2019,5,28.3,16.92,-74.3893,4.8492
Huila,Neiva,Estacion_25,2022,4,9.54,5.8,-73.1105,5.8094
Huila,Neiva,Estacion_10,2019,10,57.51,26.8,-73.9484,8.7322
Norte de Santander,Cúcuta,Estacion_05,2019,1,14.11,7.74,-73.999,4.8981
Bolívar,Cartagena,Estacion_19,2023,9,15.6,8.51,-73.1325,4.6983
Valle del Cauca,Cali,Estacion_01,2024,10,27.46,11.4,-74.6533,10.0229
Bogotá D.C.,Bogotá,Estacion_11,2020,9,48.54,24.43,-74.3266,9.6025
Valle del Cauca,Cali,Estacion_02,2019,1,55.73,26.17,-74.1343,6.1307
Antioquia,Medellín,Estacion_24,2022,4,9.49,4.13,-73.5254,6.4904
Valle del Cauca,Cali,Estacion_07,2023,8,38.66,19.27,-74.2875,8.9489
Cundinamarca,Soacha,Estacion_11,2022,6,15.1,9.68,-73.8892,7.0117
Antioquia,Envigado,Estacion_20,2019,2,14.33,6.67,-74.279,6.0884
Santander,Floridablanca,Estacion_13,2021,4,44.18,23.66,-74.258,10.1951
Santander,Bucaramanga,Estacion_07,2024,7,40.4,17.75,-73.6585,4.9501
Atlántico,Barranquilla,Estacion_10,2021,5,41.25,23.27,-74.9626,5.6239
Bolívar,Cartagena,Estacion_17,2023,12,48.99,27.86,-73.6839,9.47
Norte de Santander,Cúcuta,Estacion_02,2022,11,25.82,11.24,-73.2793,6.67
Huila,Neiva,Estacion_05,2024,11,56.67,23.94,-73.6747,7.4111
Santander,Bucaramanga,Estacion_15,2020,4,47.71,29.12,-74.8831,5.5987
Boyacá,Tunja,Estacion_06,2019,9,34.48,19.05,-74.4393,6.7359
Valle del Cauca,Palmira,Estacion_25,2020,12,70.93,31.94,-73.9594,5.0732
Atlántico,Barranquilla,Estacion_05,2018,3,10.6,5.12,-73.8528,4.7546
Atlántico,Barranquilla,Estacion_08,2018,4,40.0,20.41,-73.5319,4.86
Cundinamarca,Zipaquirá,Estacion_12,2024,1,49.53,25.23,-74.1463,9.4313
Huila,Neiva,Estacion_25,2024,6,35.14,15.58,-73.7165,5.4743
Antioquia,Medellín,Estacion_30,2019,12,59.92,32.68,-73.4608,9.7125
Valle del Cauca,Cali,Estacion_01,2019,5,39.34,16.99,-74.408,4.4767
Huila,Neiva,Estacion_03,2021,12,5.0,3.0,-74.6732,9.5795
Santander,Bucaramanga,Estacion_29,2020,1,6.4,3.22,-73.3373,8.6239
Norte de Santander,Cúcuta,Estacion_24,2024,2,46.46,28.24,-74.0474,8.4524
Bolívar,Cartagena,Estacion_27,2020,7,55.74,30.67,-73.2755,10.4796
Bogotá D.C.,Bogotá,Estacion_12,2023,9,64.68,39.98,-74.1186,9.5203
Bolívar,Cartagena,Estacion_11,2022,2,40.58,16.64,-73.0884,9.4736
Boyacá,Duitama,Estacion_13,2024,9,46.84,22.04,-74.4906,7.5499
Valle del Cauca,Cali,Estacion_16,2019,11,66.59,39.86,-74.8005,4.5918
Bogotá D.C.,Bogotá,Estacion_17,2021,9,63.72,36.59,-73.035,7.8696
Huila,Neiva,Estacion_22,2018,8,53.34,27.8,-73.6128,9.5856
Atlántico,Barranquilla,Estacion_12,2018,10,11.38,7.32,-73.7655,8.8611
Valle del Cauca,Palmira,Estacion_24,2024,2,37.9,19.82,-74.2244,5.7817
Atlántico,Soledad,Estacion_06,2019,1,35.35,17.33,-74.4215,5.0104
Cundinamarca,Soacha,Estacion_13,2023,6,30.38,18.83,-74.235,10.7068
Atlántico,Barranquilla,Estacion_23,2022,4,24.3,10.95,-74.4202,6.1143
Bogotá D.C.,Bogotá,Estacion_17,2024,9,38.55,15.53,-74.0708,9.6311
Bogotá D.C.,Bogotá,Estacion_20,2023,7,56.6,32.32,-74.8573,9.3626
Boyacá,Tunja,Estacion_26,2023,8,14.03,8.78,-74.2055,8.4426
Atlántico,Barranquilla,Estacion_29,2022,12,35.42,16.97,-74.5337,5.2949
Bolívar,Cartagena,Estacion_11,2024,3,42.57,18.66,-74.1633,10.2008
Boyacá,Tunja,Estacion_05,2024,10,46.94,20.35,-73.6918,8.0089
Valle del Cauca,Cali,Estacion_19,2020,2,90.02,53.31,-74.5633,5.0614
Boyacá,Duitama,Estacion_25,2023,12,49.76,27.14,-74.5348,5.7105
Valle del Cauca,Palmira,Estacion_06,2024,10,55.53,22.81,-74.246,6.3466
Santander,Bucaramanga,Estacion_21,2023,9,13.17,6.39,-74.6109,9.067
Atlántico,Barranquilla,Estacion_02,2020,10,6.41,3.69,-74.6859,9.7325
Antioquia,Medellín,Estacion_28,2019,2,28.72,18.31,-74.6542,4.5339
Santander,Bucaramanga,Estacion_23,2020,9,44.13,22.25,-74.001,6.8102
Bogotá D.C.,Bogotá,Estacion_25,2022,2,66.15,30.8,-73.9255,6.7262
Santander,Bucaramanga,Estacion_27,2024,11,61.69,27.42,-73.1439,10.409
Bolívar,Cartagena,Estacion_21,2022,8,35.16,16.21,-74.3726,6.291
Cundinamarca,Zipaquirá,Estacion_10,2024,7,34.83,14.97,-74.1293,4.9051
Santander,Bucaramanga,Estacion_04,2022,3,9.09,5.26,-74.1278,5.0138
Antioquia,Medellín,Estacion_06,2018,5,33.32,14.69,-74.4941,5.5187
Antioquia,Bello,Estacion_24,2021,9,30.74,19.34,-73.8633,10.0331
Antioquia,Medellín,Estacion_16,2024,10,8.54,4.28,-73.7812,10.8373
Santander,Bucaramanga,Estacion_21,2019,9,44.24,25.42,-74.7782,7.8469
Bogotá D.C.,Bogotá,Estacion_29,2021,7,35.48,20.46,-74.8752,6.4348
Atlántico,Barranquilla,Estacion_18,2020,4,48.17,25.82,-74.6229,4.6745
Boyacá,Tunja,Estacion_11,2024,3,31.05,19.4,-73.9003,4.0134
Boyacá,Tunja,Estacion_30,2021,10,66.03,29.23,-73.4433,9.3711
Bogotá D.C.,Bogotá,Estacion_15,2021,9,48.95,24.92,-74.5119,5.59
Norte de Santander,Cúcuta,Estacion_29,2024,9,26.51,14.64,-74.2293,9.5272
Atlántico,Barranquilla,Estacion_27,2021,7,40.06,19.39,-74.7719,8.4177
Norte de Santander,Cúcuta,Estacion_06,2021,8,31.33,13.35,-74.1319,6.1329
Antioquia,Medellín,Estacion_03,2019,3,21.32,9.6,-74.5488,8.2614
Antioquia,Envigado,Estacion_18,2024,9,12.25,7.14,-74.5524,10.284
Bolívar,Cartagena,Estacion_17,2021,6,28.39,18.03,-74.9604,10.6687
Bolívar,Cartagena,Estacion_13,2018,11,10.37,4.26,-73.489,9.0635
Huila,Neiva,Estacion_01,2023,9,5.75,3.47,-74.5053,4.5254
Valle del Cauca,Palmira,Estacion_20,2021,7,42.56,26.79,-73.6104,6.4664
Huila,Neiva,Estacion_19,2024,9,23.36,11.09,-73.6785,5.2474
Bogotá D.C.,Bogotá,Estacion_23,2021,7,35.86,22.89,-74.2015,6.6913
Valle del Cauca,Palmira,Estacion_19,2024,2,60.18,31.7,-73.869,10.667
Boyacá,Duitama,Estacion_08,2022,5,47.5,26.97,-73.7435,4.0632
Bolívar,Cartagena,Estacion_29,2019,10,37.06,17.31,-74.0496,9.3538
Cundinamarca,Zipaquirá,Estacion_19,2020,2,32.56,19.25,-73.8518,6.7745
Bogotá D.C.,Bogotá,Estacion_18,2024,10,30.46,16.44,-73.6288,9.9543
Santander,Floridablanca,Estacion_09,2018,9,41.05,18.41,-73.7835,7.5285
Santander,Bucaramanga,Estacion_14,2021,4,30.97,19.69,-74.3133,6.7907
Huila,Neiva,Estacion_13,2020,10,51.11,27.26,-74.4696,6.2123
Huila,Neiva,Estacion_22,2023,9,45.6,21.96,-74.6582,9.8499
Bogotá D.C.,Bogotá,Estacion_13,2019,8,16.84,8.42,-73.8942,10.3121
Bogotá D.C.,Bogotá,Estacion_09,2022,5,43.88,23.65,-73.9208,7.8888
Bogotá D.C.,Bogotá,Estacion_16,2020,11,62.69,33.71,-73.7623,9.1583
Santander,Bucaramanga,Estacion_18,2020,7,45.97,20.1,-73.0797,9.5181
Bogotá D.C.,Bogotá,Estacion_01,2019,1,54.11,31.39,-73.4805,6.8231
Huila,Neiva,Estacion_21,2019,1,66.18,32.88,-74.8058,5.8274
Huila,Neiva,Estacion_27,2021,9,15.53,8.79,-73.2056,6.0593
Bolívar,Cartagena,Estacion_17,2024,8,63.37,35.7,-73.9384,5.134
Bogotá D.C.,Bogotá,Estacion_04,2023,4,34.39,21.4,-74.7542,5.6165
Santander,Floridablanca,Estacion_09,2019,10,31.31,16.31,-73.6695,10.6828
Norte de Santander,Cúcuta,Estacion_27,2020,3,32.49,15.44,-74.9228,4.9923
Valle del Cauca,Cali,Estacion_11,2020,10,22.14,14.02,-73.4638,5.2897
Valle del Cauca,Cali,Estacion_20,2018,6,31.06,19.66,-73.705,6.0643
Bogotá D.C.,Bogotá,Estacion_16,2020,8,59.69,35.6,-74.2553,5.5599
Cundinamarca,Zipaquirá,Estacion_06,2018,4,27.55,14.7,-74.3749,7.4237
Antioquia,Medellín,Estacion_10,2020,12,31.0,17.84,-73.2763,8.1715
Bogotá D.C.,Bogotá,Estacion_13,2019,11,53.45,22.6,-73.2622,10.5051
Bolívar,Cartagena,Estacion_30,2024,11,59.69,31.26,-74.1488,5.8949
Norte de Santander,Cúcuta,Estacion_20,2020,9,66.09,31.74,-73.6498,7.879
Valle del Cauca,Cali,Estacion_19,2023,5,60.92,37.45,-74.7972,4.8096
Norte de Santander,Cúcuta,Estacion_16,2020,10,60.27,25.37,-74.8669,6.3519
Bogotá D.C.,Bogotá,Estacion_12,2020,10,63.27,32.77,-73.4706,8.4704
Boyacá,Tunja,Estacion_10,2021,9,44.0,25.65,-73.2937,6.0706
Bolívar,Cartagena,Estacion_12,2022,5,22.62,11.65,-74.4801,9.9318
Huila,Neiva,Estacion_02,2020,4,5.0,3.0,-73.9314,5.5557
Antioquia,Envigado,Estacion_07,2021,2,38.97,17.55,-73.349,7.6482
Huila,Neiva,Estacion_14,2018,9,30.97,16.06,-73.9301,5.2256
Norte de Santander,Cúcuta,Estacion_12,2024,3,18.1,7.28,-73.3456,7.0436
Boyacá,Tunja,Estacion_11,2019,2,37.14,18.99,-74.3885,6.287
Atlántico,Soledad,Estacion_24,2019,8,45.0,18.56,-73.9762,10.0443
Boyacá,Duitama,Estacion_22,2021,4,10.71,5.07,-73.2613,7.4759
Bolívar,Cartagena,Estacion_24,2021,3,22.38,14.17,-73.0261,5.5714
Cundinamarca,Soacha,Estacion_19,2022,10,26.71,12.4,-74.2479,9.5571
Santander,Floridablanca,Estacion_02,2022,10,11.39,6.52,-74.7757,7.7259
Norte de Santander,Cúcuta,Estacion_16,2019,10,22.95,9.28,-73.1882,9.8286
Boyacá,Tunja,Estacion_04,2023,2,20.09,10.66,-73.1908,5.1914
Santander,Floridablanca,Estacion_09,2023,9,31.14,18.5,-74.4049,9.2576
Huila,Neiva,Estacion_19,2020,8,50.76,25.01,-73.4497,7.4319
Huila,Neiva,Estacion_25,2022,3,63.97,40.71,-73.5162,9.8981
Bogotá D.C.,Bogotá,Estacion_05,2018,8,52.58,29.71,-73.6749,8.4184
Antioquia,Medellín,Estacion_10,2022,9,18.29,8.17,-73.7831,10.0192
Antioquia,Bello,Estacion_01,2020,10,5.0,3.0,-74.3425,4.6922
Santander,Bucaramanga,Estacion_14,2021,3,28.93,15.36,-74.2176,7.6636
Antioquia,Medellín,Estacion_24,2019,11,53.07,25.76,-74.1312,7.7546
Antioquia,Envigado,Estacion_08,2022,8,38.41,23.38,-74.8404,10.6168
Boyacá,Tunja,Estacion_29,2024,1,33.42,21.03,-73.0679,9.0409
Valle del Cauca,Cali,Estacion_15,2021,10,24.98,11.96,-73.8795,6.9766
Cundinamarca,Soacha,Estacion_08,2024,6,58.86,28.15,-73.9908,9.256
Bolívar,Cartagena,Estacion_25,2024,11,50.02,23.99,-74.7469,6.7619
Antioquia,Medellín,Estacion_19,2019,10,44.94,27.61,-74.7487,8.0145
Bolívar,Cartagena,Estacion_05,2023,6,40.45,19.71,-74.5133,6.9861
Huila,Neiva,Estacion_23,2022,6,47.37,29.08,-73.5656,4.299
Boyacá,Tunja,Estacion_29,2019,5,11.21,5.08,-74.0779,6.8032
Boyacá,Duitama,Estacion_07,2021,7,45.31,20.58,-74.3026,9.0444
Cundinamarca,Soacha,Estacion_07,2020,4,47.43,28.44,-74.8793,4.0498
Boyacá,Duitama,Estacion_28,2024,7,52.9,25.02,-73.6687,4.6016
Boyacá,Duitama,Estacion_27,2021,4,46.42,25.35,-73.8638,6.4995
Antioquia,Medellín,Estacion_13,2020,4,17.32,7.11,-74.732,7.5564
Atlántico,Soledad,Estacion_16,2019,8,49.09,19.98,-74.6832,8.1615
Cundinamarca,Zipaquirá,Estacion_01,2020,4,29.92,14.79,-74.4902,4.4808
Cundinamarca,Soacha,Estacion_02,2018,10,52.48,34.1,-74.0763,10.6415
Atlántico,Soledad,Estacion_18,2024,11,48.45,22.6,-73.0494,10.7433
Bogotá D.C.,Bogotá,Estacion_22,2022,9,37.52,19.61,-74.572,5.8484
Bolívar,Cartagena,Estacion_07,2021,3,51.36,21.86,-73.7325,8.735
Bolívar,Cartagena,Estacion_17,2024,10,27.75,12.7,-74.366,5.4799
Bogotá D.C.,Bogotá,Estacion_19,2024,1,42.17,25.94,-73.6814,8.2477
Bogotá D.C.,Bogotá,Estacion_06,2022,9,63.92,30.01,-73.7727,7.1804
Santander,Floridablanca,Estacion_25,2020,2,41.8,25.41,-74.3427,9.2403
Bolívar,Cartagena,Estacion_28,2021,2,26.31,13.51,-73.2235,4.1489
Cundinamarca,Soacha,Estacion_26,2018,7,49.78,29.57,-73.4687,4.2458
Santander,Bucaramanga,Estacion_19,2022,9,11.44,7.15,-73.9855,5.4388
Bolívar,Cartagena,Estacion_21,2023,6,45.34,20.79,-74.1906,9.3269
Bolívar,Cartagena,Estacion_27,2020,2,32.47,14.88,-74.9831,4.0872
Antioquia,Bello,Estacion_07,2022,11,62.71,28.0,-74.7446,4.9327
Santander,Bucaramanga,Estacion_02,2020,2,6.71,3.78,-74.6592,10.0892
Antioquia,Envigado,Estacion_02,2023,11,24.68,9.92,-73.4841,4.464
Bogotá D.C.,Bogotá,Estacion_23,2022,12,62.2,33.67,-74.6809,6.5986
Atlántico,Barranquilla,Estacion_02,2022,8,32.15,20.53,-73.1528,5.0094
Santander,Floridablanca,Estacion_01,2022,12,22.41,13.08,-74.0507,9.2109
Santander,Floridablanca,Estacion_07,2019,3,5.0,3.05,-73.4131,5.2987
Bogotá D.C.,Bogotá,Estacion_27,2023,11,88.37,39.16,-74.8006,7.735
Huila,Neiva,Estacion_02,2019,5,23.2,13.27,-74.5698,7.3242
Valle del Cauca,Palmira,Estacion_15,2023,11,58.27,36.92,-74.6971,4.246
Huila,Neiva,Estacion_25,2024,4,14.08,8.17,-74.8598,6.5227
Cundinamarca,Soacha,Estacion_01,2020,8,52.1,27.04,-74.374,4.4195
Bolívar,Cartagena,Estacion_05,2020,10,38.36,19.77,-73.7693,4.6263
Bogotá D.C.,Bogotá,Estacion_06,2019,2,45.9,24.56,-74.2387,4.2888
Norte de Santander,Cúcuta,Estacion_29,2018,11,28.6,12.3,-73.3915,5.7772
Santander,Floridablanca,Estacion_26,2018,8,40.31,17.24,-74.6656,9.6542
Antioquia,Bello,Estacion_27,2018,8,34.52,14.27,-73.0433,9.7754
Santander,Floridablanca,Estacion_28,2024,3,46.23,20.61,-74.7116,8.5356
Bogotá D.C.,Bogotá,Estacion_11,2019,4,56.33,35.97,-73.1723,8.6502
Bogotá D.C.,Bogotá,Estacion_10,2023,8,50.68,26.28,-74.6394,8.3192
Atlántico,Barranquilla,Estacion_14,2023,11,30.97,19.53,-74.0594,4.5523
Bolívar,Cartagena,Estacion_24,2022,1,40.33,25.92,-73.6457,5.8924
Boyacá,Duitama,Estacion_19,2022,6,38.14,16.26,-73.8501,4.7731
Norte de Santander,Cúcuta,Estacion_06,2024,7,37.67,20.16,-74.1908,9.3021
Santander,Floridablanca,Estacion_09,2021,9,7.29,4.7,-73.6511,4.8883
Bolívar,Cartagena,Estacion_02,2018,9,48.48,25.76,-74.3761,5.8117
Norte de Santander,Cúcuta,Estacion_15,2024,11,28.96,15.67,-73.8562,7.4349
Huila,Neiva,Estacion_03,2021,5,32.72,13.44,-74.1927,9.1588
Norte de Santander,Cúcuta,Estacion_13,2022,12,14.95,8.92,-73.0407,5.9502
Santander,Floridablanca,Estacion_09,2021,1,14.87,7.82,-74.7655,8.0186
Norte de Santander,Cúcuta,Estacion_11,2020,7,44.09,17.74,-74.8682,5.1655
Bolívar,Cartagena,Estacion_28,2018,6,56.94,35.63,-74.997,5.457
Atlántico,Barranquilla,Estacion_02,2018,1,21.08,12.61,-73.5124,10.9584
Bolívar,Cartagena,Estacion_19,2018,10,30.62,12.28,-73.9677,8.0022
Huila,Neiva,Estacion_04,2020,2,34.09,18.58,-73.2883,4.6464
Huila,Neiva,Estacion_27,2019,3,35.61,20.35,-74.5969,7.1972
Huila,Neiva,Estacion_24,2023,10,36.93,22.11,-74.3263,7.8033
Antioquia,Envigado,Estacion_14,2021,5,35.56,17.68,-74.9187,4.1614
Huila,Neiva,Estacion_22,2019,4,6.09,3.54,-74.5114,7.1197
Antioquia,Envigado,Estacion_29,2018,6,47.6,20.14,-73.7917,8.5203
Santander,Floridablanca,Estacion_17,2019,10,47.55,30.58,-74.6218,5.8184
Bogotá D.C.,Bogotá,Estacion_12,2019,6,53.46,25.1,-74.1778,7.1253
Cundinamarca,Zipaquirá,Estacion_10,2022,12,32.77,16.73,-73.5678,4.6684
Norte de Santander,Cúcuta,Estacion_09,2023,12,50.11,20.24,-74.7214,9.3899
Antioquia,Envigado,Estacion_17,2019,3,24.66,13.54,-73.4659,10.777
Valle del Cauca,Palmira,Estacion_05,2018,9,35.46,22.05,-74.0062,8.8218
Valle del Cauca,Palmira,Estacion_08,2024,6,43.29,27.61,-74.5555,10.9702
Bogotá D.C.,Bogotá,Estacion_10,2018,3,46.85,30.36,-73.88,4.9764
Boyacá,Tunja,Estacion_18,2018,11,30.04,13.34,-73.7369,6.2915
Huila,Neiva,Estacion_10,2023,7,37.78,16.19,-74.9366,7.2525
Valle del Cauca,Cali,Estacion_02,2020,7,42.73,19.68,-74.7134,4.6067
Antioquia,Envigado,Estacion_29,2023,3,37.71,16.97,-73.1918,7.9746
Cundinamarca,Soacha,Estacion_12,2018,3,66.95,42.62,-73.5693,4.0807
Cundinamarca,Zipaquirá,Estacion_25,2020,4,40.96,26.17,-73.4562,9.1136
Santander,Floridablanca,Estacion_13,2023,1,47.59,21.15,-74.7113,7.0786
Atlántico,Soledad,Estacion_13,2024,1,32.65,13.93,-74.8238,5.6562
Boyacá,Duitama,Estacion_24,2023,11,73.46,35.06,-73.3093,5.8163
Boyacá,Duitama,Estacion_03,2021,7,30.88,16.48,-74.6736,6.225
Antioquia,Envigado,Estacion_22,2019,8,30.31,15.56,-74.9924,6.7439
Cundinamarca,Zipaquirá,Estacion_30,2020,12,26.69,15.9,-73.0946,9.9915
Santander,Bucaramanga,Estacion_30,2022,8,46.46,24.92,-73.9787,9.9102
Huila,Neiva,Estacion_16,2021,2,24.75,14.0,-73.8436,8.4738
Boyacá,Tunja,Estacion_02,2021,2,39.42,21.34,-73.0132,10.8149
Valle del Cauca,Cali,Estacion_11,2024,5,45.21,21.56,-74.3855,6.9349
Cundinamarca,Soacha,Estacion_04,2019,2,23.98,14.65,-73.7908,9.2585
Valle del Cauca,Palmira,Estacion_09,2022,3,63.56,31.77,-73.6181,9.6072
Antioquia,Medellín,Estacion_04,2023,12,15.32,8.22,-74.8394,5.0273
Atlántico,Barranquilla,Estacion_28,2023,7,18.2,8.34,-74.5493,8.7402
Santander,Bucaramanga,Estacion_24,2018,9,15.17,7.66,-74.9536,6.8361
Santander,Bucaramanga,Estacion_12,2024,2,32.9,19.88,-73.0141,5.2722
Valle del Cauca,Palmira,Estacion_10,2019,11,55.88,25.8,-74.9414,8.9576
Bogotá D.C.,Bogotá,Estacion_20,2023,9,45.14,27.35,-74.5206,4.9959
Norte de Santander,Cúcuta,Estacion_02,2018,4,65.36,29.44,-73.8107,7.8553
Huila,Neiva,Estacion_03,2018,5,85.01,34.69,-74.9736,6.0847
Bolívar,Cartagena,Estacion_08,2018,12,28.16,17.06,-73.4761,7.8834
Bogotá D.C.,Bogotá,Estacion_29,2023,7,58.42,25.64,-73.0246,6.4834
Huila,Neiva,Estacion_24,2022,5,52.65,32.19,-73.7277,9.7503
Boyacá,Duitama,Estacion_30,2018,11,47.58,20.47,-74.5879,7.0628
Atlántico,Soledad,Estacion_17,2019,12,47.41,20.94,-73.943,10.0706
Bolívar,Cartagena,Estacion_16,2019,8,46.57,25.6,-74.8875,5.5869
Antioquia,Bello,Estacion_04,2021,1,18.0,10.71,-74.06,9.8435
Valle del Cauca,Cali,Estacion_22,2022,10,48.68,24.15,-74.0378,9.4243
Norte de Santander,Cúcuta,Estacion_16,2020,4,64.8,34.99,-74.7879,10.3206
Valle del Cauca,Palmira,Estacion_18,2018,11,63.56,34.15,-73.4312,7.2587
Norte de Santander,Cúcuta,Estacion_01,2019,11,33.69,15.11,-73.4639,5.493
Cundinamarca,Soacha,Estacion_06,2024,2,65.17,32.43,-74.9239,10.9532
Huila,Neiva,Estacion_18,2020,8,33.66,13.63,-73.3983,8.7757
Boyacá,Tunja,Estacion_14,2022,12,57.19,24.57,-73.8439,10.8778
Boyacá,Tunja,Estacion_03,2020,1,32.45,20.24,-73.3531,6.7188
Bogotá D.C.,Bogotá,Estacion_30,2018,4,19.42,7.99,-73.118,9.6936
Norte de Santander,Cúcuta,Estacion_29,2024,3,32.93,19.33,-74.775,7.7674
Atlántico,Barranquilla,Estacion_10,2022,5,45.14,23.74,-74.5592,4.0715
Antioquia,Envigado,Estacion_14,2022,2,40.12,18.34,-74.7053,6.5781
Antioquia,Bello,Estacion_16,2023,6,22.96,13.57,-73.5714,10.9241
Santander,Floridablanca,Estacion_23,2024,4,38.58,21.36,-74.34,6.169
Antioquia,Medellín,Estacion_01,2020,1,64.96,39.3,-73.2391,5.933
Bolívar,Cartagena,Estacion_09,2024,3,7.26,3.97,-74.151,10.7141
Boyacá,Duitama,Estacion_08,2022,6,36.64,17.6,-73.4702,10.0496
Valle del Cauca,Cali,Estacion_29,2021,8,45.24,22.3,-73.8744,7.5468
Boyacá,Duitama,Estacion_09,2019,7,41.0,25.15,-73.721,9.337
Huila,Neiva,Estacion_06,2019,12,28.56,17.04,-74.1297,9.167
Boyacá,Duitama,Estacion_14,2024,8,40.79,21.09,-74.9266,4.4526
Antioquia,Medellín,Estacion_15,2019,1,42.78,20.98,-73.389,9.2829
Bolívar,Cartagena,Estacion_16,2023,12,20.17,8.38,-74.8046,6.2264
Atlántico,Barranquilla,Estacion_25,2019,8,33.32,15.84,-73.3066,8.9397
Valle del Cauca,Palmira,Estacion_02,2019,10,53.18,24.72,-73.4965,8.7968
Cundinamarca,Soacha,Estacion_29,2021,3,8.26,5.36,-74.1026,7.0003
Valle del Cauca,Cali,Estacion_15,2023,7,45.62,19.89,-73.1088,10.0177
Atlántico,Soledad,Estacion_07,2023,9,49.86,25.15,-74.7233,8.2262
Atlántico,Soledad,Estacion_24,2022,8,31.86,17.58,-74.1871,8.7028
Bogotá D.C.,Bogotá,Estacion_17,2022,7,36.67,17.74,-74.259,5.6472
Bogotá D.C.,Bogotá,Estacion_26,2018,11,46.93,28.56,-73.456,7.3199
Huila,Neiva,Estacion_24,2018,6,21.52,13.73,-73.447,6.1999
Boyacá,Duitama,Estacion_15,2018,12,25.69,13.32,-73.8092,7.2436
Boyacá,Duitama,Estacion_09,2019,7,46.78,28.8,-74.5175,9.4688
Santander,Bucaramanga,Estacion_28,2019,8,18.91,8.56,-74.1951,9.8611
Bolívar,Cartagena,Estacion_06,2018,12,51.12,22.33,-74.7934,9.331
Bolívar,Cartagena,Estacion_21,2021,7,67.17,37.06,-73.0626,4.7463
Valle del Cauca,Cali,Estacion_25,2020,3,32.77,15.31,-73.895,8.0399
Atlántico,Barranquilla,Estacion_12,2019,2,22.43,13.66,-73.0893,4.055
Huila,Neiva,Estacion_06,2018,3,34.04,21.99,-73.4106,4.0974
Santander,Bucaramanga,Estacion_22,2021,5,5.0,3.0,-74.8451,6.9561
Bogotá D.C.,Bogotá,Estacion_15,2021,1,70.15,44.26,-74.1087,9.4497
Boyacá,Tunja,Estacion_02,2020,10,22.15,9.96,-74.6305,9.8459
Valle del Cauca,Palmira,Estacion_30,2020,7,32.0,16.32,-73.8736,9.4776
Cundinamarca,Soacha,Estacion_30,2022,1,21.25,11.37,-73.0842,4.2276
Cundinamarca,Zipaquirá,Estacion_09,2018,3,50.21,27.78,-73.0267,6.2753
Huila,Neiva,Estacion_24,2022,4,20.89,9.02,-73.5986,10.9391
Bolívar,Cartagena,Estacion_18,2024,2,45.47,27.53,-74.5556,8.5655
Santander,Floridablanca,Estacion_02,2019,7,51.52,29.86,-74.0949,8.5212
Valle del Cauca,Palmira,Estacion_28,2019,9,39.42,20.59,-73.7531,8.3862
Boyacá,Tunja,Estacion_15,2023,1,23.91,12.59,-73.9077,6.1095
Bogotá D.C.,Bogotá,Estacion_24,2021,6,45.97,18.9,-74.9795,9.0041
Antioquia,Envigado,Estacion_27,2024,3,5.97,3.28,-74.6682,9.4015
Boyacá,Duitama,Estacion_29,2024,4,26.13,13.99,-73.1723,8.0935
Valle del Cauca,Cali,Estacion_12,2019,4,39.8,15.99,-74.6645,6.5026
Bogotá D.C.,Bogotá,Estacion_26,2020,11,64.3,27.54,-73.2305,5.5837
Boyacá,Duitama,Estacion_11,2024,12,22.05,12.58,-74.9332,9.9872
Huila,Neiva,Estacion_23,2024,4,17.07,7.88,-73.2497,6.0618
Atlántico,Soledad,Estacion_30,2019,10,17.35,8.79,-74.9855,7.7618
Boyacá,Tunja,Estacion_04,2019,5,35.11,21.77,-74.8849,9.4605
Huila,Neiva,Estacion_11,2024,10,28.47,15.67,-74.7322,4.3951
Valle del Cauca,Cali,Estacion_16,2021,4,68.64,32.22,-74.8689,4.1042
Valle del Cauca,Palmira,Estacion_21,2018,10,55.63,28.48,-73.7557,9.5778
Huila,Neiva,Estacion_06,2021,8,44.61,23.22,-74.5358,6.8055
Cundinamarca,Zipaquirá,Estacion_16,2020,3,39.97,22.66,-73.9826,10.4247
Santander,Floridablanca,Estacion_04,2019,12,55.62,23.92,-73.3827,5.6
Bogotá D.C.,Bogotá,Estacion_22,2023,9,61.86,29.62,-74.7251,4.4276
Valle del Cauca,Cali,Estacion_03,2020,12,46.81,19.83,-74.5802,9.4033
Antioquia,Envigado,Estacion_21,2018,5,48.37,22.22,-73.3174,7.622
Bolívar,Cartagena,Estacion_30,2022,8,27.44,15.13,-74.7463,8.847
Santander,Bucaramanga,Estacion_05,2018,9,26.12,14.01,-73.5836,5.7806
Boyacá,Tunja,Estacion_19,2019,12,36.65,21.73,-74.0338,4.2901
Bolívar,Cartagena,Estacion_27,2022,4,34.2,21.9,-73.2387,9.3029
Huila,Neiva,Estacion_12,2018,6,59.98,26.48,-74.0655,7.8003
Santander,Floridablanca,Estacion_09,2018,9,9.25,4.47,-73.9931,9.4907
Norte de Santander,Cúcuta,Estacion_27,2023,9,47.22,27.15,-73.5788,7.3448
Cundinamarca,Soacha,Estacion_01,2023,9,57.84,26.98,-74.0355,8.6092
Valle del Cauca,Palmira,Estacion_10,2019,11,63.53,34.71,-74.6625,5.1132
Valle del Cauca,Palmira,Estacion_01,2024,2,35.65,17.4,-73.4084,10.5368
Cundinamarca,Soacha,Estacion_25,2020,8,42.26,23.13,-74.4961,5.262
Bogotá D.C.,Bogotá,Estacion_28,2019,3,62.31,29.18,-74.4251,8.0138
Huila,Neiva,Estacion_26,2018,10,30.38,13.44,-73.6128,4.2783
Cundinamarca,Zipaquirá,Estacion_01,2020,6,20.1,12.2,-74.8948,8.065
Cundinamarca,Soacha,Estacion_06,2018,8,46.13,18.67,-74.5368,4.5241
Antioquia,Envigado,Estacion_08,2019,6,16.43,9.71,-73.9225,5.2435
Valle del Cauca,Palmira,Estacion_27,2021,2,67.9,27.26,-74.9064,10.7556
Norte de Santander,Cúcuta,Estacion_15,2021,11,45.42,18.59,-74.2001,6.8016
Cundinamarca,Soacha,Estacion_16,2021,3,26.85,14.27,-73.1212,4.0723
Huila,Neiva,Estacion_08,2021,3,41.66,18.75,-74.1527,7.1129
Cundinamarca,Soacha,Estacion_28,2019,11,67.77,42.12,-73.427,4.8027
Huila,Neiva,Estacion_10,2023,2,62.58,40.13,-74.4007,10.5708
Antioquia,Bello,Estacion_12,2020,5,53.57,27.59,-74.0722,8.6094
Cundinamarca,Zipaquirá,Estacion_16,2021,1,51.64,26.1,-73.6149,9.5303
Huila,Neiva,Estacion_06,2022,1,47.94,28.87,-74.0532,10.0084
Antioquia,Envigado,Estacion_18,2021,1,6.95,4.51,-73.3282,7.4609
Huila,Neiva,Estacion_06,2020,12,47.72,22.51,-74.5616,6.1536
Santander,Bucaramanga,Estacion_25,2021,3,63.3,28.79,-74.3093,9.4663
Atlántico,Soledad,Estacion_19,2020,8,5.0,3.0,-73.2517,9.409
Boyacá,Tunja,Estacion_13,2024,3,12.86,6.49,-73.8644,5.9661
Bolívar,Cartagena,Estacion_07,2022,7,33.81,19.04,-73.0415,4.0225
Boyacá,Tunja,Estacion_17,2024,6,23.26,12.94,-74.3741,9.1934
Santander,Bucaramanga,Estacion_03,2021,12,32.65,17.88,-74.968,9.5866
Huila,Neiva,Estacion_16,2022,2,47.99,22.34,-74.1453,6.1331
Cundinamarca,Soacha,Estacion_10,2019,8,5.0,3.0,-74.5754,4.3586
Cundinamarca,Soacha,Estacion_18,2024,8,33.94,20.73,-73.074,6.4598
Cundinamarca,Zipaquirá,Estacion_29,2021,8,55.82,32.86,-74.1917,10.4723
Antioquia,Bello,Estacion_22,2020,12,57.56,24.28,-74.2545,7.6227
Huila,Neiva,Estacion_02,2019,8,12.14,6.61,-74.78,9.4395
Santander,Floridablanca,Estacion_02,2023,8,38.57,21.69,-73.3247,6.6954
Santander,Bucaramanga,Estacion_12,2021,7,66.45,30.37,-74.504,5.8691
Cundinamarca,Soacha,Estacion_07,2018,7,41.67,21.7,-74.1199,5.4769
Cundinamarca,Zipaquirá,Estacion_23,2024,2,27.27,15.92,-74.1587,10.215
Bolívar,Cartagena,Estacion_25,2018,10,32.59,13.17,-73.9762,7.5566
Norte de Santander,Cúcuta,Estacion_11,2019,9,36.4,21.92,-74.9066,7.2951
Atlántico,Soledad,Estacion_07,2020,11,12.52,7.55,-73.6072,8.8552
Norte de Santander,Cúcuta,Estacion_13,2018,12,49.94,27.94,-73.3037,9.9069
Santander,Bucaramanga,Estacion_05,2024,2,12.67,7.27,-74.8826,8.5354
Norte de Santander,Cúcuta,Estacion_25,2023,2,20.41,11.85,-74.9405,6.7353
Valle del Cauca,Cali,Estacion_25,2018,7,52.2,28.42,-73.0757,10.2742
Bogotá D.C.,Bogotá,Estacion_07,2024,10,30.31,16.79,-73.6542,7.9666
Norte de Santander,Cúcuta,Estacion_16,2018,9,22.48,9.86,-73.5951,10.7604
Atlántico,Barranquilla,Estacion_15,2018,8,32.35,17.26,-73.3553,6.1557
Santander,Bucaramanga,Estacion_13,2022,5,5.0,3.0,-74.5875,8.8682
Norte de Santander,Cúcuta,Estacion_29,2018,11,39.98,19.02,-73.0209,8.2105
Bogotá D.C.,Bogotá,Estacion_10,2020,10,16.77,8.46,-74.9464,6.6627
Valle del Cauca,Cali,Estacion_20,2020,9,48.0,26.49,-74.6752,10.9954
Atlántico,Soledad,Estacion_22,2024,4,35.35,21.31,-73.6053,9.4797
Antioquia,Bello,Estacion_24,2022,2,19.8,12.51,-74.2273,6.6383
Santander,Bucaramanga,Estacion_22,2018,6,44.08,27.36,-73.9446,10.0459
Bogotá D.C.,Bogotá,Estacion_13,2023,5,70.47,30.69,-73.3002,7.577
Boyacá,Tunja,Estacion_07,2021,1,21.68,9.29,-74.8912,8.1935
Valle del Cauca,Palmira,Estacion_21,2020,1,41.03,22.87,-74.9371,8.4844
Antioquia,Bello,Estacion_06,2021,3,36.56,19.46,-73.7987,6.9023
Valle del Cauca,Palmira,Estacion_27,2020,9,38.17,15.45,-74.7054,7.5535
Huila,Neiva,Estacion_19,2019,11,67.22,37.76,-73.7373,4.6217
Cundinamarca,Soacha,Estacion_14,2022,11,50.45,31.46,-73.2828,5.2004
Bolívar,Cartagena,Estacion_13,2019,1,48.17,25.98,-73.9392,9.8847
Atlántico,Barranquilla,Estacion_15,2018,11,35.43,22.35,-74.6108,10.3095
Santander,Floridablanca,Estacion_09,2019,6,25.7,15.44,-74.237,8.5567
Santander,Floridablanca,Estacion_17,2023,8,39.99,16.11,-73.5072,9.6735
Valle del Cauca,Palmira,Estacion_06,2023,6,44.59,24.49,-73.8289,10.5715
Valle del Cauca,Cali,Estacion_15,2020,4,67.95,34.85,-73.3542,10.4879
Bogotá D.C.,Bogotá,Estacion_20,2021,11,57.48,23.0,-73.1634,6.0555
Cundinamarca,Zipaquirá,Estacion_05,2024,12,29.99,13.66,-73.4718,5.7909
Antioquia,Envigado,Estacion_18,2024,8,48.04,28.7,-73.4422,5.9487
Bogotá D.C.,Bogotá,Estacion_28,2021,12,48.42,21.15,-74.2954,9.0179
Bolívar,Cartagena,Estacion_08,2022,6,65.43,30.69,-73.5754,6.8778
Atlántico,Barranquilla,Estacion_08,2021,1,15.04,8.29,-73.7501,7.7026
Santander,Bucaramanga,Estacion_05,2020,10,53.47,25.54,-73.3668,10.7745
Valle del Cauca,Cali,Estacion_24,2018,5,54.93,35.17,-73.8726,4.9017
Cundinamarca,Zipaquirá,Estacion_13,2018,8,51.83,33.02,-73.8616,6.8573
Atlántico,Soledad,Estacion_13,2022,10,65.63,37.04,-74.6914,10.4037
Huila,Neiva,Estacion_07,2020,9,15.2,8.87,-73.2697,6.7987
Norte de Santander,Cúcuta,Estacion_23,2021,8,23.9,14.23,-74.9753,4.8499
Santander,Bucaramanga,Estacion_02,2022,5,25.71,16.04,-73.3738,4.6695
Atlántico,Barranquilla,Estacion_25,2022,2,39.39,15.85,-74.9912,4.4655
Santander,Bucaramanga,Estacion_21,2023,12,41.43,21.4,-74.2022,9.8805
Antioquia,Bello,Estacion_24,2023,11,35.57,16.76,-73.1284,4.495
Santander,Bucaramanga,Estacion_01,2019,9,38.89,23.45,-74.0086,5.0661
Norte de Santander,Cúcuta,Estacion_05,2018,10,22.84,11.0,-73.6573,6.0799
Valle del Cauca,Palmira,Estacion_30,2018,6,43.88,25.33,-74.6973,7.6301
Atlántico,Soledad,Estacion_27,2019,1,19.39,9.82,-73.7827,9.6028
Huila,Neiva,Estacion_18,2022,7,27.63,11.92,-73.1246,10.5812
Norte de Santander,Cúcuta,Estacion_21,2024,6,28.48,11.42,-74.0523,6.5515
Bogotá D.C.,Bogotá,Estacion_20,2021,7,51.1,27.16,-73.8563,10.8472
Valle del Cauca,Palmira,Estacion_28,2024,1,39.83,18.5,-73.5784,6.2259
Antioquia,Envigado,Estacion_07,2021,11,59.87,33.21,-73.2992,4.6785
Bogotá D.C.,Bogotá,Estacion_16,2021,4,56.2,27.39,-74.5485,4.6031
Huila,Neiva,Estacion_02,2019,12,30.44,14.71,-73.756,9.8508
Huila,Neiva,Estacion_19,2019,9,24.75,10.15,-74.4035,5.2869
Santander,Floridablanca,Estacion_09,2024,8,36.02,16.99,-73.7821,9.4581
Bolívar,Cartagena,Estacion_01,2021,12,50.04,21.63,-74.549,10.9051
Bogotá D.C.,Bogotá,Estacion_14,2020,2,52.68,29.08,-73.4271,8.4091
Norte de Santander,Cúcuta,Estacion_03,2021,12,36.53,22.5,-73.8138,4.5492
Boyacá,Duitama,Estacion_07,2020,1,56.9,31.37,-74.8533,9.5635
Norte de Santander,Cúcuta,Estacion_12,2020,9,33.78,20.33,-74.3581,9.8462
Santander,Floridablanca,Estacion_23,2024,10,10.79,5.37,-74.2685,8.2159
Antioquia,Bello,Estacion_02,2023,8,35.48,16.72,-73.8243,10.2458
Bogotá D.C.,Bogotá,Estacion_11,2020,2,52.1,33.67,-73.0111,5.7405
Norte de Santander,Cúcuta,Estacion_06,2018,9,45.15,22.38,-73.4621,9.3703
Bogotá D.C.,Bogotá,Estacion_17,2020,9,54.87,31.34,-74.4426,10.8047
Bogotá D.C.,Bogotá,Estacion_18,2022,1,61.78,29.93,-73.0583,6.675
Cundinamarca,Soacha,Estacion_28,2019,12,45.77,21.02,-73.5583,4.9251
Bogotá D.C.,Bogotá,Estacion_20,2021,5,58.36,36.48,-73.4758,9.883
Bolívar,Cartagena,Estacion_17,2023,10,38.05,20.53,-73.0152,4.2979
Valle del Cauca,Cali,Estacion_22,2023,2,36.3,21.08,-73.6145,10.2001
Santander,Bucaramanga,Estacion_03,2018,4,22.87,13.04,-73.1791,9.6753
Cundinamarca,Soacha,Estacion_04,2020,9,32.81,13.51,-74.674,6.7954
Valle del Cauca,Cali,Estacion_04,2022,11,64.51,30.57,-74.0904,8.7862
Valle del Cauca,Cali,Estacion_01,2020,4,31.46,16.34,-74.4547,8.9782
Santander,Floridablanca,Estacion_24,2023,1,25.01,15.4,-73.6422,8.7524
Valle del Cauca,Cali,Estacion_03,2021,2,51.28,27.85,-73.5416,8.0361
Cundinamarca,Zipaquirá,Estacion_26,2021,7,59.08,25.59,-74.1851,5.7374
Huila,Neiva,Estacion_30,2018,6,35.28,20.72,-74.8527,7.7423
Bogotá D.C.,Bogotá,Estacion_12,2021,9,61.08,24.52,-73.1863,7.6186
Bogotá D.C.,Bogotá,Estacion_30,2024,1,47.51,24.16,-74.9833,4.3081
Norte de Santander,Cúcuta,Estacion_21,2023,7,37.71,17.59,-74.984,7.8151
Antioquia,Medellín,Estacion_28,2019,10,42.24,18.64,-73.389,5.6608
Bogotá D.C.,Bogotá,Estacion_12,2019,1,56.17,27.23,-73.6229,9.3717
Bolívar,Cartagena,Estacion_19,2021,12,26.1,11.17,-73.7015,5.3067
Cundinamarca,Soacha,Estacion_02,2022,12,28.75,15.33,-74.914,10.0413
Bolívar,Cartagena,Estacion_30,2024,8,55.23,25.65,-74.4533,8.4112
Valle del Cauca,Cali,Estacion_11,2020,12,44.51,24.54,-73.613,10.4801
Atlántico,Barranquilla,Estacion_04,2022,1,29.81,16.01,-74.2214,8.4048
Norte de Santander,Cúcuta,Estacion_10,2024,5,29.43,17.38,-74.2037,6.843
Valle del Cauca,Palmira,Estacion_05,2018,8,51.83,25.65,-74.5305,9.6813
Antioquia,Bello,Estacion_27,2019,5,31.71,16.98,-74.939,4.0734
Bolívar,Cartagena,Estacion_25,2021,7,44.88,26.93,-74.8742,7.5278
Bogotá D.C.,Bogotá,Estacion_12,2019,11,46.06,23.5,-73.6412,8.4437
Antioquia,Bello,Estacion_16,2024,2,32.99,17.54,-73.8558,6.6139
Valle del Cauca,Palmira,Estacion_10,2018,4,53.25,25.65,-74.1153,5.8574
Cundinamarca,Zipaquirá,Estacion_24,2023,6,40.11,19.25,-73.1221,10.4253
Huila,Neiva,Estacion_11,2023,8,57.06,24.58,-73.1328,4.5597
Norte de Santander,Cúcuta,Estacion_14,2023,5,43.79,19.87,-74.3398,10.1962
Norte de Santander,Cúcuta,Estacion_07,2020,12,22.51,12.42,-74.4723,8.6939
Bolívar,Cartagena,Estacion_18,2018,6,33.15,14.8,-74.5142,9.2226
Bolívar,Cartagena,Estacion_26,2023,2,30.61,16.39,-74.5113,4.0419
Antioquia,Envigado,Estacion_06,2019,1,22.29,10.26,-74.6207,9.7217
Huila,Neiva,Estacion_07,2024,11,25.34,10.98,-73.869,10.0243
Santander,Floridablanca,Estacion_02,2019,9,46.65,27.56,-73.369,10.5434
Bolívar,Cartagena,Estacion_20,2024,10,28.74,16.19,-74.4834,7.0751
Atlántico,Barranquilla,Estacion_08,2023,9,49.66,20.44,-74.5234,5.2765
Huila,Neiva,Estacion_09,2023,1,18.88,7.86,-73.7663,5.5957
Valle del Cauca,Palmira,Estacion_10,2019,4,63.07,34.55,-74.7013,8.2568
Bolívar,Cartagena,Estacion_27,2020,2,30.8,14.85,-74.4625,6.3947
Cundinamarca,Soacha,Estacion_30,2021,6,13.86,7.7,-74.5965,10.7158
Antioquia,Medellín,Estacion_01,2023,7,43.93,26.23,-73.0306,5.4941
Valle del Cauca,Cali,Estacion_25,2024,7,71.33,30.82,-74.1012,7.268
Atlántico,Barranquilla,Estacion_14,2023,9,33.92,19.5,-74.9325,6.789
Santander,Floridablanca,Estacion_01,2024,8,54.18,22.38,-74.2431,4.2419
Huila,Neiva,Estacion_06,2022,9,35.42,21.22,-74.7295,6.0136
Bogotá D.C.,Bogotá,Estacion_26,2023,5,51.34,20.77,-73.704,7.0403
Boyacá,Tunja,Estacion_14,2021,7,27.09,11.77,-73.8617,4.0169
Cundinamarca,Soacha,Estacion_01,2024,1,35.47,21.33,-73.6753,6.4978
Cundinamarca,Zipaquirá,Estacion_14,2023,2,50.27,23.66,-74.1044,6.2054
Bolívar,Cartagena,Estacion_04,2022,4,58.08,31.52,-74.0312,8.0202
Norte de Santander,Cúcuta,Estacion_27,2022,2,32.22,14.96,-73.1722,7.5426
Bogotá D.C.,Bogotá,Estacion_27,2020,1,70.55,31.88,-73.3529,9.4255
Cundinamarca,Zipaquirá,Estacion_07,2019,3,19.98,11.71,-73.0493,5.8008
Cundinamarca,Soacha,Estacion_05,2018,3,31.1,19.71,-73.9327,8.5564
Antioquia,Bello,Estacion_20,2020,9,15.47,9.8,-74.544,4.114
Antioquia,Medellín,Estacion_22,2021,7,32.57,20.16,-74.7251,5.3518
Huila,Neiva,Estacion_16,2020,3,5.0,3.03,-73.1417,5.1313
Cundinamarca,Zipaquirá,Estacion_24,2022,12,5.96,3.54,-73.9473,10.363
Valle del Cauca,Cali,Estacion_15,2022,11,54.71,28.49,-74.3403,7.8266
Santander,Bucaramanga,Estacion_13,2022,1,30.51,17.78,-73.6042,5.7879
Boyacá,Duitama,Estacion_10,2021,12,38.99,25.14,-73.8011,10.8073
Santander,Floridablanca,Estacion_01,2024,11,27.84,14.23,-74.4613,9.4253
Cundinamarca,Soacha,Estacion_29,2023,9,49.15,22.63,-74.9926,8.3463
Bolívar,Cartagena,Estacion_07,2021,2,52.83,28.71,-74.7186,4.5857
Cundinamarca,Soacha,Estacion_01,2018,7,40.88,19.65,-73.1983,9.1272
Norte de Santander,Cúcuta,Estacion_09,2020,8,25.76,12.87,-74.3444,9.3105
Bolívar,Cartagena,Estacion_04,2019,5,19.27,9.97,-74.4508,4.0479
Cundinamarca,Zipaquirá,Estacion_11,2022,7,45.58,21.55,-74.885,4.499
Cundinamarca,Zipaquirá,Estacion_09,2020,2,7.44,3.26,-73.2165,10.031
Santander,Bucaramanga,Estacion_25,2022,10,8.36,3.35,-73.3966,9.8323
Atlántico,Soledad,Estacion_30,2022,7,12.5,5.05,-73.4489,9.8555
Bolívar,Cartagena,Estacion_24,2018,8,46.16,20.7,-73.2362,6.0881
Santander,Bucaramanga,Estacion_30,2019,9,36.4,20.41,-74.8785,4.3166
Boyacá,Tunja,Estacion_18,2022,12,31.36,17.32,-73.2547,9.227
Atlántico,Soledad,Estacion_22,2022,1,34.19,18.67,-74.1335,4.4635
Huila,Neiva,Estacion_20,2021,10,40.8,19.1,-73.0199,7.8867
Antioquia,Medellín,Estacion_12,2021,10,29.38,13.74,-74.9736,6.2244
Bogotá D.C.,Bogotá,Estacion_07,2020,7,60.01,38.61,-74.9717,6.2531
Atlántico,Soledad,Estacion_22,2018,6,17.54,9.58,-73.7441,7.8395
Valle del Cauca,Palmira,Estacion_01,2019,12,45.93,27.66,-74.9114,5.6329
Antioquia,Bello,Estacion_30,2022,10,27.01,17.39,-74.7202,7.6441
Huila,Neiva,Estacion_15,2019,5,41.14,22.25,-74.12,7.2189
Santander,Floridablanca,Estacion_15,2020,10,43.86,21.55,-73.1028,8.5941
Antioquia,Envigado,Estacion_29,2021,12,31.44,16.68,-74.6821,4.0259
Norte de Santander,Cúcuta,Estacion_27,2022,6,67.65,40.37,-73.96,6.775
Norte de Santander,Cúcuta,Estacion_04,2022,7,46.69,21.24,-73.0579,7.0055
Boyacá,Duitama,Estacion_23,2022,5,53.21,23.49,-74.16,7.364
Norte de Santander,Cúcuta,Estacion_04,2024,8,35.37,17.71,-73.3132,5.4955
Antioquia,Bello,Estacion_03,2024,9,35.99,22.7,-73.4035,4.6323
Norte de Santander,Cúcuta,Estacion_10,2024,3,56.11,33.97,-73.8737,6.9002
Norte de Santander,Cúcuta,Estacion_30,2021,3,16.71,7.67,-74.0797,5.0109
Bolívar,Cartagena,Estacion_15,2022,9,38.31,16.78,-74.6575,7.3007
Huila,Neiva,Estacion_02,2023,7,33.83,16.21,-74.4545,9.5962
Norte de Santander,Cúcuta,Estacion_02,2023,9,31.79,16.27,-74.3541,5.8164
Bolívar,Cartagena,Estacion_16,2020,6,51.49,23.2,-73.9503,10.9218
Norte de Santander,Cúcuta,Estacion_27,2021,12,39.47,19.27,-74.8704,7.4588
Bogotá D.C.,Bogotá,Estacion_12,2022,10,73.89,41.14,-74.6647,9.7874
Atlántico,Soledad,Estacion_18,2022,8,19.48,11.99,-73.081,8.7967
Cundinamarca,Soacha,Estacion_05,2019,10,44.71,22.35,-74.7825,4.8016
Huila,Neiva,Estacion_21,2024,6,33.6,20.22,-74.8005,10.4988
Norte de Santander,Cúcuta,Estacion_28,2023,2,16.17,8.53,-74.7324,9.659
Bolívar,Cartagena,Estacion_30,2021,7,28.68,15.75,-73.2538,4.3295
Huila,Neiva,Estacion_08,2021,3,6.48,3.55,-74.712,7.873
Atlántico,Barranquilla,Estacion_09,2023,9,19.79,11.19,-73.7851,7.1788
Bogotá D.C.,Bogotá,Estacion_23,2020,1,26.39,12.72,-73.9779,6.8964
Norte de Santander,Cúcuta,Estacion_07,2020,6,34.1,17.79,-74.5277,4.7109
Valle del Cauca,Cali,Estacion_04,2020,6,47.82,19.64,-73.3117,6.228
Bogotá D.C.,Bogotá,Estacion_05,2023,2,34.58,20.22,-73.9668,8.9764
Santander,Floridablanca,Estacion_02,2020,6,31.77,20.51,-73.9252,4.7327
Antioquia,Bello,Estacion_03,2020,8,55.75,32.08,-73.4949,10.5535
Boyacá,Tunja,Estacion_07,2021,9,28.4,18.39,-74.7723,8.3945
Cundinamarca,Soacha,Estacion_24,2018,10,15.21,7.8,-74.1072,4.3741
Valle del Cauca,Cali,Estacion_21,2020,11,25.42,12.88,-74.4162,6.8841
Bolívar,Cartagena,Estacion_01,2024,4,41.65,25.58,-73.0924,9.7008
Antioquia,Bello,Estacion_07,2019,10,20.74,9.95,-74.5627,7.4903
Atlántico,Barranquilla,Estacion_12,2022,8,19.35,8.51,-73.18,8.6855
Bolívar,Cartagena,Estacion_04,2022,7,52.51,33.63,-73.452,5.4586
Bogotá D.C.,Bogotá,Estacion_19,2024,2,48.54,23.11,-74.6726,9.7515
Atlántico,Barranquilla,Estacion_10,2018,7,47.54,29.17,-73.5272,4.4828
Boyacá,Duitama,Estacion_18,2019,10,21.41,13.63,-73.1792,6.0992
Cundinamarca,Zipaquirá,Estacion_23,2020,7,41.1,18.26,-74.7553,9.2011
Huila,Neiva,Estacion_18,2020,11,53.31,24.89,-73.1362,10.5036
Antioquia,Bello,Estacion_03,2021,1,45.42,21.99,-73.1034,10.2829
Antioquia,Envigado,Estacion_22,2018,7,29.68,18.06,-74.4266,10.989
Atlántico,Soledad,Estacion_27,2020,11,32.72,17.01,-73.6019,4.41
Huila,Neiva,Estacion_27,2022,4,25.56,12.06,-73.5281,4.8992
Valle del Cauca,Palmira,Estacion_10,2023,11,34.26,22.02,-73.4587,4.2007
Valle del Cauca,Palmira,Estacion_28,2023,6,78.11,43.86,-74.2311,9.7342
Antioquia,Envigado,Estacion_29,2019,7,30.21,14.93,-74.0806,8.1985
Cundinamarca,Zipaquirá,Estacion_14,2021,2,86.72,50.87,-73.1695,5.9452
Bogotá D.C.,Bogotá,Estacion_26,2024,3,47.49,27.29,-74.5596,8.296
Norte de Santander,Cúcuta,Estacion_03,2019,12,20.45,9.31,-74.158,6.5066
Bogotá D.C.,Bogotá,Estacion_16,2024,8,60.22,29.02,-73.7287,5.9325
Cundinamarca,Soacha,Estacion_09,2020,1,27.32,16.23,-74.2991,7.2054
Cundinamarca,Zipaquirá,Estacion_14,2020,3,28.08,17.33,-74.2462,4.3678
Norte de Santander,Cúcuta,Estacion_08,2021,3,30.95,16.9,-73.4991,9.1454
Cundinamarca,Zipaquirá,Estacion_12,2022,3,38.82,21.73,-74.0281,7.0707
Santander,Bucaramanga,Estacion_10,2022,1,68.88,44.23,-73.1615,7.833
Bogotá D.C.,Bogotá,Estacion_24,2024,6,55.8,32.48,-73.0425,9.8222
Santander,Floridablanca,Estacion_30,2023,5,45.71,19.89,-73.9331,7.7516
Huila,Neiva,Estacion_10,2021,4,24.29,15.53,-74.8678,10.4761
Santander,Floridablanca,Estacion_24,2023,12,54.76,25.91,-73.3411,5.0417
Antioquia,Medellín,Estacion_09,2023,10,46.47,23.91,-73.9659,8.1275
Boyacá,Tunja,Estacion_03,2019,12,37.51,18.03,-74.5123,7.4688
Cundinamarca,Zipaquirá,Estacion_04,2022,4,35.13,14.51,-73.9433,6.6178
Bogotá D.C.,Bogotá,Estacion_04,2023,12,8.43,3.81,-74.8314,4.6447
Antioquia,Bello,Estacion_08,2021,8,26.31,14.04,-74.6583,4.7272
Bogotá D.C.,Bogotá,Estacion_26,2022,2,47.76,23.94,-73.951,6.9627
Valle del Cauca,Palmira,Estacion_25,2021,1,49.05,26.34,-73.3243,4.9995
Cundinamarca,Soacha,Estacion_08,2024,12,67.19,29.89,-73.5139,4.0857
Bogotá D.C.,Bogotá,Estacion_06,2019,1,63.45,33.35,-73.2514,10.8376
Boyacá,Tunja,Estacion_22,2020,3,47.12,19.98,-73.4235,4.1912
Cundinamarca,Zipaquirá,Estacion_02,2018,6,56.47,23.65,-74.3605,8.1218
Valle del Cauca,Cali,Estacion_04,2024,7,47.62,25.23,-74.7426,9.9702
Santander,Bucaramanga,Estacion_02,2020,4,40.2,24.81,-73.8258,5.2893
Valle del Cauca,Cali,Estacion_12,2021,3,51.17,28.32,-74.9073,4.5287
Atlántico,Soledad,Estacion_18,2020,4,29.44,13.42,-74.7979,5.5948
Valle del Cauca,Palmira,Estacion_06,2022,7,55.4,25.53,-73.8046,6.3487
Cundinamarca,Zipaquirá,Estacion_11,2019,4,32.93,15.68,-73.9988,6.0888
Santander,Floridablanca,Estacion_14,2024,1,44.21,22.44,-74.6133,5.2171
Bogotá D.C.,Bogotá,Estacion_08,2021,8,72.14,37.4,-73.1902,9.7466
Santander,Floridablanca,Estacion_06,2022,8,41.81,25.45,-74.8158,8.8185
Cundinamarca,Zipaquirá,Estacion_12,2024,6,22.68,12.26,-74.8673,7.4155
Cundinamarca,Soacha,Estacion_12,2024,4,47.47,26.34,-74.1669,6.101
Santander,Floridablanca,Estacion_26,2020,4,22.1,10.22,-73.302,8.8858
Valle del Cauca,Palmira,Estacion_29,2021,5,69.12,39.17,-74.3239,7.9284
Cundinamarca,Soacha,Estacion_25,2023,10,28.09,15.11,-74.3218,5.7489
Santander,Bucaramanga,Estacion_29,2023,7,14.92,7.08,-74.3225,4.5726
Bolívar,Cartagena,Estacion_07,2023,11,35.78,19.21,-74.5508,5.9002
Santander,Floridablanca,Estacion_18,2020,9,34.93,19.02,-74.1741,4.7089
Norte de Santander,Cúcuta,Estacion_10,2022,8,23.72,12.99,-74.5273,8.2589
Norte de Santander,Cúcuta,Estacion_14,2018,6,49.36,25.92,-74.797,10.2786
Norte de Santander,Cúcuta,Estacion_23,2021,2,17.74,7.23,-74.9538,9.6448
Bolívar,Cartagena,Estacion_13,2018,8,25.63,15.21,-73.114,5.9171
Huila,Neiva,Estacion_27,2021,9,10.84,6.79,-74.9618,10.2737
Cundinamarca,Zipaquirá,Estacion_19,2019,2,40.19,18.94,-73.4325,8.1451
Santander,Floridablanca,Estacion_13,2019,6,40.65,22.79,-73.3233,9.2407
Valle del Cauca,Palmira,Estacion_27,2023,5,50.2,22.48,-74.7822,4.9709
Huila,Neiva,Estacion_01,2019,7,47.68,28.85,-74.4755,9.9254
Antioquia,Envigado,Estacion_04,2019,11,6.75,3.91,-73.8657,4.619
Cundinamarca,Zipaquirá,Estacion_22,2018,7,52.04,29.69,-73.8986,5.5292
Atlántico,Barranquilla,Estacion_02,2018,7,45.87,27.22,-74.9449,6.8095
Atlántico,Soledad,Estacion_24,2022,1,43.7,25.8,-74.8374,5.5849
Santander,Floridablanca,Estacion_07,2021,11,19.96,11.98,-73.086,5.9154
Antioquia,Bello,Estacion_02,2024,10,43.36,23.26,-73.6173,4.6203
Bogotá D.C.,Bogotá,Estacion_28,2021,8,56.55,35.47,-74.8177,6.8032
Santander,Bucaramanga,Estacion_25,2018,1,32.55,19.92,-73.6877,10.4589
Bogotá D.C.,Bogotá,Estacion_17,2022,7,71.73,38.45,-74.934,10.7537
Huila,Neiva,Estacion_08,2020,3,7.73,3.33,-73.3087,5.404
Norte de Santander,Cúcuta,Estacion_10,2022,5,73.41,33.21,-74.605,6.9783
Bolívar,Cartagena,Estacion_16,2024,10,5.0,3.0,-73.1584,6.6751
Antioquia,Bello,Estacion_26,2021,2,54.11,32.34,-74.768,10.1383
Antioquia,Envigado,Estacion_22,2020,1,10.44,6.78,-74.3931,7.2475
Bogotá D.C.,Bogotá,Estacion_30,2022,9,48.49,21.0,-73.9328,9.9576
Santander,Floridablanca,Estacion_05,2021,12,28.91,12.11,-73.1411,5.4919
Cundinamarca,Zipaquirá,Estacion_28,2022,6,22.49,11.41,-73.7896,5.6719
Antioquia,Medellín,Estacion_30,2023,8,35.72,16.98,-73.0587,8.6033
Cundinamarca,Soacha,Estacion_26,2022,5,45.43,19.52,-74.4321,4.3352
Atlántico,Barranquilla,Estacion_30,2020,4,53.78,25.97,-74.1781,8.6442
Valle del Cauca,Palmira,Estacion_03,2021,9,47.23,22.71,-73.4847,7.4779
Santander,Bucaramanga,Estacion_01,2019,11,48.78,23.94,-74.0269,9.6611
Bolívar,Cartagena,Estacion_17,2022,6,16.74,8.82,-73.0361,8.1852
Bogotá D.C.,Bogotá,Estacion_12,2018,10,69.03,39.71,-74.3185,7.1599
Cundinamarca,Soacha,Estacion_12,2020,9,32.59,21.11,-74.1035,9.0709
Bolívar,Cartagena,Estacion_13,2021,3,43.06,25.41,-74.2767,6.5687
Santander,Floridablanca,Estacion_28,2018,8,39.39,18.65,-73.0021,10.4469
Antioquia,Medellín,Estacion_01,2024,7,35.63,18.79,-73.0886,6.9469
Valle del Cauca,Palmira,Estacion_02,2024,12,20.59,8.26,-73.0632,10.8633
Cundinamarca,Zipaquirá,Estacion_18,2022,1,33.05,18.78,-73.0234,9.6294
Antioquia,Bello,Estacion_05,2022,3,50.33,22.55,-73.5598,4.852
Valle del Cauca,Cali,Estacion_08,2019,9,47.96,21.28,-74.69,4.0922
Santander,Floridablanca,Estacion_11,2024,3,21.07,11.62,-73.809,4.2236
Santander,Bucaramanga,Estacion_02,2023,9,32.7,15.27,-73.7893,4.8108
Boyacá,Tunja,Estacion_23,2018,4,32.89,20.17,-73.4514,5.3597
Bolívar,Cartagena,Estacion_06,2024,11,38.02,20.25,-74.7375,9.7795
Cundinamarca,Zipaquirá,Estacion_04,2023,12,48.03,25.09,-73.0389,8.1916
Bolívar,Cartagena,Estacion_01,2019,9,29.46,11.91,-74.8544,10.2647
Antioquia,Envigado,Estacion_10,2024,12,45.48,19.07,-74.3342,9.3134
Norte de Santander,Cúcuta,Estacion_30,2023,5,31.1,14.68,-73.8887,9.5991
Santander,Bucaramanga,Estacion_18,2018,3,50.42,27.17,-73.7795,4.158
Atlántico,Soledad,Estacion_16,2022,11,44.12,25.48,-74.9501,10.9677
Bolívar,Cartagena,Estacion_22,2019,2,38.87,22.6,-73.5626,5.7541
Atlántico,Soledad,Estacion_20,2022,1,56.71,27.21,-74.3361,6.2621
Boyacá,Duitama,Estacion_26,2020,10,14.14,5.73,-73.4809,5.306
Bogotá D.C.,Bogotá,Estacion_20,2021,10,44.4,25.41,-74.2814,5.0726
Huila,Neiva,Estacion_01,2021,2,32.94,16.64,-74.5188,7.1664
Santander,Floridablanca,Estacion_15,2018,2,20.27,10.13,-74.7122,6.9006
Atlántico,Soledad,Estacion_22,2022,2,25.3,10.49,-74.2846,8.4451
Norte de Santander,Cúcuta,Estacion_07,2021,12,65.61,32.78,-73.7724,8.481
Cundinamarca,Zipaquirá,Estacion_09,2020,8,37.63,23.61,-74.3538,10.1351
Bogotá D.C.,Bogotá,Estacion_22,2019,4,38.72,24.21,-74.6518,6.1104
Bogotá D.C.,Bogotá,Estacion_09,2018,8,52.56,25.52,-73.1154,6.7882
Antioquia,Bello,Estacion_18,2020,6,22.55,11.6,-73.3083,8.0947
Bogotá D.C.,Bogotá,Estacion_06,2024,8,33.93,14.97,-74.0956,5.6741
Atlántico,Barranquilla,Estacion_22,2019,10,29.35,17.57,-73.6487,6.0378
Valle del Cauca,Cali,Estacion_28,2018,6,25.52,12.68,-74.9078,4.1418
Valle del Cauca,Palmira,Estacion_13,2019,12,28.17,11.91,-74.6841,7.3976
Valle del Cauca,Cali,Estacion_27,2019,1,48.2,28.55,-73.1897,6.5143
Atlántico,Barranquilla,Estacion_29,2021,7,49.53,27.29,-74.0503,10.9336
Bogotá D.C.,Bogotá,Estacion_08,2019,6,47.2,21.6,-74.6862,4.3161
Norte de Santander,Cúcuta,Estacion_01,2019,3,5.0,3.0,-74.8096,8.0953
Antioquia,Envigado,Estacion_08,2023,4,39.97,20.88,-74.0256,8.2259
Bogotá D.C.,Bogotá,Estacion_21,2018,3,75.87,42.64,-74.1394,6.6375
Valle del Cauca,Palmira,Estacion_13,2023,12,35.66,20.86,-74.2922,8.1979
Bogotá D.C.,Bogotá,Estacion_19,2022,3,27.53,12.98,-73.4407,9.0887
Atlántico,Barranquilla,Estacion_24,2019,2,56.16,29.04,-73.1679,7.7413
Antioquia,Bello,Estacion_11,2021,5,29.9,15.26,-74.4241,5.7154
Bogotá D.C.,Bogotá,Estacion_20,2020,6,65.6,41.33,-73.6598,10.8182
Cundinamarca,Zipaquirá,Estacion_23,2021,6,54.52,22.6,-74.6464,7.2965
Cundinamarca,Soacha,Estacion_05,2018,10,38.42,22.09,-74.3577,7.8321
Cundinamarca,Soacha,Estacion_26,2023,10,40.39,16.76,-74.7359,4.4847
Antioquia,Bello,Estacion_16,2023,9,28.08,13.94,-73.3482,8.4283
Atlántico,Soledad,Estacion_08,2019,3,20.35,9.15,-74.0274,7.7741
Huila,Neiva,Estacion_03,2024,3,19.59,11.36,-73.7058,6.5734
Atlántico,Soledad,Estacion_03,2018,5,49.73,30.41,-73.7875,5.348
Bogotá D.C.,Bogotá,Estacion_24,2019,8,61.15,35.96,-73.8708,8.8782
Atlántico,Barranquilla,Estacion_07,2019,5,12.38,6.31,-73.8011,8.3846
Cundinamarca,Zipaquirá,Estacion_20,2019,3,59.74,31.89,-74.4843,7.4362
Norte de Santander,Cúcuta,Estacion_26,2023,8,30.43,15.31,-73.8598,10.1767
Boyacá,Tunja,Estacion_30,2022,3,41.6,19.5,-73.2584,9.7017
Boyacá,Tunja,Estacion_23,2021,7,36.75,17.39,-74.1378,10.0606
Atlántico,Soledad,Estacion_03,2024,3,5.0,3.0,-74.3091,10.7357
Atlántico,Soledad,Estacion_27,2020,11,38.63,19.24,-73.1393,6.7013
Bolívar,Cartagena,Estacion_09,2022,8,15.06,6.63,-74.4426,9.6152
Santander,Floridablanca,Estacion_27,2018,1,33.58,16.01,-73.7491,6.2043
Cundinamarca,Soacha,Estacion_19,2021,6,9.41,5.78,-74.714,8.7052
Cundinamarca,Soacha,Estacion_25,2021,7,58.11,33.57,-74.6414,10.6126
Boyacá,Tunja,Estacion_20,2021,10,37.0,22.92,-73.2671,4.5106
Huila,Neiva,Estacion_10,2021,11,23.6,11.63,-74.9913,5.0314
Atlántico,Soledad,Estacion_29,2021,8,6.87,4.35,-73.6015,9.1095
Bogotá D.C.,Bogotá,Estacion_30,2020,8,46.68,24.08,-73.2456,6.6151
Norte de Santander,Cúcuta,Estacion_23,2023,1,25.21,14.18,-73.9406,4.6553
Bolívar,Cartagena,Estacion_25,2019,4,37.58,19.21,-73.5377,5.0924
Bogotá D.C.,Bogotá,Estacion_11,2018,12,71.83,36.73,-74.2092,6.849
Atlántico,Barranquilla,Estacion_28,2024,9,26.88,13.62,-74.9913,4.4715
Valle del Cauca,Cali,Estacion_01,2024,1,71.34,37.51,-74.4632,6.7139
Santander,Bucaramanga,Estacion_07,2024,4,19.9,10.06,-74.0973,8.0338
Bogotá D.C.,Bogotá,Estacion_23,2022,10,34.63,19.89,-74.2376,9.9627
Santander,Floridablanca,Estacion_29,2021,10,48.47,21.0,-73.8754,6.5933
Cundinamarca,Zipaquirá,Estacion_19,2023,1,42.31,19.69,-74.2608,10.0702
Huila,Neiva,Estacion_12,2018,11,41.34,26.55,-73.2508,4.5421
Boyacá,Duitama,Estacion_13,2018,8,16.92,9.79,-73.2108,8.496
Norte de Santander,Cúcuta,Estacion_07,2022,12,61.6,32.49,-73.7222,9.0978
Bogotá D.C.,Bogotá,Estacion_09,2023,2,53.58,26.1,-74.2301,7.5628
Antioquia,Envigado,Estacion_07,2024,6,37.01,16.57,-73.7314,4.7212
Norte de Santander,Cúcuta,Estacion_16,2020,8,27.45,12.33,-73.7511,4.0842
Cundinamarca,Zipaquirá,Estacion_13,2020,8,51.12,21.85,-73.3184,7.1556
Santander,Bucaramanga,Estacion_03,2022,1,44.42,27.89,-74.7946,10.2822
Norte de Santander,Cúcuta,Estacion_16,2023,2,48.81,24.84,-74.7866,7.6117
Cundinamarca,Zipaquirá,Estacion_26,2022,7,49.77,25.76,-73.3368,7.0698
Huila,Neiva,Estacion_22,2019,3,47.66,23.99,-74.047,4.2918
Boyacá,Tunja,Estacion_11,2022,4,26.85,15.06,-74.8661,6.4344
Boyacá,Duitama,Estacion_23,2019,9,43.15,21.25,-74.2705,5.6759
Atlántico,Barranquilla,Estacion_10,2019,7,28.28,14.62,-73.4464,7.3738
Norte de Santander,Cúcuta,Estacion_03,2023,6,39.87,21.32,-74.4646,6.9773
Norte de Santander,Cúcuta,Estacion_20,2024,4,65.58,29.55,-74.6968,7.6081
Atlántico,Barranquilla,Estacion_29,2024,8,35.83,15.93,-73.4921,7.01
Norte de Santander,Cúcuta,Estacion_09,2020,2,17.28,9.98,-74.6708,4.8805
Norte de Santander,Cúcuta,Estacion_10,2021,2,14.13,9.07,-74.9912,7.8106
Atlántico,Barranquilla,Estacion_18,2022,8,51.97,20.89,-74.0866,9.8006
Norte de Santander,Cúcuta,Estacion_16,2024,8,51.98,26.89,-73.1603,10.6509
Antioquia,Medellín,Estacion_29,2024,9,31.53,18.08,-74.0385,7.5277
Cundinamarca,Soacha,Estacion_01,2024,10,47.68,19.8,-74.1148,4.5806
Antioquia,Medellín,Estacion_27,2019,12,40.17,19.03,-74.4195,5.5162
Bogotá D.C.,Bogotá,Estacion_24,2023,8,51.28,29.38,-74.1059,7.2876
Huila,Neiva,Estacion_30,2018,11,16.42,7.01,-74.2705,8.2694
Boyacá,Duitama,Estacion_13,2024,8,24.84,12.46,-74.9186,8.2658
Cundinamarca,Soacha,Estacion_07,2020,5,55.62,27.35,-74.677,9.7688
Santander,Bucaramanga,Estacion_22,2021,11,37.09,21.44,-74.6074,7.2123
Atlántico,Barranquilla,Estacion_05,2024,2,12.74,5.87,-73.7525,4.093
Bogotá D.C.,Bogotá,Estacion_23,2020,8,42.94,21.7,-73.4755,6.342
Huila,Neiva,Estacion_03,2020,1,34.8,14.52,-73.5823,10.3667
Cundinamarca,Soacha,Estacion_01,2022,1,28.26,12.25,-74.3027,8.0027
Atlántico,Soledad,Estacion_28,2021,6,10.55,6.64,-74.5934,6.2305
Norte de Santander,Cúcuta,Estacion_12,2021,2,17.73,9.75,-74.7844,7.9932
Bolívar,Cartagena,Estacion_27,2020,7,36.51,19.22,-74.1737,8.435
Santander,Bucaramanga,Estacion_26,2019,1,66.9,41.42,-74.8168,10.9644
Bolívar,Cartagena,Estacion_27,2023,7,27.53,14.58,-74.3792,7.7711
Santander,Bucaramanga,Estacion_24,2021,11,38.91,16.81,-74.9948,9.6759
Valle del Cauca,Cali,Estacion_18,2021,11,68.35,40.84,-74.3607,8.1246
Norte de Santander,Cúcuta,Estacion_09,2019,3,38.92,20.39,-74.7709,10.6805
Atlántico,Barranquilla,Estacion_29,2023,12,28.13,13.5,-74.1584,8.5882
Atlántico,Soledad,Estacion_20,2023,4,5.0,3.01,-74.8212,4.4075
Bogotá D.C.,Bogotá,Estacion_17,2024,10,46.95,20.12,-74.9929,10.5836
Norte de Santander,Cúcuta,Estacion_06,2022,11,32.07,20.7,-74.5387,8.8931
Santander,Bucaramanga,Estacion_11,2022,10,35.79,14.77,-73.5208,4.3456
Santander,Bucaramanga,Estacion_21,2021,7,14.01,7.09,-74.5151,6.9224
Valle del Cauca,Cali,Estacion_17,2024,2,59.71,31.64,-74.3024,10.889
Huila,Neiva,Estacion_25,2021,12,41.29,26.65,-73.4618,9.9276
Boyacá,Tunja,Estacion_03,2024,2,48.53,26.07,-74.5758,9.4583
Atlántico,Barranquilla,Estacion_28,2022,7,38.14,20.0,-74.5944,7.1351
Norte de Santander,Cúcuta,Estacion_05,2018,9,28.32,13.51,-73.6655,8.2448
Bolívar,Cartagena,Estacion_24,2024,6,31.08,17.46,-73.4851,4.7269
Bolívar,Cartagena,Estacion_16,2023,2,17.91,11.06,-74.7495,7.7154
Atlántico,Soledad,Estacion_30,2019,7,34.02,18.24,-73.1879,8.6674
Bogotá D.C.,Bogotá,Estacion_24,2023,7,66.41,41.91,-74.6562,5.1124
Cundinamarca,Zipaquirá,Estacion_14,2021,9,16.96,10.31,-73.9702,7.9891
Atlántico,Soledad,Estacion_21,2021,2,78.03,37.55,-74.6255,10.4174
Huila,Neiva,Estacion_15,2020,10,20.9,11.41,-73.3832,7.9592
Antioquia,Medellín,Estacion_11,2020,10,18.41,9.36,-73.0509,9.8516
Cundinamarca,Zipaquirá,Estacion_01,2022,4,37.46,23.53,-74.2613,9.1944
Bogotá D.C.,Bogotá,Estacion_01,2018,12,68.2,29.14,-73.1056,6.7127
Bolívar,Cartagena,Estacion_19,2018,3,30.51,16.71,-73.102,6.4674
Cundinamarca,Zipaquirá,Estacion_26,2018,9,28.99,12.42,-73.046,7.6791
Bogotá D.C.,Bogotá,Estacion_28,2023,6,55.35,22.2,-73.7931,5.8332
Huila,Neiva,Estacion_17,2021,9,43.9,24.58,-73.0152,8.3852
Bogotá D.C.,Bogotá,Estacion_19,2019,1,31.86,18.57,-74.7001,8.4353
Antioquia,Envigado,Estacion_17,2021,11,46.73,25.37,-73.0619,6.8105
Huila,Neiva,Estacion_05,2019,3,37.71,17.22,-74.6219,8.2331
Antioquia,Envigado,Estacion_18,2018,7,37.16,22.13,-74.0031,5.369
Valle del Cauca,Palmira,Estacion_26,2019,7,58.59,29.64,-74.4809,9.6345
Bolívar,Cartagena,Estacion_08,2021,12,5.0,3.0,-74.3467,10.1889
Antioquia,Envigado,Estacion_25,2020,5,5.0,3.0,-73.6733,8.1829
Cundinamarca,Zipaquirá,Estacion_09,2018,12,11.31,6.75,-74.2762,6.1275
Boyacá,Tunja,Estacion_09,2020,12,57.13,23.79,-74.2384,7.004
Norte de Santander,Cúcuta,Estacion_12,2024,9,42.89,20.03,-74.6034,6.0767
Atlántico,Soledad,Estacion_21,2022,7,58.6,32.67,-73.2906,9.8249
Atlántico,Soledad,Estacion_13,2024,5,23.95,9.76,-73.674,7.2251
Boyacá,Duitama,Estacion_01,2022,10,33.77,15.96,-74.6819,10.1868
Cundinamarca,Soacha,Estacion_22,2024,11,34.87,22.45,-74.1388,8.1794
Boyacá,Tunja,Estacion_12,2018,12,46.21,27.62,-74.3617,4.417
Bogotá D.C.,Bogotá,Estacion_18,2020,7,21.39,11.0,-74.4393,10.4244
Huila,Neiva,Estacion_19,2018,12,40.54,20.95,-74.5454,9.1681
Valle del Cauca,Palmira,Estacion_09,2023,6,25.32,13.69,-74.9428,6.952
Boyacá,Duitama,Estacion_04,2020,1,5.0,3.0,-73.6217,8.4522
Santander,Floridablanca,Estacion_01,2023,3,41.46,18.76,-74.546,4.4531
Bolívar,Cartagena,Estacion_25,2023,11,33.32,18.93,-74.5349,5.5666
Bolívar,Cartagena,Estacion_07,2018,12,33.91,14.77,-73.6864,8.0327
Santander,Bucaramanga,Estacion_13,2020,3,28.18,17.51,-73.3658,5.0429
Cundinamarca,Zipaquirá,Estacion_29,2019,11,22.19,11.78,-74.0082,7.6997
Norte de Santander,Cúcuta,Estacion_12,2020,6,54.12,34.56,-74.4809,9.2962
Bogotá D.C.,Bogotá,Estacion_19,2019,6,72.72,34.62,-73.3424,6.1887
Atlántico,Soledad,Estacion_23,2018,7,44.48,19.3,-74.627,9.9164
Cundinamarca,Zipaquirá,Estacion_07,2019,8,34.99,21.37,-73.3083,8.6746
Bolívar,Cartagena,Estacion_14,2023,12,41.72,24.64,-73.5057,9.3274
Santander,Bucaramanga,Estacion_06,2024,7,46.39,19.93,-73.0486,8.585
Cundinamarca,Soacha,Estacion_01,2022,10,37.08,23.48,-74.1522,5.6383
Huila,Neiva,Estacion_08,2018,4,52.92,33.73,-74.1283,7.4585
Bogotá D.C.,Bogotá,Estacion_11,2018,12,40.53,22.45,-73.8197,4.9999
Valle del Cauca,Palmira,Estacion_15,2019,11,71.37,32.39,-73.4367,9.7945
Norte de Santander,Cúcuta,Estacion_10,2022,6,5.0,3.06,-74.8191,6.0423
Valle del Cauca,Cali,Estacion_05,2020,10,56.6,34.8,-74.7105,5.2299
Atlántico,Barranquilla,Estacion_08,2020,3,21.1,10.93,-73.4658,7.0909
Bolívar,Cartagena,Estacion_20,2022,2,45.36,24.84,-73.503,8.401
Atlántico,Barranquilla,Estacion_17,2024,12,43.59,19.65,-74.4017,7.0512
Huila,Neiva,Estacion_08,2024,2,52.27,32.09,-73.6711,8.0968
Bolívar,Cartagena,Estacion_22,2023,2,20.08,9.64,-74.184,8.7832
Antioquia,Envigado,Estacion_30,2021,10,57.71,36.93,-73.3822,10.3679
Atlántico,Barranquilla,Estacion_17,2018,7,58.14,25.31,-73.7712,9.2055
Norte de Santander,Cúcuta,Estacion_08,2024,10,38.81,20.86,-74.2059,10.2992
Boyacá,Duitama,Estacion_07,2023,8,40.65,20.68,-74.0319,9.4101
Boyacá,Tunja,Estacion_19,2022,11,34.37,19.28,-74.3075,8.164
Huila,Neiva,Estacion_12,2024,4,35.2,14.58,-74.4517,4.3578
Valle del Cauca,Cali,Estacion_05,2024,11,29.15,15.26,-73.7742,10.2094
Santander,Floridablanca,Estacion_29,2018,3,53.96,29.6,-73.994,7.1681
Cundinamarca,Soacha,Estacion_08,2023,1,32.16,18.64,-74.5886,6.8566
Bolívar,Cartagena,Estacion_10,2023,2,55.23,29.5,-73.5528,5.6807
Cundinamarca,Soacha,Estacion_02,2018,4,45.7,23.38,-74.8567,10.0994
Boyacá,Tunja,Estacion_08,2019,5,15.57,7.69,-74.7989,6.1735
Valle del Cauca,Cali,Estacion_04,2019,9,51.93,23.03,-73.4581,9.1816
Antioquia,Envigado,Estacion_13,2022,2,27.37,15.9,-73.7257,5.5558
Bogotá D.C.,Bogotá,Estacion_18,2022,11,55.93,29.07,-74.5089,6.6626
Bogotá D.C.,Bogotá,Estacion_24,2022,10,50.07,28.14,-74.1432,5.2893
Bogotá D.C.,Bogotá,Estacion_12,2019,2,55.66,35.71,-73.1734,7.1973
Cundinamarca,Soacha,Estacion_09,2022,6,58.82,36.34,-74.9448,8.5795
Norte de Santander,Cúcuta,Estacion_04,2019,4,17.21,7.23,-74.7797,9.4676
Antioquia,Envigado,Estacion_09,2024,11,39.71,18.9,-74.4809,6.5436
Huila,Neiva,Estacion_05,2022,7,26.69,11.44,-74.6279,6.9945
Antioquia,Medellín,Estacion_15,2021,12,47.37,27.05,-74.7673,9.2867
Norte de Santander,Cúcuta,Estacion_25,2019,7,35.84,15.29,-73.5156,9.3544
Cundinamarca,Zipaquirá,Estacion_18,2019,1,49.01,24.17,-74.0112,7.2114
Atlántico,Soledad,Estacion_24,2020,1,39.15,22.39,-73.1447,9.33
Santander,Floridablanca,Estacion_03,2020,5,42.11,25.13,-73.2285,5.2314
Cundinamarca,Soacha,Estacion_24,2019,1,28.43,11.88,-74.0858,9.4539
Santander,Bucaramanga,Estacion_21,2023,2,56.67,27.98,-74.409,5.5873
Huila,Neiva,Estacion_18,2023,7,44.02,20.49,-74.9456,5.7518
Boyacá,Duitama,Estacion_18,2022,7,67.75,37.15,-73.1952,10.4888
Atlántico,Soledad,Estacion_18,2022,4,47.11,21.43,-73.6342,10.4437
Atlántico,Soledad,Estacion_24,2019,12,35.23,21.52,-73.469,8.0366
Valle del Cauca,Cali,Estacion_25,2023,10,68.53,28.4,-74.3403,5.5614
Antioquia,Medellín,Estacion_30,2020,1,49.11,24.27,-73.1267,5.0161
Antioquia,Medellín,Estacion_18,2021,3,41.07,21.35,-73.9628,4.143
Norte de Santander,Cúcuta,Estacion_15,2023,10,41.32,24.51,-73.108,8.564
Bolívar,Cartagena,Estacion_22,2021,9,14.88,8.66,-73.6877,9.8284
Bolívar,Cartagena,Estacion_19,2022,8,17.75,9.87,-74.8862,5.1286
Valle del Cauca,Cali,Estacion_16,2018,2,51.5,33.32,-74.2881,9.1644
Norte de Santander,Cúcuta,Estacion_29,2018,7,63.92,26.8,-74.5775,9.6055
Boyacá,Duitama,Estacion_28,2019,2,45.01,19.06,-73.8072,10.8675
Boyacá,Duitama,Estacion_15,2024,3,34.57,20.27,-73.4934,4.7235
Huila,Neiva,Estacion_20,2021,4,15.82,6.61,-73.8521,10.2415
Norte de Santander,Cúcuta,Estacion_13,2022,3,36.45,20.94,-74.7723,5.4503
Bogotá D.C.,Bogotá,Estacion_03,2021,8,39.99,17.14,-74.5564,10.8857
Atlántico,Soledad,Estacion_30,2018,4,56.81,23.82,-73.7722,7.6882
Santander,Bucaramanga,Estacion_25,2024,1,27.45,11.37,-74.0476,5.1434
Boyacá,Duitama,Estacion_12,2022,6,53.91,28.35,-74.3165,6.9477
Atlántico,Barranquilla,Estacion_05,2021,5,45.51,25.4,-74.709,6.2551
Boyacá,Tunja,Estacion_15,2024,5,34.95,14.59,-73.7996,9.1784
Boyacá,Tunja,Estacion_21,2023,5,49.88,31.15,-73.1908,4.7441
Valle del Cauca,Cali,Estacion_13,2024,1,20.58,11.02,-74.5335,8.1876
Boyacá,Duitama,Estacion_04,2024,4,31.82,15.26,-74.8124,6.7273
Bogotá D.C.,Bogotá,Estacion_01,2024,8,35.15,18.64,-73.5262,9.4262
Huila,Neiva,Estacion_21,2022,7,30.72,19.06,-73.8414,7.2537
Santander,Bucaramanga,Estacion_18,2023,10,22.92,12.64,-74.6483,4.7533
Bolívar,Cartagena,Estacion_11,2023,2,19.42,8.09,-74.5876,10.7409
Bolívar,Cartagena,Estacion_30,2021,8,43.75,17.81,-73.6152,4.8472
Atlántico,Soledad,Estacion_01,2023,3,27.55,15.47,-73.53,10.6157
Antioquia,Envigado,Estacion_20,2022,12,55.43,25.35,-73.3812,6.8826
Atlántico,Barranquilla,Estacion_24,2019,7,22.6,9.57,-73.9114,8.5417
Santander,Floridablanca,Estacion_09,2019,5,64.84,38.27,-73.8945,9.971
Valle del Cauca,Cali,Estacion_06,2023,5,51.48,29.57,-74.3847,6.8795
Antioquia,Medellín,Estacion_22,2023,9,63.54,32.18,-74.8697,6.3545
Santander,Bucaramanga,Estacion_20,2024,10,32.19,15.71,-73.758,8.3403
Antioquia,Medellín,Estacion_15,2018,6,47.58,22.73,-73.7274,6.1006
Boyacá,Tunja,Estacion_22,2023,10,65.87,29.3,-73.2798,8.6718
Antioquia,Medellín,Estacion_21,2019,6,46.29,22.95,-73.767,5.2687
Huila,Neiva,Estacion_02,2023,3,35.75,17.71,-73.8338,10.5558
Cundinamarca,Soacha,Estacion_25,2019,10,49.7,24.19,-74.5366,6.6861
Huila,Neiva,Estacion_03,2024,2,21.76,12.81,-73.7823,4.1137
Huila,Neiva,Estacion_26,2024,5,21.74,9.39,-73.6926,10.0106
Santander,Bucaramanga,Estacion_13,2021,11,45.88,21.45,-74.6174,9.6417
Norte de Santander,Cúcuta,Estacion_08,2020,4,57.27,29.68,-74.7949,10.6995
Norte de Santander,Cúcuta,Estacion_14,2022,5,32.95,19.57,-74.2761,6.0158
Santander,Bucaramanga,Estacion_24,2022,3,17.26,8.56,-73.7596,4.9349
Boyacá,Duitama,Estacion_01,2021,5,42.9,17.39,-73.2761,5.1416
Norte de Santander,Cúcuta,Estacion_20,2020,8,61.69,37.69,-73.2687,5.7412
Cundinamarca,Zipaquirá,Estacion_10,2020,4,32.02,19.71,-74.1903,4.3136
Bolívar,Cartagena,Estacion_26,2022,9,41.05,18.49,-74.9247,8.1434
Huila,Neiva,Estacion_09,2019,9,18.49,11.72,-73.0281,9.177
Huila,Neiva,Estacion_22,2021,9,34.1,21.85,-74.1406,8.1233
Huila,Neiva,Estacion_15,2018,7,29.95,18.37,-73.715,10.1053
Cundinamarca,Soacha,Estacion_03,2024,5,19.2,10.66,-73.1836,4.5656
Atlántico,Soledad,Estacion_26,2023,8,46.96,28.52,-74.1623,9.0953
Bogotá D.C.,Bogotá,Estacion_03,2022,12,61.57,39.15,-73.6276,6.6905
Santander,Floridablanca,Estacion_19,2023,11,40.17,18.15,-73.0689,8.2749
Cundinamarca,Zipaquirá,Estacion_01,2020,6,46.12,27.2,-74.9667,6.3459
Cundinamarca,Zipaquirá,Estacion_28,2023,10,37.76,18.34,-74.9089,9.7738
Santander,Bucaramanga,Estacion_26,2022,7,24.53,10.25,-73.3371,7.7594
Valle del Cauca,Palmira,Estacion_26,2021,2,45.73,18.93,-73.2756,10.0149
Norte de Santander,Cúcuta,Estacion_28,2023,8,38.71,19.62,-74.6551,6.6347
Santander,Bucaramanga,Estacion_21,2021,4,22.72,10.48,-73.5027,10.0162
Bogotá D.C.,Bogotá,Estacion_07,2020,9,48.92,19.8,-73.3202,4.1521
Antioquia,Medellín,Estacion_15,2022,10,25.3,16.24,-73.7792,5.4588
Santander,Floridablanca,Estacion_05,2024,12,44.41,23.2,-74.2994,6.6323
Bolívar,Cartagena,Estacion_29,2019,7,31.04,19.75,-73.5053,5.5094
Santander,Floridablanca,Estacion_07,2023,10,42.47,19.73,-73.9827,8.1842
Atlántico,Barranquilla,Estacion_04,2022,2,31.07,14.16,-74.1205,6.9518
Bolívar,Cartagena,Estacion_15,2019,2,27.38,17.02,-74.3971,10.0647
Bolívar,Cartagena,Estacion_29,2021,3,20.72,10.3,-73.1136,7.1115
Boyacá,Tunja,Estacion_17,2022,9,6.89,4.33,-73.7891,9.696
Santander,Floridablanca,Estacion_25,2024,6,17.76,9.99,-73.1181,9.8752
Boyacá,Tunja,Estacion_19,2020,4,20.13,10.3,-74.0806,5.7762
Bogotá D.C.,Bogotá,Estacion_16,2021,8,30.45,18.82,-74.9549,10.066
Cundinamarca,Zipaquirá,Estacion_12,2018,5,43.22,23.74,-74.2985,6.0863
Antioquia,Bello,Estacion_25,2021,4,29.07,16.15,-74.8836,4.2262
Bogotá D.C.,Bogotá,Estacion_24,2018,7,42.24,20.67,-73.9875,5.6952
Santander,Floridablanca,Estacion_11,2019,9,61.78,34.82,-74.1547,5.722
Valle del Cauca,Cali,Estacion_28,2023,3,56.28,28.56,-74.9362,8.7848
Bogotá D.C.,Bogotá,Estacion_09,2021,1,58.18,24.14,-74.509,6.1537
Boyacá,Duitama,Estacion_03,2018,10,19.62,11.23,-73.8043,7.9739
Cundinamarca,Zipaquirá,Estacion_03,2018,9,60.12,31.6,-73.5022,7.1348
Santander,Floridablanca,Estacion_14,2018,5,53.69,31.28,-74.0592,6.9754
Antioquia,Envigado,Estacion_21,2024,11,20.47,8.19,-73.5589,9.1315
Cundinamarca,Zipaquirá,Estacion_22,2023,7,44.43,23.85,-74.7055,8.2988
Boyacá,Tunja,Estacion_12,2021,6,54.73,22.12,-73.7162,4.4746
Valle del Cauca,Cali,Estacion_23,2019,1,53.2,28.92,-74.6281,6.9597
Santander,Bucaramanga,Estacion_11,2020,8,26.13,13.21,-73.1707,4.4696
Bogotá D.C.,Bogotá,Estacion_03,2019,2,33.99,16.79,-74.3833,6.1527
Atlántico,Barranquilla,Estacion_18,2022,2,34.49,18.11,-74.6647,7.1865
Santander,Bucaramanga,Estacion_01,2019,6,59.38,32.74,-74.4359,4.1168
Valle del Cauca,Cali,Estacion_26,2022,8,42.35,22.63,-73.5046,8.8978
Cundinamarca,Zipaquirá,Estacion_10,2024,8,12.36,6.42,-74.809,4.6312
Atlántico,Soledad,Estacion_03,2022,11,38.15,20.16,-74.6088,10.3049
Cundinamarca,Zipaquirá,Estacion_18,2024,2,42.66,20.79,-73.0983,10.5497
Norte de Santander,Cúcuta,Estacion_21,2019,12,48.91,23.57,-73.2464,9.6471
Bogotá D.C.,Bogotá,Estacion_23,2023,2,71.64,46.05,-73.892,6.6258
Boyacá,Tunja,Estacion_13,2021,6,35.47,18.96,-73.1151,4.6797
Atlántico,Soledad,Estacion_18,2024,10,25.63,10.84,-73.2169,9.358
Bogotá D.C.,Bogotá,Estacion_18,2018,5,53.38,29.45,-73.3671,6.1823
Valle del Cauca,Cali,Estacion_23,2022,6,46.38,27.19,-74.5157,9.3419
Bogotá D.C.,Bogotá,Estacion_06,2018,9,41.22,17.42,-74.8257,9.0661
Antioquia,Medellín,Estacion_08,2018,6,50.59,31.4,-74.2873,5.3704
Bogotá D.C.,Bogotá,Estacion_11,2019,1,59.52,30.5,-73.9344,8.702
Antioquia,Medellín,Estacion_20,2023,7,60.34,29.58,-73.9019,8.6455
Boyacá,Duitama,Estacion_15,2021,12,43.5,25.55,-74.3891,10.9157
Santander,Bucaramanga,Estacion_26,2022,12,21.49,13.83,-73.8047,4.688
Cundinamarca,Zipaquirá,Estacion_11,2019,1,15.25,9.66,-73.1653,9.6258
Bogotá D.C.,Bogotá,Estacion_04,2023,12,62.09,34.78,-73.62,4.653
Bogotá D.C.,Bogotá,Estacion_06,2023,5,67.47,29.37,-73.3515,10.4754
Valle del Cauca,Cali,Estacion_21,2024,8,68.7,38.44,-74.659,9.4751
Huila,Neiva,Estacion_05,2018,9,39.14,21.26,-73.1352,4.6045
Bogotá D.C.,Bogotá,Estacion_12,2022,4,58.27,34.96,-73.7333,10.5589
Boyacá,Duitama,Estacion_05,2024,3,19.3,11.11,-74.6842,4.2135
Bolívar,Cartagena,Estacion_18,2020,10,29.76,15.57,-74.7424,9.6354
Norte de Santander,Cúcuta,Estacion_04,2019,10,27.65,12.35,-73.5656,4.3129
Norte de Santander,Cúcuta,Estacion_23,2019,11,45.17,28.77,-74.2011,9.6421
Bogotá D.C.,Bogotá,Estacion_18,2018,3,56.2,28.36,-74.2828,6.1031
Bolívar,Cartagena,Estacion_15,2024,7,7.63,4.37,-73.786,6.3875
Huila,Neiva,Estacion_09,2024,2,8.38,4.58,-74.339,6.745
Santander,Bucaramanga,Estacion_02,2018,7,5.0,3.0,-73.318,7.0199
Valle del Cauca,Cali,Estacion_17,2022,8,17.99,11.15,-74.3048,8.8808
Huila,Neiva,Estacion_03,2019,7,28.4,16.04,-74.8951,8.5301
Valle del Cauca,Cali,Estacion_29,2018,2,62.56,25.17,-74.4411,9.815
Santander,Floridablanca,Estacion_29,2018,10,6.25,3.46,-74.5714,4.1167
Boyacá,Tunja,Estacion_25,2023,12,33.06,18.07,-73.0193,6.2586
Atlántico,Barranquilla,Estacion_23,2022,5,83.59,39.87,-73.8218,9.2744
Santander,Floridablanca,Estacion_26,2022,12,48.58,23.17,-74.7437,5.6756
Boyacá,Tunja,Estacion_24,2021,8,39.2,17.79,-74.8874,7.9508
Atlántico,Barranquilla,Estacion_22,2023,7,7.78,3.61,-73.9789,7.6195
Norte de Santander,Cúcuta,Estacion_27,2024,6,36.13,17.88,-73.6783,8.151
Valle del Cauca,Palmira,Estacion_25,2023,11,48.91,25.99,-74.6705,7.7556
Bogotá D.C.,Bogotá,Estacion_17,2019,3,46.6,21.08,-74.1264,7.5697
Boyacá,Duitama,Estacion_18,2023,5,23.18,12.08,-74.181,7.4665
Bogotá D.C.,Bogotá,Estacion_09,2020,9,22.54,14.5,-73.5319,8.0217
Huila,Neiva,Estacion_11,2019,2,37.53,15.77,-74.0448,10.2806
Boyacá,Tunja,Estacion_30,2022,12,56.18,31.22,-74.4509,8.9598
Santander,Bucaramanga,Estacion_22,2018,12,8.85,4.39,-73.2254,10.4998
Cundinamarca,Zipaquirá,Estacion_11,2024,2,5.0,3.05,-73.6962,9.5294
Huila,Neiva,Estacion_14,2020,6,38.36,18.75,-74.3634,9.3725
Cundinamarca,Zipaquirá,Estacion_29,2018,10,55.4,27.75,-73.9412,6.9874
Bogotá D.C.,Bogotá,Estacion_19,2019,6,43.55,18.62,-73.4314,9.8599
Antioquia,Envigado,Estacion_11,2022,8,7.4,4.17,-74.6895,10.4538
Valle del Cauca,Cali,Estacion_17,2020,9,59.3,32.62,-74.0408,6.8715
Bogotá D.C.,Bogotá,Estacion_14,2023,12,35.66,15.0,-73.7325,7.5431
Bogotá D.C.,Bogotá,Estacion_01,2024,4,49.25,30.02,-74.3327,5.5342
Atlántico,Soledad,Estacion_26,2022,7,46.96,23.48,-73.5063,4.7303
Boyacá,Duitama,Estacion_09,2020,7,45.1,24.64,-73.215,4.2863
Cundinamarca,Zipaquirá,Estacion_28,2020,12,25.6,15.52,-74.1942,8.9036
Bolívar,Cartagena,Estacion_02,2023,6,34.94,20.06,-73.4134,8.3684
Antioquia,Medellín,Estacion_20,2023,3,19.96,11.53,-73.358,6.4432
Bolívar,Cartagena,Estacion_26,2022,6,34.3,14.45,-73.2375,6.5019
Boyacá,Tunja,Estacion_18,2019,1,25.85,14.69,-74.092,10.1233
Norte de Santander,Cúcuta,Estacion_03,2019,7,39.8,25.3,-74.2584,7.3438
Norte de Santander,Cúcuta,Estacion_10,2023,7,45.6,18.27,-73.8776,9.4373
Bogotá D.C.,Bogotá,Estacion_27,2020,2,39.51,25.07,-73.7857,4.4527
Bolívar,Cartagena,Estacion_12,2018,3,7.53,4.09,-73.624,6.0925
Santander,Bucaramanga,Estacion_11,2019,11,62.08,34.45,-74.6443,9.3153
Atlántico,Soledad,Estacion_22,2022,8,54.76,25.63,-74.1101,6.4535
Boyacá,Tunja,Estacion_16,2018,6,23.9,11.13,-73.4124,5.4717
Santander,Bucaramanga,Estacion_25,2021,9,56.41,29.2,-74.0147,6.354
Cundinamarca,Soacha,Estacion_05,2023,1,40.68,22.5,-73.2048,7.4081
Atlántico,Soledad,Estacion_28,2018,6,24.67,11.17,-73.8125,7.2663
Bogotá D.C.,Bogotá,Estacion_04,2018,6,47.51,28.11,-73.7709,5.8398
Antioquia,Envigado,Estacion_09,2023,9,21.9,11.41,-74.6541,10.5981
Bolívar,Cartagena,Estacion_13,2020,2,36.99,23.73,-73.7322,6.1631
Cundinamarca,Zipaquirá,Estacion_29,2023,6,46.74,24.16,-73.7609,6.1985
Atlántico,Barranquilla,Estacion_18,2020,6,33.34,19.8,-73.5002,9.5003
Boyacá,Duitama,Estacion_24,2022,5,37.3,22.69,-74.2757,7.5111
Cundinamarca,Zipaquirá,Estacion_02,2019,9,36.72,20.57,-73.4466,6.8738
Atlántico,Barranquilla,Estacion_24,2023,11,23.42,13.98,-73.7238,7.1083
Santander,Bucaramanga,Estacion_15,2018,5,18.7,12.04,-73.7328,4.6721
Bolívar,Cartagena,Estacion_24,2024,12,46.77,21.58,-74.4183,7.8918
Boyacá,Duitama,Estacion_02,2022,12,42.35,20.89,-73.4668,4.2596
Bolívar,Cartagena,Estacion_07,2022,7,69.69,29.63,-74.8443,6.4355
Bogotá D.C.,Bogotá,Estacion_25,2018,8,51.83,30.98,-74.4606,4.2341
Norte de Santander,Cúcuta,Estacion_23,2022,3,5.0,3.18,-74.3748,8.7593
Cundinamarca,Soacha,Estacion_04,2023,6,11.97,6.78,-73.4587,10.4634
Cundinamarca,Zipaquirá,Estacion_13,2023,4,22.66,11.06,-74.6041,6.9991
Atlántico,Soledad,Estacion_29,2023,6,29.16,12.0,-74.8844,4.8966
Norte de Santander,Cúcuta,Estacion_09,2024,2,15.71,10.08,-74.539,6.4178
Antioquia,Medellín,Estacion_20,2018,2,34.35,17.76,-73.2855,5.1548
Santander,Bucaramanga,Estacion_14,2021,11,39.62,24.99,-74.3727,8.9859
Huila,Neiva,Estacion_15,2024,2,46.29,29.66,-74.608,9.3735
Bogotá D.C.,Bogotá,Estacion_30,2021,11,52.2,31.38,-73.4516,7.0587
Boyacá,Tunja,Estacion_13,2024,1,5.0,3.0,-73.1028,8.6857
Atlántico,Soledad,Estacion_26,2022,5,31.52,18.18,-73.4002,4.9904
Norte de Santander,Cúcuta,Estacion_14,2022,2,41.62,17.98,-74.6078,9.6159
Antioquia,Bello,Estacion_21,2023,3,39.11,18.8,-74.6819,6.6433
Antioquia,Envigado,Estacion_16,2024,11,8.99,3.93,-74.3337,8.3309
Santander,Floridablanca,Estacion_25,2024,6,27.17,13.93,-74.4718,8.4038
Cundinamarca,Zipaquirá,Estacion_23,2019,3,15.42,7.25,-73.1509,4.7656
Antioquia,Envigado,Estacion_18,2023,12,54.64,26.54,-74.5723,10.4496
Atlántico,Barranquilla,Estacion_22,2020,3,52.78,29.66,-73.9203,8.8301
Atlántico,Soledad,Estacion_27,2023,7,41.77,22.06,-73.4394,7.7594
Santander,Floridablanca,Estacion_03,2020,7,30.69,19.54,-74.4779,7.6556
Atlántico,Barranquilla,Estacion_11,2020,1,27.06,16.91,-74.7774,7.1004
Norte de Santander,Cúcuta,Estacion_30,2021,1,40.99,25.4,-74.2102,6.0376
Bolívar,Cartagena,Estacion_24,2022,1,51.84,33.58,-73.6772,7.3822
Antioquia,Envigado,Estacion_08,2024,8,17.34,8.55,-74.0336,8.5794
Antioquia,Envigado,Estacion_14,2019,2,52.18,27.38,-74.9164,7.8192
Norte de Santander,Cúcuta,Estacion_18,2018,11,29.56,17.84,-74.5553,5.5833
Valle del Cauca,Palmira,Estacion_28,2020,11,66.76,33.39,-73.7705,7.2709
Antioquia,Envigado,Estacion_20,2018,7,58.22,33.25,-74.5386,8.7721
Cundinamarca,Zipaquirá,Estacion_26,2024,10,40.5,16.54,-73.8709,8.9676
Bolívar,Cartagena,Estacion_08,2020,3,23.6,10.12,-73.0773,7.1544
Bogotá D.C.,Bogotá,Estacion_18,2018,12,76.88,41.49,-74.8003,6.7797
Norte de Santander,Cúcuta,Estacion_19,2021,8,51.03,22.65,-73.0785,10.4559
Antioquia,Envigado,Estacion_08,2023,7,30.29,17.63,-73.4381,6.3865
Valle del Cauca,Palmira,Estacion_26,2018,3,63.24,37.26,-73.8992,7.5703
Boyacá,Duitama,Estacion_17,2018,3,48.99,30.19,-73.1439,5.6233
Boyacá,Tunja,Estacion_25,2022,5,45.2,25.3,-74.9915,6.5346
Atlántico,Soledad,Estacion_28,2018,8,61.8,29.53,-73.1634,6.6417
Atlántico,Soledad,Estacion_04,2018,3,33.75,21.16,-73.4697,5.0538
Norte de Santander,Cúcuta,Estacion_07,2018,10,22.28,10.75,-73.9735,8.4435
Bolívar,Cartagena,Estacion_30,2019,6,45.65,23.44,-74.0144,7.4506
Bolívar,Cartagena,Estacion_07,2018,6,7.09,3.56,-74.0962,4.3989
Huila,Neiva,Estacion_03,2019,5,54.62,21.91,-74.8136,6.7451
Norte de Santander,Cúcuta,Estacion_25,2023,11,22.56,12.16,-74.3585,5.6735
Cundinamarca,Zipaquirá,Estacion_04,2024,9,7.83,4.03,-73.2687,7.0491
Bogotá D.C.,Bogotá,Estacion_13,2020,4,57.82,36.74,-73.6879,9.0008
Huila,Neiva,Estacion_22,2023,11,50.77,28.42,-74.0552,5.6543
Atlántico,Barranquilla,Estacion_06,2020,10,10.84,6.48,-73.5032,9.0579
Bolívar,Cartagena,Estacion_30,2024,8,44.33,27.35,-74.7674,4.0023
Norte de Santander,Cúcuta,Estacion_29,2022,1,27.87,15.24,-73.5982,10.8825
Atlántico,Barranquilla,Estacion_18,2018,6,12.58,7.69,-74.6756,4.3603
Huila,Neiva,Estacion_27,2022,12,54.26,33.77,-73.3945,6.8949
Antioquia,Medellín,Estacion_04,2018,8,53.82,26.81,-73.2378,6.5344
Boyacá,Duitama,Estacion_11,2021,3,29.32,15.48,-73.4195,5.0619
Cundinamarca,Soacha,Estacion_10,2022,6,29.81,12.11,-74.5936,4.0729
Norte de Santander,Cúcuta,Estacion_22,2021,9,79.74,49.01,-73.5167,4.0799
Cundinamarca,Zipaquirá,Estacion_24,2022,12,7.26,4.64,-73.5643,6.8541
Atlántico,Barranquilla,Estacion_30,2021,9,15.52,8.06,-73.7504,10.0361
Bolívar,Cartagena,Estacion_15,2022,6,10.27,4.63,-73.87,9.7779
Valle del Cauca,Palmira,Estacion_08,2021,8,58.82,36.46,-73.3842,10.4596
Antioquia,Envigado,Estacion_26,2018,1,58.89,38.11,-74.7536,7.8773
Cundinamarca,Soacha,Estacion_06,2023,1,26.63,13.36,-73.0663,8.5721
Valle del Cauca,Palmira,Estacion_07,2019,4,61.25,36.56,-74.5686,8.1257
Atlántico,Soledad,Estacion_09,2021,1,68.46,40.86,-73.3712,10.2272
Cundinamarca,Zipaquirá,Estacion_23,2019,11,48.13,23.39,-74.739,6.3872
Norte de Santander,Cúcuta,Estacion_11,2024,3,27.47,15.1,-74.8193,7.5409
Atlántico,Soledad,Estacion_23,2024,1,49.41,31.38,-74.4924,10.2005
Norte de Santander,Cúcuta,Estacion_10,2022,8,38.03,22.63,-74.3187,4.7464
Huila,Neiva,Estacion_09,2019,6,27.39,11.94,-73.3957,6.2679
Bolívar,Cartagena,Estacion_25,2020,3,45.47,22.34,-73.3986,7.3577
Cundinamarca,Zipaquirá,Estacion_18,2021,1,33.1,19.22,-73.0981,5.1815
Atlántico,Barranquilla,Estacion_30,2021,1,31.04,19.42,-74.8139,10.7819
Boyacá,Duitama,Estacion_14,2019,10,38.55,20.62,-74.056,7.6714
Bolívar,Cartagena,Estacion_30,2022,8,13.2,5.95,-73.4048,4.534
Valle del Cauca,Palmira,Estacion_19,2020,7,64.87,36.76,-74.2154,6.1029
Cundinamarca,Soacha,Estacion_08,2019,3,59.54,31.88,-73.9869,7.2971
Bogotá D.C.,Bogotá,Estacion_03,2023,1,57.58,24.17,-73.122,5.03
Valle del Cauca,Cali,Estacion_03,2023,8,66.05,32.47,-74.4568,6.7884
Norte de Santander,Cúcuta,Estacion_20,2019,11,38.72,23.89,-74.4619,6.9054
Bolívar,Cartagena,Estacion_21,2023,1,30.77,18.31,-74.289,6.8403
Huila,Neiva,Estacion_09,2020,3,39.94,23.18,-74.8892,7.7419
Boyacá,Duitama,Estacion_24,2022,4,25.35,11.42,-73.8543,6.6072
Bolívar,Cartagena,Estacion_29,2019,12,20.8,12.0,-74.9791,4.3428
Antioquia,Bello,Estacion_11,2021,10,29.85,13.09,-74.7308,7.398
Santander,Floridablanca,Estacion_17,2023,2,22.92,9.72,-74.9114,4.748
Cundinamarca,Zipaquirá,Estacion_20,2024,8,23.52,13.34,-74.9446,4.9039
Antioquia,Envigado,Estacion_05,2018,2,40.04,23.26,-74.2943,5.6679
Valle del Cauca,Palmira,Estacion_27,2018,5,46.54,28.52,-73.4921,8.0984
Norte de Santander,Cúcuta,Estacion_19,2018,6,5.0,3.14,-73.171,9.6739
Antioquia,Bello,Estacion_27,2019,10,27.17,15.26,-74.8334,8.2108
Bogotá D.C.,Bogotá,Estacion_11,2024,8,50.27,32.21,-73.1705,6.0932
Bolívar,Cartagena,Estacion_19,2021,3,63.09,31.32,-74.3083,4.5581
Norte de Santander,Cúcuta,Estacion_23,2018,3,28.89,18.61,-73.4165,7.2888
Bolívar,Cartagena,Estacion_25,2023,7,53.65,30.96,-74.0778,5.203
Santander,Floridablanca,Estacion_07,2023,5,45.06,27.71,-73.7547,7.2371
Bolívar,Cartagena,Estacion_20,2024,7,64.42,31.6,-74.7794,10.328
Santander,Bucaramanga,Estacion_29,2022,11,17.92,9.92,-73.8573,9.3403
Atlántico,Soledad,Estacion_30,2022,11,12.22,4.95,-74.4063,6.0511
Huila,Neiva,Estacion_02,2023,1,31.48,12.67,-74.8684,8.893
Bolívar,Cartagena,Estacion_16,2021,3,15.9,7.5,-74.6644,6.6736
Valle del Cauca,Cali,Estacion_12,2020,10,53.4,29.36,-74.8939,9.3233
Santander,Bucaramanga,Estacion_30,2018,11,38.2,18.45,-74.0665,4.7611
Antioquia,Bello,Estacion_06,2024,3,8.78,4.08,-73.08,6.2978
Huila,Neiva,Estacion_29,2018,11,55.08,22.94,-74.4682,10.4288
Atlántico,Barranquilla,Estacion_11,2022,9,46.92,28.17,-74.6728,8.0265
Atlántico,Soledad,Estacion_20,2021,11,33.88,17.07,-73.6129,9.5126
Antioquia,Bello,Estacion_08,2024,10,44.05,22.37,-73.1744,9.1923
Bolívar,Cartagena,Estacion_13,2020,1,36.14,14.84,-74.5944,8.2358
Bogotá D.C.,Bogotá,Estacion_23,2023,1,24.83,15.3,-73.7102,6.1077
Bolívar,Cartagena,Estacion_08,2024,12,46.9,27.03,-74.3638,8.6106
Bogotá D.C.,Bogotá,Estacion_06,2023,4,68.73,39.93,-73.5001,9.143
Bolívar,Cartagena,Estacion_26,2024,5,49.73,31.65,-74.5507,5.3752
Atlántico,Soledad,Estacion_19,2018,5,30.62,18.2,-73.8201,5.2826
Boyacá,Tunja,Estacion_17,2021,9,44.38,25.45,-74.3313,5.3869
Norte de Santander,Cúcuta,Estacion_29,2019,4,52.06,24.43,-74.5029,10.287
Atlántico,Barranquilla,Estacion_06,2019,7,37.12,17.73,-73.3097,5.0677
Bolívar,Cartagena,Estacion_01,2023,10,25.52,15.43,-74.6854,5.6921
Boyacá,Tunja,Estacion_11,2018,7,32.65,13.45,-74.5029,4.9245
Antioquia,Medellín,Estacion_16,2023,2,25.64,13.68,-74.0027,9.6278
Santander,Bucaramanga,Estacion_09,2019,3,45.53,28.4,-73.3644,8.7257
Boyacá,Duitama,Estacion_10,2018,2,27.73,16.73,-73.2883,4.9212
Atlántico,Barranquilla,Estacion_16,2024,9,30.14,12.62,-74.8177,5.7463
Boyacá,Tunja,Estacion_12,2023,12,38.84,21.47,-74.4921,9.3346
Antioquia,Envigado,Estacion_23,2024,8,57.59,24.62,-73.616,10.0083
Boyacá,Duitama,Estacion_16,2018,7,25.11,16.06,-73.7364,4.9202
Santander,Floridablanca,Estacion_08,2018,7,39.49,16.98,-74.179,9.9176
Antioquia,Envigado,Estacion_22,2024,9,17.57,10.17,-74.5251,4.92
Bogotá D.C.,Bogotá,Estacion_14,2018,6,19.22,8.43,-74.3712,7.9366
Cundinamarca,Zipaquirá,Estacion_22,2023,7,21.25,8.91,-74.6203,5.5104
Cundinamarca,Soacha,Estacion_30,2022,1,25.58,15.0,-73.8143,4.7651
Antioquia,Bello,Estacion_25,2024,7,31.84,18.57,-73.8002,7.3991
Norte de Santander,Cúcuta,Estacion_18,2022,4,5.98,3.0,-73.4015,10.2708
Antioquia,Bello,Estacion_08,2022,9,64.56,33.46,-73.9287,6.4662
Norte de Santander,Cúcuta,Estacion_30,2021,10,60.69,24.97,-74.299,4.2463
Huila,Neiva,Estacion_11,2021,9,26.36,13.7,-73.952,4.0842
Valle del Cauca,Palmira,Estacion_06,2024,1,53.85,34.78,-74.7755,8.6814
Santander,Floridablanca,Estacion_05,2023,4,21.52,10.13,-74.0678,5.5629
Bogotá D.C.,Bogotá,Estacion_02,2024,7,57.69,36.81,-73.9591,8.1889
Huila,Neiva,Estacion_04,2023,5,28.0,15.04,-74.1767,10.2419
Santander,Floridablanca,Estacion_16,2020,10,45.07,18.43,-74.1304,7.688
Cundinamarca,Zipaquirá,Estacion_12,2018,9,25.87,11.0,-74.15,6.4803
Bogotá D.C.,Bogotá,Estacion_22,2022,6,72.18,32.61,-74.3927,10.4829
Antioquia,Envigado,Estacion_02,2023,11,16.46,7.19,-73.5605,4.9429
Norte de Santander,Cúcuta,Estacion_14,2020,4,42.49,19.55,-74.0605,7.3377
Atlántico,Barranquilla,Estacion_22,2019,2,18.47,9.61,-73.8162,5.1262
Cundinamarca,Soacha,Estacion_12,2020,9,50.82,26.43,-74.6926,9.9648
Valle del Cauca,Palmira,Estacion_22,2018,3,85.19,40.92,-73.6836,10.9775
Santander,Bucaramanga,Estacion_17,2023,12,24.33,9.95,-73.8728,10.4288
Atlántico,Soledad,Estacion_13,2023,8,36.47,15.82,-74.245,6.7421
Bogotá D.C.,Bogotá,Estacion_26,2024,5,66.59,30.29,-73.6575,4.1925
Huila,Neiva,Estacion_10,2019,6,42.06,26.67,-73.0282,7.442
Santander,Bucaramanga,Estacion_15,2022,10,45.74,29.29,-74.1744,10.9326
Cundinamarca,Zipaquirá,Estacion_05,2022,10,25.13,10.68,-73.7887,6.6431
Valle del Cauca,Palmira,Estacion_05,2021,6,54.69,22.64,-74.6681,5.7487
Valle del Cauca,Cali,Estacion_29,2020,1,34.58,21.16,-73.0931,5.2912
Antioquia,Envigado,Estacion_12,2022,10,52.79,30.84,-73.3479,4.716
Norte de Santander,Cúcuta,Estacion_25,2024,9,36.72,15.33,-74.1949,4.3041
Norte de Santander,Cúcuta,Estacion_28,2019,4,33.43,18.21,-74.0244,7.8733
Santander,Floridablanca,Estacion_21,2022,1,22.28,9.99,-74.8342,4.9837
Cundinamarca,Zipaquirá,Estacion_27,2022,5,27.62,13.14,-74.6894,5.0132
Santander,Bucaramanga,Estacion_09,2022,9,40.05,16.73,-73.2634,5.6429
Antioquia,Bello,Estacion_12,2018,4,26.63,16.93,-73.3248,10.1004
Norte de Santander,Cúcuta,Estacion_23,2019,7,25.86,15.59,-73.1598,9.5159
Huila,Neiva,Estacion_22,2022,7,15.88,6.38,-74.8295,5.8459
Antioquia,Envigado,Estacion_19,2024,12,39.94,21.77,-73.4008,4.8764
Boyacá,Duitama,Estacion_22,2023,10,39.89,17.38,-74.3925,7.4034
Norte de Santander,Cúcuta,Estacion_10,2018,1,36.12,15.29,-73.4888,7.6097
Antioquia,Envigado,Estacion_21,2018,5,40.96,16.48,-73.0335,10.4514
Atlántico,Barranquilla,Estacion_11,2023,2,16.23,6.5,-74.3764,4.2699
Boyacá,Duitama,Estacion_01,2022,12,41.77,19.58,-74.9045,10.9953
Cundinamarca,Zipaquirá,Estacion_04,2020,11,41.84,18.96,-74.9564,4.732
Boyacá,Duitama,Estacion_09,2020,8,19.85,8.56,-73.4709,7.2041
Bolívar,Cartagena,Estacion_26,2018,8,34.46,15.63,-73.0137,7.1481
Santander,Floridablanca,Estacion_01,2022,4,31.51,14.55,-74.7869,5.6013
Huila,Neiva,Estacion_03,2019,11,24.53,9.84,-74.2294,5.569
Cundinamarca,Zipaquirá,Estacion_12,2019,2,42.16,24.27,-73.887,6.4338
Cundinamarca,Soacha,Estacion_03,2023,1,78.96,43.48,-73.712,6.0673
Antioquia,Medellín,Estacion_11,2019,7,59.61,24.4,-73.138,4.1492
Santander,Floridablanca,Estacion_10,2022,7,22.65,12.24,-73.4502,8.453
Norte de Santander,Cúcuta,Estacion_17,2020,9,37.85,15.8,-74.9758,8.5474
Cundinamarca,Soacha,Estacion_01,2018,8,35.39,14.79,-74.0274,10.6903
Atlántico,Soledad,Estacion_11,2022,5,33.73,18.51,-73.3821,9.7111
Bogotá D.C.,Bogotá,Estacion_17,2018,2,51.94,29.91,-74.1538,4.3645
Bogotá D.C.,Bogotá,Estacion_20,2018,3,56.38,26.33,-74.4126,10.6137
Boyacá,Duitama,Estacion_28,2022,7,24.8,11.37,-73.676,6.1213
Huila,Neiva,Estacion_23,2020,6,38.48,24.44,-74.5424,10.8995
Bolívar,Cartagena,Estacion_27,2019,12,36.12,14.46,-73.1264,4.3878
Huila,Neiva,Estacion_13,2023,7,46.16,29.77,-74.5711,6.7014
Antioquia,Envigado,Estacion_20,2021,11,40.38,26.19,-74.5671,7.9755
Santander,Floridablanca,Estacion_23,2019,5,25.42,13.39,-73.5647,5.0657
Atlántico,Soledad,Estacion_28,2022,7,59.87,27.59,-73.7565,10.0603
Cundinamarca,Zipaquirá,Estacion_22,2018,5,5.0,3.0,-73.0179,10.7127
Santander,Bucaramanga,Estacion_26,2018,8,47.96,30.42,-74.1392,6.557
Norte de Santander,Cúcuta,Estacion_16,2024,4,27.6,16.73,-74.075,4.8771
Antioquia,Bello,Estacion_05,2020,1,13.54,7.3,-74.624,10.1384
Santander,Floridablanca,Estacion_10,2021,4,52.04,31.48,-73.9298,8.1718
Bogotá D.C.,Bogotá,Estacion_10,2023,11,36.44,22.54,-73.8014,5.6614
Valle del Cauca,Palmira,Estacion_23,2024,2,44.61,28.84,-74.2049,9.2315
Valle del Cauca,Palmira,Estacion_11,2019,10,60.83,33.78,-74.6527,10.8944
Bogotá D.C.,Bogotá,Estacion_22,2018,2,36.25,21.3,-74.8337,6.2869
Antioquia,Bello,Estacion_03,2024,10,16.35,9.76,-73.0641,9.2289
Norte de Santander,Cúcuta,Estacion_05,2018,4,39.83,15.94,-73.6548,7.8923
Valle del Cauca,Cali,Estacion_17,2024,5,46.27,19.1,-73.6392,10.6508
Norte de Santander,Cúcuta,Estacion_16,2019,4,22.43,12.75,-74.5639,4.4295
Santander,Bucaramanga,Estacion_16,2023,8,45.67,29.59,-73.2878,10.5708
Boyacá,Duitama,Estacion_03,2022,3,31.44,13.57,-74.8564,10.9392
Norte de Santander,Cúcuta,Estacion_29,2019,1,13.84,7.36,-73.0319,9.7536
Antioquia,Bello,Estacion_13,2018,11,48.31,26.93,-73.0505,5.5634
Bogotá D.C.,Bogotá,Estacion_07,2021,5,53.65,24.66,-73.9865,6.218
Huila,Neiva,Estacion_14,2024,8,12.13,6.17,-74.9701,5.7067
Atlántico,Barranquilla,Estacion_23,2022,12,36.29,17.63,-73.4232,7.7356
Cundinamarca,Zipaquirá,Estacion_30,2018,3,44.35,21.96,-73.795,7.2277
Santander,Floridablanca,Estacion_28,2024,3,46.97,29.44,-74.1711,5.8008
Santander,Floridablanca,Estacion_25,2019,12,29.93,16.68,-73.4665,9.1075
Cundinamarca,Soacha,Estacion_28,2018,2,20.51,9.34,-74.1478,4.1702
Norte de Santander,Cúcuta,Estacion_11,2022,8,72.21,37.53,-73.3182,6.2208
Boyacá,Tunja,Estacion_25,2023,7,32.12,16.71,-74.0422,8.2682
Valle del Cauca,Palmira,Estacion_19,2018,12,38.68,22.37,-74.4671,6.7312
Atlántico,Soledad,Estacion_06,2018,7,45.45,22.69,-73.5503,5.5145
Atlántico,Soledad,Estacion_17,2020,2,56.7,30.27,-74.9866,8.3574
Boyacá,Duitama,Estacion_15,2024,4,27.91,16.72,-74.6089,9.814
Bolívar,Cartagena,Estacion_25,2020,2,5.0,3.0,-73.713,5.0223
Bolívar,Cartagena,Estacion_22,2018,2,55.69,36.03,-73.0736,7.1923
Atlántico,Soledad,Estacion_05,2020,7,43.86,28.05,-74.074,7.0176
Antioquia,Medellín,Estacion_12,2022,5,33.9,15.32,-73.407,7.8013
Boyacá,Duitama,Estacion_08,2018,12,26.2,16.69,-73.6011,8.0463
Valle del Cauca,Palmira,Estacion_21,2022,3,48.0,29.57,-73.4013,4.2752
Bolívar,Cartagena,Estacion_03,2019,11,34.25,17.48,-73.5675,10.8711
Santander,Floridablanca,Estacion_05,2019,1,33.3,18.46,-73.3101,7.8529
Valle del Cauca,Palmira,Estacion_09,2024,11,46.34,26.44,-74.6797,8.2915
Cundinamarca,Soacha,Estacion_21,2021,6,54.21,31.59,-74.293,4.6396
Bogotá D.C.,Bogotá,Estacion_12,2018,1,61.19,33.94,-73.6227,9.3801
Valle del Cauca,Cali,Estacion_14,2019,4,50.39,32.7,-74.7307,5.6844
Bogotá D.C.,Bogotá,Estacion_24,2023,9,46.22,26.64,-74.6192,5.902
Valle del Cauca,Palmira,Estacion_07,2021,6,66.57,39.4,-74.7169,10.6969
Bogotá D.C.,Bogotá,Estacion_28,2021,12,32.58,14.04,-73.3195,9.4919
Huila,Neiva,Estacion_27,2022,8,33.15,15.32,-73.2837,5.7797
Santander,Floridablanca,Estacion_03,2018,7,22.33,9.49,-74.2181,8.062
Bogotá D.C.,Bogotá,Estacion_22,2022,5,47.19,20.05,-73.5423,4.6649
Cundinamarca,Zipaquirá,Estacion_05,2022,7,58.65,35.63,-74.6601,4.0252
Valle del Cauca,Palmira,Estacion_04,2018,6,82.49,52.88,-74.1841,8.012
Cundinamarca,Soacha,Estacion_24,2023,4,36.06,15.53,-73.3271,8.9584
Boyacá,Tunja,Estacion_23,2019,12,46.51,29.99,-73.1291,6.2706
Norte de Santander,Cúcuta,Estacion_15,2023,8,53.81,30.08,-74.53,10.4486
Bogotá D.C.,Bogotá,Estacion_16,2021,3,78.15,42.9,-74.9066,4.7455
Antioquia,Bello,Estacion_25,2019,6,25.63,12.3,-73.6284,9.8438
Bolívar,Cartagena,Estacion_23,2022,9,20.23,9.21,-73.0337,5.9345
Huila,Neiva,Estacion_08,2018,5,31.38,19.68,-74.2825,10.3169
Norte de Santander,Cúcuta,Estacion_23,2024,10,6.92,3.51,-73.4015,9.9468
Santander,Bucaramanga,Estacion_06,2022,4,40.2,19.78,-73.595,10.7174
Santander,Floridablanca,Estacion_20,2019,1,22.76,12.31,-74.1141,7.1144
Huila,Neiva,Estacion_04,2023,4,58.66,34.98,-73.0211,9.5824
Atlántico,Barranquilla,Estacion_23,2020,6,5.0,3.0,-74.4998,9.3694
Antioquia,Medellín,Estacion_13,2018,9,43.06,23.36,-73.2156,6.4965
Norte de Santander,Cúcuta,Estacion_30,2018,2,50.87,32.61,-74.6369,9.4361
Atlántico,Soledad,Estacion_23,2022,10,19.75,11.74,-74.8784,10.4079
Atlántico,Soledad,Estacion_15,2021,11,34.92,18.4,-73.8445,7.6135
Huila,Neiva,Estacion_01,2023,8,27.09,12.74,-73.195,9.1833
Atlántico,Soledad,Estacion_19,2024,10,39.95,25.03,-74.3433,6.7576
Bogotá D.C.,Bogotá,Estacion_07,2022,11,57.34,30.69,-73.9619,6.4694
Valle del Cauca,Palmira,Estacion_24,2023,9,64.21,27.37,-73.4541,5.8074
Atlántico,Soledad,Estacion_13,2023,4,21.21,8.76,-73.1813,7.9793
Bogotá D.C.,Bogotá,Estacion_08,2021,10,49.9,29.73,-73.544,9.767
Santander,Floridablanca,Estacion_15,2023,11,54.36,30.71,-73.2609,6.1679
Antioquia,Medellín,Estacion_15,2021,10,42.6,21.58,-74.2288,9.3983
Boyacá,Duitama,Estacion_21,2019,5,29.88,17.69,-73.3393,10.9546
Antioquia,Envigado,Estacion_13,2018,12,34.22,19.27,-73.9692,10.4463
Norte de Santander,Cúcuta,Estacion_21,2023,12,48.67,29.96,-73.5185,7.2344
Huila,Neiva,Estacion_12,2022,6,11.01,6.94,-74.0062,6.9165
Norte de Santander,Cúcuta,Estacion_13,2021,9,42.72,20.39,-73.3524,10.9369
Bogotá D.C.,Bogotá,Estacion_27,2023,4,70.25,42.26,-73.3196,7.2598
Cundinamarca,Soacha,Estacion_29,2023,11,40.67,25.01,-74.3674,4.1788
Bogotá D.C.,Bogotá,Estacion_17,2022,4,41.19,23.84,-73.9979,5.9776
Atlántico,Barranquilla,Estacion_14,2022,10,40.67,22.41,-74.7402,7.8803
Bogotá D.C.,Bogotá,Estacion_08,2018,3,71.45,32.07,-74.0828,6.1949
Boyacá,Tunja,Estacion_10,2022,8,25.27,11.09,-73.8115,4.3754
Valle del Cauca,Cali,Estacion_08,2020,8,44.46,21.45,-74.9332,5.7012
Boyacá,Duitama,Estacion_12,2020,12,35.99,18.46,-73.0227,10.3927
Valle del Cauca,Cali,Estacion_02,2021,2,45.51,21.72,-73.126,9.5508
Huila,Neiva,Estacion_26,2021,7,36.09,15.44,-74.6798,7.8571
Atlántico,Barranquilla,Estacion_21,2019,8,23.85,9.63,-74.163,4.2076
Cundinamarca,Soacha,Estacion_29,2019,3,12.42,7.67,-73.1873,7.7871
Atlántico,Barranquilla,Estacion_12,2021,5,31.02,15.14,-73.6576,10.5577
Boyacá,Duitama,Estacion_11,2024,6,53.74,29.3,-74.8979,10.7867
Atlántico,Soledad,Estacion_14,2018,8,9.35,5.16,-73.6557,10.4605
Atlántico,Barranquilla,Estacion_21,2019,8,35.25,17.71,-73.0277,8.0359
Huila,Neiva,Estacion_09,2023,7,52.72,30.24,-73.3504,6.8022
Cundinamarca,Soacha,Estacion_14,2022,1,39.0,17.39,-73.6287,5.0477
Huila,Neiva,Estacion_12,2020,11,41.96,24.9,-74.9257,8.5032
Bolívar,Cartagena,Estacion_30,2023,2,36.03,23.02,-73.6436,5.2085
Bogotá D.C.,Bogotá,Estacion_19,2024,4,51.49,28.31,-73.2119,10.3866
Cundinamarca,Soacha,Estacion_24,2018,9,55.63,31.28,-73.6283,9.2844
Atlántico,Barranquilla,Estacion_24,2022,3,22.1,12.42,-74.7066,4.0171
Boyacá,Tunja,Estacion_01,2021,2,28.12,12.37,-73.1607,4.2949
Bogotá D.C.,Bogotá,Estacion_29,2019,9,57.99,25.83,-73.4412,6.2089
Huila,Neiva,Estacion_16,2023,9,51.64,27.57,-74.1102,5.1656
Norte de Santander,Cúcuta,Estacion_02,2021,4,48.46,25.67,-73.6126,9.1975
Antioquia,Medellín,Estacion_14,2022,9,53.71,22.2,-74.4177,6.9117
Cundinamarca,Zipaquirá,Estacion_17,2022,6,55.12,28.81,-74.9737,7.9751
Bogotá D.C.,Bogotá,Estacion_29,2024,5,75.12,43.1,-74.4859,9.716
Boyacá,Tunja,Estacion_12,2021,4,18.93,8.76,-74.0104,10.343
Santander,Bucaramanga,Estacion_15,2018,12,39.88,22.92,-74.4548,6.2266
Bolívar,Cartagena,Estacion_25,2024,1,41.37,25.91,-73.9721,8.2466
Valle del Cauca,Palmira,Estacion_05,2021,9,45.68,25.11,-73.9747,10.9223
Cundinamarca,Soacha,Estacion_23,2023,7,34.28,13.72,-74.6082,7.4488
Norte de Santander,Cúcuta,Estacion_02,2020,7,51.08,29.74,-74.2044,7.6072
Atlántico,Barranquilla,Estacion_23,2024,11,24.57,12.73,-73.2601,9.8668
Antioquia,Medellín,Estacion_15,2022,9,42.44,19.0,-74.7536,5.2194
Santander,Bucaramanga,Estacion_18,2023,6,36.07,20.61,-74.8336,6.7924
Bogotá D.C.,Bogotá,Estacion_19,2022,2,74.11,39.95,-74.4766,4.138
Bolívar,Cartagena,Estacion_30,2023,2,12.35,7.35,-73.6297,7.4013
Antioquia,Bello,Estacion_06,2018,8,39.13,20.22,-74.7931,10.6434
Bolívar,Cartagena,Estacion_02,2020,4,41.39,22.55,-73.536,8.1797
Bolívar,Cartagena,Estacion_21,2020,7,75.25,31.67,-74.8926,10.8211
Antioquia,Medellín,Estacion_30,2024,10,39.34,20.35,-73.3695,7.4745
Boyacá,Tunja,Estacion_24,2019,1,32.8,16.17,-74.7028,8.6559
Huila,Neiva,Estacion_06,2023,11,37.9,16.82,-74.8362,10.9283
Valle del Cauca,Palmira,Estacion_12,2022,10,74.64,41.96,-73.6511,8.5777
Boyacá,Tunja,Estacion_28,2022,7,21.95,14.2,-73.5037,5.7808
Valle del Cauca,Palmira,Estacion_05,2021,11,82.33,45.6,-73.516,8.6826
Valle del Cauca,Cali,Estacion_10,2018,7,52.82,26.95,-74.9213,9.5534
Boyacá,Tunja,Estacion_29,2019,4,48.58,25.0,-73.438,8.2883
Atlántico,Soledad,Estacion_26,2021,7,33.63,19.23,-74.1054,7.735
Cundinamarca,Soacha,Estacion_27,2022,6,9.26,4.5,-73.4664,9.6583
Bolívar,Cartagena,Estacion_20,2023,1,40.62,22.5,-74.218,7.564
Santander,Floridablanca,Estacion_19,2022,1,17.69,9.36,-74.5771,9.7364
Boyacá,Duitama,Estacion_06,2020,12,48.5,22.5,-74.3386,7.9546
Huila,Neiva,Estacion_07,2019,5,38.93,19.21,-74.513,5.0175
Bolívar,Cartagena,Estacion_04,2018,2,33.16,19.08,-74.2561,8.8509
Antioquia,Envigado,Estacion_09,2021,11,30.22,15.29,-73.9766,7.8773
Boyacá,Tunja,Estacion_27,2019,2,36.28,18.25,-73.9998,5.4675
Bolívar,Cartagena,Estacion_21,2020,12,63.06,40.0,-73.9363,10.1431
Bogotá D.C.,Bogotá,Estacion_05,2023,7,58.24,30.51,-73.1351,4.0606
Boyacá,Duitama,Estacion_18,2024,3,48.77,29.54,-73.9659,10.1906
Bolívar,Cartagena,Estacion_23,2022,3,63.84,38.37,-74.059,8.7816
Huila,Neiva,Estacion_15,2020,7,29.19,11.71,-74.651,5.7353
Bolívar,Cartagena,Estacion_16,2023,9,54.82,35.45,-73.2408,4.5642
Cundinamarca,Soacha,Estacion_15,2019,8,23.91,11.57,-74.9052,5.9
Valle del Cauca,Cali,Estacion_14,2021,7,41.77,21.46,-73.0137,7.6732
Bolívar,Cartagena,Estacion_10,2020,6,22.88,12.08,-73.233,9.3094
Antioquia,Medellín,Estacion_09,2018,2,64.81,28.13,-73.1288,10.9379
Atlántico,Soledad,Estacion_29,2018,12,18.14,8.74,-73.7959,5.274
Bolívar,Cartagena,Estacion_22,2018,12,25.05,15.63,-73.9681,4.1905
Valle del Cauca,Palmira,Estacion_27,2022,5,51.23,26.62,-74.5152,9.0314
Boyacá,Duitama,Estacion_04,2018,6,12.2,5.3,-74.7354,10.4512
Bogotá D.C.,Bogotá,Estacion_01,2023,7,64.58,29.91,-74.9395,6.2125
Atlántico,Barranquilla,Estacion_13,2018,3,30.58,19.29,-74.5175,4.37
Bolívar,Cartagena,Estacion_26,2023,12,19.22,11.29,-74.0159,7.7583
Valle del Cauca,Palmira,Estacion_10,2021,6,31.01,13.22,-73.7489,5.4679
Bogotá D.C.,Bogotá,Estacion_18,2024,3,68.0,35.5,-73.4834,4.3324
Cundinamarca,Zipaquirá,Estacion_03,2020,12,45.21,27.82,-74.3373,6.8094
Atlántico,Soledad,Estacion_14,2020,12,25.65,15.6,-74.8402,10.5106
Valle del Cauca,Cali,Estacion_11,2019,2,83.66,44.76,-74.1344,4.2905
Boyacá,Duitama,Estacion_13,2022,12,22.38,12.34,-73.4776,5.2292
Norte de Santander,Cúcuta,Estacion_23,2024,9,51.35,21.0,-74.6918,5.6978
Atlántico,Barranquilla,Estacion_27,2022,9,33.99,18.32,-73.1907,4.6382
Valle del Cauca,Cali,Estacion_24,2019,1,54.89,27.95,-74.414,9.5135
Bolívar,Cartagena,Estacion_05,2021,9,50.42,29.02,-73.4444,5.3031
Valle del Cauca,Palmira,Estacion_24,2021,1,51.11,32.11,-74.1023,5.5855
Santander,Floridablanca,Estacion_03,2023,1,26.59,13.34,-73.6683,5.5929
Atlántico,Soledad,Estacion_21,2023,6,44.73,28.84,-73.7268,6.578
Atlántico,Soledad,Estacion_29,2021,3,11.82,5.3,-73.6993,10.0114
Bolívar,Cartagena,Estacion_21,2023,1,47.62,23.09,-74.2871,8.0881
Atlántico,Barranquilla,Estacion_05,2024,8,39.63,18.04,-73.7279,9.7744
Valle del Cauca,Palmira,Estacion_27,2024,8,58.48,34.92,-74.9165,9.0877
Valle del Cauca,Palmira,Estacion_11,2020,5,57.13,30.3,-73.5471,8.9025
Atlántico,Soledad,Estacion_29,2021,11,41.83,21.08,-73.0579,7.7621
Antioquia,Bello,Estacion_26,2022,7,36.69,20.52,-73.2715,6.7981
Bolívar,Cartagena,Estacion_17,2021,6,33.44,21.43,-74.4429,8.6984
Santander,Floridablanca,Estacion_16,2023,4,36.47,16.48,-73.5766,8.3652
Antioquia,Envigado,Estacion_06,2020,9,23.81,12.29,-73.6211,4.2031
Cundinamarca,Soacha,Estacion_08,2023,10,26.62,12.39,-74.3744,9.8821
Santander,Bucaramanga,Estacion_14,2020,1,31.7,17.08,-74.3539,4.4141
Valle del Cauca,Cali,Estacion_08,2024,4,53.88,21.94,-74.7653,9.0494
Norte de Santander,Cúcuta,Estacion_03,2024,7,41.61,20.35,-73.9006,4.3734
Norte de Santander,Cúcuta,Estacion_02,2022,11,43.39,17.54,-74.7661,9.7303
Atlántico,Soledad,Estacion_09,2024,4,27.36,11.83,-73.6881,7.437
Norte de Santander,Cúcuta,Estacion_03,2020,7,49.75,24.45,-74.137,8.347
Bolívar,Cartagena,Estacion_12,2021,6,16.24,8.0,-74.2643,10.2372
Boyacá,Tunja,Estacion_23,2023,7,26.41,11.45,-73.5799,4.5809
Antioquia,Bello,Estacion_17,2020,5,50.36,28.0,-73.1159,8.8278
Valle del Cauca,Palmira,Estacion_05,2024,1,47.62,29.69,-73.4527,8.5167
Norte de Santander,Cúcuta,Estacion_25,2024,2,24.76,15.31,-73.7795,8.9684
Antioquia,Bello,Estacion_27,2020,8,43.01,20.38,-74.4083,5.0426
Atlántico,Barranquilla,Estacion_26,2024,11,48.95,28.94,-73.2366,7.2426
Bogotá D.C.,Bogotá,Estacion_10,2018,4,73.26,35.94,-73.2835,5.2061
Antioquia,Medellín,Estacion_24,2020,5,58.31,31.82,-73.0027,7.0556
Santander,Bucaramanga,Estacion_19,2020,2,36.41,16.17,-73.5669,9.7592
Bogotá D.C.,Bogotá,Estacion_23,2024,11,58.49,31.7,-73.5852,5.9762
Bolívar,Cartagena,Estacion_03,2019,11,49.71,22.83,-74.6923,6.1174
Bogotá D.C.,Bogotá,Estacion_18,2022,2,73.18,34.81,-73.0735,10.8418
Santander,Floridablanca,Estacion_16,2018,4,27.67,12.55,-73.4657,8.3639
Valle del Cauca,Palmira,Estacion_14,2022,7,64.29,27.78,-73.464,5.0552
Valle del Cauca,Cali,Estacion_29,2023,12,57.17,24.06,-74.5524,4.6459
Huila,Neiva,Estacion_18,2018,3,7.86,3.24,-73.9099,7.698
Antioquia,Envigado,Estacion_13,2023,7,10.13,4.82,-74.2791,5.3178
Huila,Neiva,Estacion_22,2022,10,43.46,24.67,-74.6156,6.7479
Norte de Santander,Cúcuta,Estacion_04,2021,3,36.95,16.94,-74.1379,10.038
Cundinamarca,Zipaquirá,Estacion_02,2020,12,68.37,42.92,-74.8298,10.0078
Atlántico,Barranquilla,Estacion_20,2018,9,5.0,3.0,-74.0417,4.2504
Bogotá D.C.,Bogotá,Estacion_08,2023,4,58.95,27.25,-73.0946,5.8445
Boyacá,Duitama,Estacion_01,2021,2,31.83,14.77,-73.9615,9.3896
Boyacá,Tunja,Estacion_27,2023,8,11.03,4.84,-73.585,8.5711
Valle del Cauca,Cali,Estacion_03,2024,7,63.5,28.72,-74.2113,9.8467
Bolívar,Cartagena,Estacion_03,2023,11,34.09,16.32,-73.2224,9.2853
Bogotá D.C.,Bogotá,Estacion_25,2024,10,28.51,17.53,-74.5885,6.9717
Bolívar,Cartagena,Estacion_01,2020,10,23.12,12.7,-73.3254,6.7783
Huila,Neiva,Estacion_28,2023,3,25.48,16.48,-74.5044,8.8302
Bogotá D.C.,Bogotá,Estacion_16,2018,12,37.49,15.24,-74.009,10.3915
Santander,Bucaramanga,Estacion_18,2021,4,18.43,8.52,-74.5676,5.5084
Bogotá D.C.,Bogotá,Estacion_11,2022,8,44.83,23.83,-74.6146,10.1269
Valle del Cauca,Cali,Estacion_15,2020,10,85.84,52.38,-74.0142,4.995
Boyacá,Tunja,Estacion_22,2020,9,58.28,28.5,-73.0021,4.788
Huila,Neiva,Estacion_29,2022,7,26.71,15.9,-73.0723,10.4354
Norte de Santander,Cúcuta,Estacion_25,2024,4,18.11,11.36,-73.9044,7.4233
Cundinamarca,Soacha,Estacion_05,2019,9,43.16,17.45,-74.4838,5.6477
Santander,Floridablanca,Estacion_12,2022,5,7.55,3.54,-74.1385,7.3573
Santander,Bucaramanga,Estacion_13,2019,8,51.63,30.55,-74.7395,6.8023
Antioquia,Bello,Estacion_11,2020,3,19.7,8.06,-74.4797,7.5937
Bogotá D.C.,Bogotá,Estacion_04,2023,5,40.99,17.21,-74.1212,7.8084
Santander,Bucaramanga,Estacion_23,2021,2,51.75,22.23,-74.3862,10.422
Atlántico,Soledad,Estacion_03,2018,9,43.23,23.86,-74.2007,9.2384
Boyacá,Duitama,Estacion_11,2023,11,30.09,18.88,-74.6491,6.7877
Atlántico,Soledad,Estacion_17,2024,5,74.68,47.14,-73.1138,10.7967
Atlántico,Soledad,Estacion_15,2018,5,38.49,23.84,-73.6467,8.4232
Boyacá,Duitama,Estacion_11,2024,10,25.66,12.54,-74.1795,6.9679
Bogotá D.C.,Bogotá,Estacion_01,2024,2,85.88,37.31,-74.0069,5.0489
Atlántico,Soledad,Estacion_26,2022,8,55.57,34.83,-73.626,8.8333
Bolívar,Cartagena,Estacion_13,2024,9,36.64,21.86,-74.8893,8.0665
Bolívar,Cartagena,Estacion_26,2022,4,49.27,22.89,-73.4382,8.2319
Antioquia,Bello,Estacion_22,2020,1,29.51,14.84,-73.6137,5.8174
Bogotá D.C.,Bogotá,Estacion_09,2024,9,52.88,28.58,-74.6224,9.2185
Bolívar,Cartagena,Estacion_02,2018,12,11.03,6.97,-74.3386,8.6254
Boyacá,Tunja,Estacion_10,2024,3,48.18,26.43,-74.2892,5.9956
Cundinamarca,Zipaquirá,Estacion_19,2020,5,39.07,22.87,-73.6066,9.898
Boyacá,Duitama,Estacion_05,2021,6,39.81,17.6,-74.9845,4.0839
Cundinamarca,Soacha,Estacion_21,2021,4,32.82,18.56,-74.4309,9.2588
Huila,Neiva,Estacion_08,2020,11,51.53,22.13,-74.1814,5.49
Atlántico,Barranquilla,Estacion_14,2020,12,17.75,7.5,-73.0889,9.9657
Bogotá D.C.,Bogotá,Estacion_15,2018,8,51.78,32.96,-74.7491,8.9847
Santander,Floridablanca,Estacion_15,2021,2,34.14,20.97,-73.2521,9.4473
Huila,Neiva,Estacion_18,2020,2,23.94,13.76,-73.2936,5.2161
Atlántico,Soledad,Estacion_23,2020,3,42.25,26.32,-74.596,5.4929
Valle del Cauca,Palmira,Estacion_23,2020,7,24.4,13.26,-73.8904,8.6168
Bogotá D.C.,Bogotá,Estacion_14,2020,7,53.19,22.55,-74.8344,7.6236
Valle del Cauca,Cali,Estacion_27,2022,8,75.77,43.1,-73.9565,8.1616
Antioquia,Envigado,Estacion_30,2018,8,33.94,21.97,-74.7615,6.1049
Cundinamarca,Zipaquirá,Estacion_09,2021,12,27.46,15.44,-73.0643,10.9955
Norte de Santander,Cúcuta,Estacion_02,2024,10,9.03,4.0,-73.4651,10.1121
Bolívar,Cartagena,Estacion_24,2024,11,42.11,22.28,-73.9068,8.5607
Boyacá,Tunja,Estacion_08,2021,12,15.62,8.43,-73.3224,9.0961
Bolívar,Cartagena,Estacion_02,2021,9,5.0,3.0,-74.758,5.0292
Atlántico,Barranquilla,Estacion_11,2018,3,53.6,31.77,-73.3434,7.8542
Valle del Cauca,Cali,Estacion_13,2021,10,70.82,29.4,-74.1818,6.8411
Bogotá D.C.,Bogotá,Estacion_18,2021,6,77.69,35.25,-73.8578,10.9822
Bolívar,Cartagena,Estacion_14,2020,7,19.6,11.55,-73.6627,4.9352
Antioquia,Envigado,Estacion_01,2024,1,52.7,27.3,-73.3361,9.2448
Bogotá D.C.,Bogotá,Estacion_02,2024,4,96.14,57.12,-73.9445,7.5848
Cundinamarca,Zipaquirá,Estacion_25,2024,10,35.65,21.39,-73.411,8.9441
Huila,Neiva,Estacion_09,2022,5,39.04,21.41,-73.6552,8.841
Bolívar,Cartagena,Estacion_18,2021,7,43.54,21.88,-74.8815,7.3234
Santander,Floridablanca,Estacion_26,2020,7,31.23,14.96,-74.7335,7.2962
Boyacá,Duitama,Estacion_03,2024,10,17.32,8.86,-73.828,7.4889
Huila,Neiva,Estacion_01,2024,1,33.91,15.21,-74.3323,4.9266
Valle del Cauca,Cali,Estacion_06,2021,3,11.31,5.14,-73.3097,6.7226
Santander,Floridablanca,Estacion_06,2020,8,62.95,28.68,-74.9798,10.3736
Bogotá D.C.,Bogotá,Estacion_25,2024,5,51.39,24.86,-74.1346,6.3998
Valle del Cauca,Palmira,Estacion_15,2021,12,47.99,20.66,-74.3148,7.9059
Bolívar,Cartagena,Estacion_02,2023,6,51.63,25.81,-73.1517,6.8574
Atlántico,Barranquilla,Estacion_05,2021,7,8.99,4.11,-73.0142,4.9066
Norte de Santander,Cúcuta,Estacion_23,2021,3,38.76,17.74,-74.7204,9.5057
Atlántico,Soledad,Estacion_22,2019,3,9.53,4.61,-73.8405,4.714
Atlántico,Barranquilla,Estacion_23,2021,12,25.16,10.11,-73.6141,6.1854
Atlántico,Soledad,Estacion_30,2018,4,5.37,3.15,-74.9777,5.3826
Atlántico,Barranquilla,Estacion_22,2018,11,13.08,6.91,-73.9332,6.5699
Antioquia,Medellín,Estacion_12,2023,8,12.6,7.85,-73.7481,4.0885
Bolívar,Cartagena,Estacion_15,2018,10,11.63,6.47,-73.4945,8.8096
Antioquia,Bello,Estacion_14,2022,11,31.48,15.63,-74.9669,10.8407
Cundinamarca,Zipaquirá,Estacion_12,2024,12,27.1,16.48,-74.7118,6.5735
Norte de Santander,Cúcuta,Estacion_15,2022,11,44.98,19.76,-74.4213,6.2625
Valle del Cauca,Palmira,Estacion_07,2023,10,37.65,17.54,-73.0769,7.6832
Norte de Santander,Cúcuta,Estacion_21,2024,10,42.98,17.6,-73.7935,8.2953
Huila,Neiva,Estacion_30,2023,11,24.56,11.12,-73.6132,4.16
Valle del Cauca,Cali,Estacion_20,2022,6,55.18,33.44,-74.1588,6.4181
Boyacá,Tunja,Estacion_22,2023,12,48.23,24.07,-74.1312,10.3806
Norte de Santander,Cúcuta,Estacion_21,2023,1,37.51,18.79,-74.0845,10.9333
Bolívar,Cartagena,Estacion_16,2018,5,44.35,23.64,-74.5068,7.9166
Boyacá,Tunja,Estacion_29,2023,1,17.69,8.1,-74.3301,6.1729
Bolívar,Cartagena,Estacion_06,2019,2,26.17,13.09,-73.1849,7.0924
Atlántico,Soledad,Estacion_08,2022,10,52.25,24.26,-74.3264,8.1753
Bogotá D.C.,Bogotá,Estacion_18,2022,6,40.62,20.67,-73.675,6.576
Antioquia,Bello,Estacion_02,2022,8,57.38,26.07,-74.8928,9.1683
Antioquia,Medellín,Estacion_22,2019,12,40.87,18.43,-73.657,5.5501
Valle del Cauca,Palmira,Estacion_24,2021,11,41.13,18.56,-73.591,5.3012
Atlántico,Soledad,Estacion_30,2022,8,33.83,21.82,-74.1478,6.7401
Antioquia,Envigado,Estacion_04,2018,10,45.34,18.25,-73.9026,7.0155
Bogotá D.C.,Bogotá,Estacion_07,2024,12,66.17,33.87,-73.4624,10.206
Atlántico,Soledad,Estacion_17,2020,10,45.64,22.4,-73.1211,4.6396
Cundinamarca,Soacha,Estacion_26,2024,10,25.32,13.27,-73.1631,6.0485
Boyacá,Tunja,Estacion_01,2020,6,17.16,10.09,-73.3708,9.0104
Cundinamarca,Zipaquirá,Estacion_19,2024,5,34.46,15.62,-73.0792,5.6367
Bolívar,Cartagena,Estacion_24,2024,12,52.49,25.27,-73.9977,8.0082
Boyacá,Duitama,Estacion_14,2020,2,19.68,11.8,-74.3941,7.1455
Antioquia,Envigado,Estacion_17,2024,9,29.69,15.61,-73.0467,5.9141
Santander,Floridablanca,Estacion_02,2022,7,14.19,7.46,-74.2099,9.2283
Bogotá D.C.,Bogotá,Estacion_08,2018,9,56.85,31.91,-73.3426,6.7295
Cundinamarca,Soacha,Estacion_09,2019,5,36.67,16.97,-74.1886,6.3098
Antioquia,Medellín,Estacion_27,2018,11,24.23,11.85,-74.9356,5.6459
Bolívar,Cartagena,Estacion_01,2022,9,47.89,22.87,-73.7562,6.6723
Bogotá D.C.,Bogotá,Estacion_19,2024,1,51.93,26.0,-74.1174,7.2169
Huila,Neiva,Estacion_22,2023,2,26.39,11.32,-74.3239,10.8951
Atlántico,Soledad,Estacion_23,2020,6,39.32,21.15,-74.1824,7.519
Antioquia,Envigado,Estacion_19,2023,1,62.18,26.78,-73.9577,5.5513
Atlántico,Soledad,Estacion_05,2024,9,42.42,21.38,-73.5698,6.8076
Antioquia,Medellín,Estacion_17,2020,6,34.87,14.17,-73.8278,9.4978
Bolívar,Cartagena,Estacion_26,2022,1,9.42,4.02,-73.2481,4.2182
Valle del Cauca,Palmira,Estacion_26,2020,8,74.19,40.04,-74.2305,10.4003
Antioquia,Envigado,Estacion_10,2022,10,45.5,26.97,-74.7681,10.3934
Boyacá,Tunja,Estacion_29,2020,6,39.86,24.05,-73.3789,5.5583
Huila,Neiva,Estacion_18,2021,2,39.61,20.81,-73.4101,7.4472
Bolívar,Cartagena,Estacion_18,2018,11,21.32,11.71,-74.592,5.1406
Norte de Santander,Cúcuta,Estacion_01,2021,12,68.8,29.26,-74.1549,5.0759
Huila,Neiva,Estacion_07,2024,3,43.82,23.84,-74.6736,4.9434
Huila,Neiva,Estacion_02,2023,1,39.44,25.08,-73.3463,7.346
Antioquia,Bello,Estacion_16,2020,9,21.1,12.22,-74.4902,4.0483
Cundinamarca,Soacha,Estacion_03,2023,3,29.93,18.74,-73.422,9.1846
Bogotá D.C.,Bogotá,Estacion_30,2018,7,35.48,18.0,-74.0192,4.6531
Antioquia,Medellín,Estacion_18,2021,1,19.58,11.9,-74.8731,4.5731
Antioquia,Envigado,Estacion_24,2019,11,28.58,17.68,-73.7708,8.2609
Atlántico,Barranquilla,Estacion_02,2019,6,9.7,4.75,-73.2504,7.5558
Bolívar,Cartagena,Estacion_02,2021,3,39.78,24.03,-74.3183,7.0133
Norte de Santander,Cúcuta,Estacion_28,2018,10,61.1,35.19,-73.7335,7.995
Cundinamarca,Soacha,Estacion_10,2020,1,31.4,13.67,-74.9021,5.5201
Cundinamarca,Soacha,Estacion_17,2018,7,40.39,24.09,-73.4481,10.59
Norte de Santander,Cúcuta,Estacion_09,2020,12,39.39,16.17,-73.9178,4.5276
Huila,Neiva,Estacion_30,2018,5,20.31,8.32,-73.4512,9.8855
Santander,Floridablanca,Estacion_19,2020,5,29.17,11.89,-74.1921,8.1344
Boyacá,Tunja,Estacion_14,2024,3,65.05,37.28,-74.0865,6.3834
Cundinamarca,Soacha,Estacion_22,2022,11,7.81,4.24,-74.9188,5.8052
Huila,Neiva,Estacion_03,2020,3,26.84,15.2,-73.6841,6.0325
Boyacá,Duitama,Estacion_30,2024,11,20.08,9.62,-74.6189,9.3277
Norte de Santander,Cúcuta,Estacion_15,2021,7,40.58,22.37,-73.2437,9.645
Atlántico,Barranquilla,Estacion_04,2021,5,16.72,9.32,-74.7531,10.9246
Cundinamarca,Zipaquirá,Estacion_19,2018,3,35.53,22.79,-73.0761,6.7119
Huila,Neiva,Estacion_13,2018,2,35.8,21.2,-73.9197,7.0477
Atlántico,Soledad,Estacion_20,2022,3,20.18,9.43,-73.1175,10.1329
Huila,Neiva,Estacion_16,2023,1,45.19,19.85,-74.0047,7.4375
Santander,Bucaramanga,Estacion_06,2018,6,45.18,27.35,-74.0055,4.925
Antioquia,Envigado,Estacion_05,2020,3,29.37,14.25,-74.3169,9.1994
Bogotá D.C.,Bogotá,Estacion_17,2020,12,95.35,58.11,-74.3822,6.7334
Antioquia,Bello,Estacion_06,2018,6,39.92,23.68,-74.9835,6.5199
Atlántico,Soledad,Estacion_07,2024,2,33.6,15.02,-74.7619,5.9054
Cundinamarca,Soacha,Estacion_11,2022,10,37.79,17.4,-74.7462,9.0248
Antioquia,Medellín,Estacion_20,2018,3,56.97,35.91,-73.8427,10.4149
Atlántico,Barranquilla,Estacion_26,2024,5,53.03,22.21,-73.2758,9.6521
Norte de Santander,Cúcuta,Estacion_17,2019,5,23.36,13.4,-73.3993,5.3778
Bolívar,Cartagena,Estacion_19,2024,9,52.77,21.7,-74.7028,10.4958
Cundinamarca,Soacha,Estacion_08,2018,4,59.82,31.29,-73.1194,10.0585
Norte de Santander,Cúcuta,Estacion_17,2018,11,39.41,22.47,-74.2343,10.0306
Valle del Cauca,Palmira,Estacion_12,2021,9,57.02,33.57,-74.1296,5.5193
Boyacá,Duitama,Estacion_17,2021,8,60.57,37.42,-73.2663,6.9191
Santander,Bucaramanga,Estacion_07,2023,8,30.52,18.49,-74.7018,6.1757
Valle del Cauca,Cali,Estacion_21,2020,4,49.38,26.25,-73.8858,5.306
Bogotá D.C.,Bogotá,Estacion_02,2019,5,55.02,25.18,-73.5276,5.3068
Bolívar,Cartagena,Estacion_01,2020,8,22.23,13.98,-73.5828,7.7259
Norte de Santander,Cúcuta,Estacion_10,2020,12,44.69,25.66,-73.9989,4.5532
Valle del Cauca,Cali,Estacion_21,2021,6,63.32,36.67,-74.2199,6.5194
Atlántico,Barranquilla,Estacion_12,2024,12,56.97,24.73,-74.7432,8.5967
Bogotá D.C.,Bogotá,Estacion_27,2020,12,61.85,28.81,-74.9924,9.7333
Bogotá D.C.,Bogotá,Estacion_03,2020,5,46.63,25.54,-73.2655,6.6737
Santander,Floridablanca,Estacion_23,2021,5,33.65,14.04,-73.4086,9.9514
Antioquia,Medellín,Estacion_22,2024,6,45.06,20.58,-73.3626,10.2101
Huila,Neiva,Estacion_06,2022,7,44.2,18.7,-73.5,9.2242
Santander,Bucaramanga,Estacion_10,2020,10,20.9,11.49,-74.2714,8.9801
Boyacá,Duitama,Estacion_21,2018,12,17.5,10.67,-74.0477,6.8243
Valle del Cauca,Cali,Estacion_12,2022,10,43.89,24.22,-74.5653,7.0597
Atlántico,Barranquilla,Estacion_16,2020,10,59.93,27.13,-74.765,5.1717
Atlántico,Soledad,Estacion_09,2022,1,7.6,4.81,-74.1221,6.0289
Atlántico,Barranquilla,Estacion_10,2023,12,48.18,28.88,-73.8888,6.1676
Bolívar,Cartagena,Estacion_09,2018,8,22.29,9.02,-74.1946,6.8779
Boyacá,Duitama,Estacion_01,2018,11,49.29,28.55,-74.6759,10.9473
Valle del Cauca,Cali,Estacion_28,2019,11,51.67,22.31,-73.8379,10.4955
Norte de Santander,Cúcuta,Estacion_28,2022,3,8.69,5.13,-74.7327,5.83
Atlántico,Barranquilla,Estacion_07,2024,1,38.2,23.94,-73.5562,6.5211
Huila,Neiva,Estacion_19,2019,11,37.12,18.57,-73.0668,4.2272
Santander,Floridablanca,Estacion_08,2018,3,5.0,3.0,-73.6931,5.8524
Boyacá,Duitama,Estacion_19,2022,2,48.84,23.31,-73.2796,7.031
Antioquia,Medellín,Estacion_09,2019,2,46.81,19.06,-74.2224,5.6453
Norte de Santander,Cúcuta,Estacion_16,2024,12,54.06,31.43,-74.549,6.6339
Norte de Santander,Cúcuta,Estacion_03,2023,7,37.28,21.68,-73.8412,10.48
Norte de Santander,Cúcuta,Estacion_19,2020,3,45.12,24.52,-74.6053,4.7308
Cundinamarca,Soacha,Estacion_30,2023,7,40.02,19.37,-74.0069,7.422
Bolívar,Cartagena,Estacion_17,2021,8,15.62,7.66,-73.882,4.5033
Santander,Bucaramanga,Estacion_16,2020,10,36.45,15.24,-74.3079,9.421
Norte de Santander,Cúcuta,Estacion_18,2023,9,37.88,22.6,-73.2901,5.3439
Huila,Neiva,Estacion_22,2024,8,26.03,15.94,-74.77,10.0612
Bogotá D.C.,Bogotá,Estacion_03,2018,4,42.45,16.98,-74.4339,9.2457
Cundinamarca,Zipaquirá,Estacion_16,2022,3,26.39,15.56,-74.4769,8.0952
Bogotá D.C.,Bogotá,Estacion_01,2024,12,42.17,20.92,-73.3615,9.7632
Bolívar,Cartagena,Estacion_10,2024,11,32.69,21.09,-73.6827,7.9948
Antioquia,Bello,Estacion_29,2021,4,5.0,3.0,-73.7738,8.0061
Bolívar,Cartagena,Estacion_13,2021,3,28.58,18.42,-73.8319,6.7608
Bogotá D.C.,Bogotá,Estacion_25,2019,8,60.49,25.06,-73.9822,6.7087
Huila,Neiva,Estacion_06,2020,6,46.63,25.88,-74.0621,8.652
Boyacá,Duitama,Estacion_30,2023,8,28.54,17.67,-74.0662,4.8298
Boyacá,Duitama,Estacion_22,2022,2,29.08,17.69,-74.0669,7.494
Valle del Cauca,Palmira,Estacion_01,2024,10,40.47,23.15,-73.265,8.8067
Cundinamarca,Soacha,Estacion_02,2024,9,41.29,20.06,-73.7901,5.4033
Boyacá,Duitama,Estacion_16,2024,10,32.21,18.5,-74.6109,9.9878
Santander,Floridablanca,Estacion_29,2021,1,44.99,19.89,-74.5985,7.43
Bolívar,Cartagena,Estacion_29,2024,6,12.4,7.44,-73.5293,7.6277
Cundinamarca,Zipaquirá,Estacion_20,2020,10,19.74,11.02,-73.0551,9.2121
Boyacá,Duitama,Estacion_27,2023,12,37.1,23.25,-73.2729,8.5344
Valle del Cauca,Palmira,Estacion_01,2024,6,77.95,40.83,-73.799,4.0389
Santander,Floridablanca,Estacion_11,2019,11,25.38,10.32,-74.1181,9.7032
Santander,Bucaramanga,Estacion_25,2021,9,25.53,10.26,-74.5409,5.5114
Norte de Santander,Cúcuta,Estacion_30,2021,10,44.04,18.95,-74.1858,6.6584
Norte de Santander,Cúcuta,Estacion_23,2020,1,57.22,29.68,-74.0828,4.3875
Santander,Bucaramanga,Estacion_12,2018,12,42.67,25.72,-73.587,9.869
Boyacá,Tunja,Estacion_02,2024,12,27.79,17.23,-74.1848,7.6157
Norte de Santander,Cúcuta,Estacion_21,2022,7,43.62,27.53,-74.0654,8.534
Santander,Floridablanca,Estacion_28,2021,12,65.37,26.76,-74.5632,9.9998
Valle del Cauca,Palmira,Estacion_07,2024,10,41.43,18.09,-74.8926,10.6845
Huila,Neiva,Estacion_27,2024,2,26.99,11.16,-74.8224,5.2533
Bolívar,Cartagena,Estacion_02,2021,9,58.5,28.2,-74.2165,10.8373
Santander,Floridablanca,Estacion_16,2022,11,54.48,28.18,-73.9633,10.9709
Bogotá D.C.,Bogotá,Estacion_03,2020,5,60.82,29.97,-73.5884,7.3114
Huila,Neiva,Estacion_28,2020,1,47.89,30.48,-73.1774,8.6808
Valle del Cauca,Palmira,Estacion_02,2019,8,67.91,32.84,-73.4876,4.4232
Antioquia,Envigado,Estacion_28,2023,9,37.76,21.53,-74.7605,5.1194
Valle del Cauca,Cali,Estacion_29,2023,7,79.96,34.53,-74.016,5.7749
Huila,Neiva,Estacion_22,2018,12,21.0,12.27,-74.5858,10.3936
Bolívar,Cartagena,Estacion_30,2022,8,68.39,35.99,-73.0416,7.425
Antioquia,Medellín,Estacion_21,2024,7,36.89,22.55,-74.2733,10.2051
Cundinamarca,Zipaquirá,Estacion_02,2021,1,52.95,31.26,-73.6385,6.1097
Norte de Santander,Cúcuta,Estacion_17,2019,1,31.06,14.19,-73.9649,9.3814
Bolívar,Cartagena,Estacion_14,2024,6,22.69,9.12,-74.4179,5.8362
Valle del Cauca,Palmira,Estacion_06,2022,1,34.83,15.58,-73.2663,7.8786
Norte de Santander,Cúcuta,Estacion_26,2023,7,38.81,22.7,-74.8346,7.4471
Norte de Santander,Cúcuta,Estacion_24,2022,9,24.1,14.63,-73.1037,10.9569
Bogotá D.C.,Bogotá,Estacion_24,2022,4,108.69,44.39,-73.7473,6.6022
Bogotá D.C.,Bogotá,Estacion_05,2021,10,61.82,25.56,-73.5136,5.1127
Bogotá D.C.,Bogotá,Estacion_20,2022,11,37.73,24.14,-73.355,5.1559
Atlántico,Soledad,Estacion_28,2021,6,24.78,11.55,-74.9936,5.7138
Bolívar,Cartagena,Estacion_26,2020,5,44.77,26.91,-73.6348,5.4594
Valle del Cauca,Cali,Estacion_04,2019,11,27.05,12.27,-73.8831,10.4497
Bogotá D.C.,Bogotá,Estacion_10,2019,4,79.17,32.44,-73.0066,9.9803
Norte de Santander,Cúcuta,Estacion_26,2018,5,52.21,27.78,-74.7511,8.8518
Huila,Neiva,Estacion_30,2018,6,31.38,16.07,-73.1696,6.5124
Bolívar,Cartagena,Estacion_29,2019,10,46.82,28.22,-73.1177,5.0525
Boyacá,Duitama,Estacion_08,2022,2,30.55,13.42,-74.7093,8.7494
Norte de Santander,Cúcuta,Estacion_14,2020,3,39.47,21.58,-73.2639,4.6893
Boyacá,Tunja,Estacion_28,2020,6,21.19,12.58,-73.4331,8.6297
Antioquia,Bello,Estacion_29,2020,10,16.84,6.91,-74.8927,7.5931
Huila,Neiva,Estacion_24,2023,10,28.97,16.96,-74.093,4.7232
Boyacá,Tunja,Estacion_27,2023,5,46.24,24.42,-74.4366,9.1762
Boyacá,Tunja,Estacion_17,2022,3,28.01,16.19,-74.9179,10.4222
Bogotá D.C.,Bogotá,Estacion_30,2024,7,43.73,21.44,-73.4323,8.2093
Atlántico,Soledad,Estacion_28,2020,9,5.39,3.0,-73.5764,8.6483
Bolívar,Cartagena,Estacion_25,2020,5,32.99,16.88,-73.3273,8.3931
Bolívar,Cartagena,Estacion_12,2022,3,13.89,5.96,-74.5663,7.1316
Santander,Bucaramanga,Estacion_16,2022,8,57.5,31.85,-74.9659,4.4349
Santander,Floridablanca,Estacion_29,2020,10,53.78,25.69,-73.624,6.9124
Santander,Bucaramanga,Estacion_14,2021,3,33.02,14.84,-73.8727,9.5166
Bolívar,Cartagena,Estacion_05,2020,6,23.2,9.45,-74.6625,7.1528
Bolívar,Cartagena,Estacion_20,2023,1,27.91,13.78,-74.7522,5.0841
Valle del Cauca,Palmira,Estacion_05,2023,8,38.0,17.89,-74.2644,4.7922
Atlántico,Soledad,Estacion_04,2021,11,40.98,24.78,-74.8882,5.9804
Boyacá,Duitama,Estacion_18,2019,5,22.36,10.82,-73.3384,10.4654
Valle del Cauca,Cali,Estacion_14,2022,11,64.91,32.02,-73.0598,8.6062
Cundinamarca,Zipaquirá,Estacion_17,2018,9,43.84,25.85,-74.397,9.6247
Huila,Neiva,Estacion_01,2022,7,16.33,9.63,-74.8984,5.4065
Bolívar,Cartagena,Estacion_12,2020,11,22.01,9.68,-73.7485,8.0536
Huila,Neiva,Estacion_08,2021,9,37.35,18.52,-74.9075,10.5669
Atlántico,Barranquilla,Estacion_22,2023,7,54.14,34.7,-73.9647,7.5433
Boyacá,Tunja,Estacion_03,2018,6,39.41,19.43,-73.4751,5.3783
Antioquia,Medellín,Estacion_04,2020,4,39.13,18.44,-74.934,8.9571
Atlántico,Barranquilla,Estacion_19,2021,4,42.89,22.51,-74.9149,10.3675
Atlántico,Soledad,Estacion_17,2019,11,40.4,21.54,-74.5775,6.0801
Bolívar,Cartagena,Estacion_25,2024,7,34.81,20.65,-74.1354,5.7393
Santander,Bucaramanga,Estacion_24,2018,9,36.96,15.64,-74.4121,9.2
Cundinamarca,Zipaquirá,Estacion_10,2021,5,52.87,23.12,-73.3677,6.1487
Bogotá D.C.,Bogotá,Estacion_15,2023,9,55.33,28.98,-73.3591,6.8453
Bolívar,Cartagena,Estacion_17,2018,11,56.39,32.33,-74.0513,9.7735
Santander,Floridablanca,Estacion_20,2022,3,28.13,15.92,-74.3881,10.6491
Cundinamarca,Soacha,Estacion_26,2022,10,52.01,29.95,-74.5014,9.6726
Boyacá,Duitama,Estacion_13,2020,11,47.79,19.24,-74.6948,6.652
Huila,Neiva,Estacion_28,2022,10,51.31,30.85,-74.4635,10.6861
Cundinamarca,Zipaquirá,Estacion_14,2023,9,64.46,36.44,-73.9245,9.8785
Huila,Neiva,Estacion_08,2023,11,47.5,26.48,-73.238,4.9548
Cundinamarca,Zipaquirá,Estacion_05,2019,1,36.5,19.03,-73.884,5.8889
Cundinamarca,Soacha,Estacion_07,2022,7,45.13,23.6,-74.3984,10.1828
Norte de Santander,Cúcuta,Estacion_16,2022,4,46.17,22.27,-73.8318,8.8054
Boyacá,Duitama,Estacion_22,2021,11,38.74,23.43,-73.1679,10.8663
Bolívar,Cartagena,Estacion_18,2023,1,48.19,20.08,-73.5305,10.4159
Bolívar,Cartagena,Estacion_09,2023,5,39.66,25.19,-74.4721,10.7768
Atlántico,Barranquilla,Estacion_15,2018,6,25.23,12.83,-74.6142,5.7592
Santander,Bucaramanga,Estacion_02,2018,5,41.11,18.0,-73.0386,7.5707
Bolívar,Cartagena,Estacion_15,2023,2,40.41,18.69,-74.8344,8.0211
Huila,Neiva,Estacion_22,2023,1,28.9,17.37,-74.1823,8.3914
Atlántico,Barranquilla,Estacion_11,2024,9,27.06,15.06,-73.0222,10.3871
Valle del Cauca,Palmira,Estacion_29,2021,7,72.67,32.79,-73.2916,8.7013
Bogotá D.C.,Bogotá,Estacion_05,2019,4,44.81,28.92,-73.3992,8.3092
Antioquia,Envigado,Estacion_27,2021,1,34.75,14.23,-74.6978,8.222
Norte de Santander,Cúcuta,Estacion_12,2021,11,40.98,22.34,-73.4668,6.5329
Huila,Neiva,Estacion_11,2024,3,5.0,3.0,-73.5934,6.4594
Huila,Neiva,Estacion_04,2018,5,41.96,22.07,-74.6125,6.1848
Bogotá D.C.,Bogotá,Estacion_16,2023,12,87.48,37.69,-74.9197,4.5377
Huila,Neiva,Estacion_29,2019,2,18.74,8.84,-73.3928,5.4082
Bolívar,Cartagena,Estacion_10,2021,4,46.59,29.89,-74.69,5.9839
Antioquia,Envigado,Estacion_05,2021,5,35.04,17.64,-74.1775,6.787
Bogotá D.C.,Bogotá,Estacion_08,2019,7,52.7,26.53,-74.2884,7.5713
Cundinamarca,Soacha,Estacion_09,2021,6,30.8,15.84,-74.7223,4.379
Atlántico,Soledad,Estacion_21,2021,12,42.44,17.59,-74.0906,6.1986
Bogotá D.C.,Bogotá,Estacion_29,2020,12,77.76,41.79,-74.9167,8.0533
Boyacá,Duitama,Estacion_03,2024,2,7.34,4.72,-74.8335,7.6579
Cundinamarca,Zipaquirá,Estacion_28,2023,10,37.77,17.38,-73.4011,5.3134
Atlántico,Barranquilla,Estacion_01,2023,6,44.04,20.62,-74.4362,8.0793
Boyacá,Tunja,Estacion_28,2024,7,21.54,13.44,-73.8366,5.3184
Antioquia,Envigado,Estacion_17,2019,1,59.18,25.86,-74.6467,8.7838
Cundinamarca,Zipaquirá,Estacion_21,2023,6,33.67,14.67,-74.931,4.4818
Antioquia,Bello,Estacion_23,2020,9,15.46,8.13,-73.4419,4.6897
Huila,Neiva,Estacion_07,2020,7,38.72,17.66,-74.1667,9.3477
Bogotá D.C.,Bogotá,Estacion_16,2023,6,31.74,14.23,-73.5989,4.3705
Huila,Neiva,Estacion_04,2021,5,38.62,15.77,-73.7065,4.6712
Bolívar,Cartagena,Estacion_27,2023,5,69.32,35.37,-74.7774,5.2876
Huila,Neiva,Estacion_18,2023,4,56.94,31.71,-73.8692,7.2949
Bolívar,Cartagena,Estacion_13,2022,2,9.35,4.8,-73.7897,6.6248
Boyacá,Tunja,Estacion_16,2023,4,60.35,27.75,-73.4731,4.4843
Bogotá D.C.,Bogotá,Estacion_24,2020,10,41.07,20.31,-73.4618,5.3244
Antioquia,Bello,Estacion_19,2019,7,30.88,16.36,-73.5732,5.8039
Santander,Bucaramanga,Estacion_13,2020,12,52.16,30.22,-73.741,10.4965
Boyacá,Tunja,Estacion_24,2020,10,43.43,22.44,-73.6721,9.9674
Cundinamarca,Zipaquirá,Estacion_01,2022,5,62.5,31.12,-73.2613,7.2828
Boyacá,Duitama,Estacion_05,2023,12,38.0,21.49,-74.6798,4.1825
Valle del Cauca,Palmira,Estacion_26,2023,2,53.44,27.2,-73.2785,4.1398
Antioquia,Medellín,Estacion_20,2024,4,33.89,19.06,-73.8209,9.9102
Bogotá D.C.,Bogotá,Estacion_21,2021,1,46.21,20.75,-74.7281,8.8321
Valle del Cauca,Cali,Estacion_12,2024,11,42.87,22.41,-74.0085,4.3483
Santander,Floridablanca,Estacion_05,2023,7,19.16,10.09,-73.2381,4.7039
Huila,Neiva,Estacion_14,2023,11,37.91,18.97,-74.132,10.749
Bolívar,Cartagena,Estacion_21,2020,10,14.91,7.31,-73.6093,7.9405
Antioquia,Envigado,Estacion_27,2019,3,64.23,40.17,-74.7597,5.4326
Cundinamarca,Soacha,Estacion_28,2023,10,41.91,26.55,-73.6742,9.5796
Norte de Santander,Cúcuta,Estacion_12,2018,1,27.91,14.42,-74.4686,9.6733
Norte de Santander,Cúcuta,Estacion_21,2021,4,35.18,17.27,-74.7587,4.915
Antioquia,Bello,Estacion_24,2021,5,5.0,3.0,-74.0977,5.6713
Huila,Neiva,Estacion_21,2022,5,32.83,14.91,-74.5296,6.7064
Huila,Neiva,Estacion_25,2018,3,19.73,12.05,-73.7767,4.4311
Cundinamarca,Zipaquirá,Estacion_14,2023,10,55.83,24.05,-74.237,7.4363
Huila,Neiva,Estacion_19,2021,10,25.81,11.87,-74.9249,8.3898
Atlántico,Soledad,Estacion_18,2019,1,30.3,14.55,-74.2134,4.9282
Bolívar,Cartagena,Estacion_08,2019,6,40.18,23.0,-74.8935,8.1876
Santander,Floridablanca,Estacion_09,2021,9,27.17,11.71,-74.6274,5.1035
Huila,Neiva,Estacion_10,2023,6,42.82,27.55,-73.3987,4.9621
Atlántico,Barranquilla,Estacion_15,2023,8,42.55,22.45,-74.3287,10.5289
Atlántico,Soledad,Estacion_22,2023,8,17.3,9.72,-74.3675,10.7581
Bolívar,Cartagena,Estacion_25,2024,10,53.03,22.26,-74.3987,4.5191
Valle del Cauca,Palmira,Estacion_07,2020,11,46.68,26.79,-74.8626,6.313
Boyacá,Tunja,Estacion_28,2022,3,47.62,29.76,-74.0811,4.3511
Santander,Bucaramanga,Estacion_24,2024,4,17.94,8.85,-73.7127,10.9427
Valle del Cauca,Palmira,Estacion_07,2019,10,62.42,33.33,-73.2202,9.5369
Bogotá D.C.,Bogotá,Estacion_11,2018,7,45.87,24.99,-73.1683,5.8622
Antioquia,Medellín,Estacion_26,2023,2,29.73,12.01,-74.7082,7.4075
Huila,Neiva,Estacion_09,2022,4,18.25,7.99,-73.1584,4.0098
Norte de Santander,Cúcuta,Estacion_17,2022,11,58.42,32.35,-73.7774,10.5665
Antioquia,Medellín,Estacion_05,2024,11,22.65,14.56,-74.3581,7.7007
Norte de Santander,Cúcuta,Estacion_04,2018,6,27.57,15.97,-74.9248,5.3206
Bolívar,Cartagena,Estacion_13,2018,11,69.57,34.99,-73.3169,10.1515
Valle del Cauca,Palmira,Estacion_06,2020,6,81.34,38.31,-73.0217,4.0227
Valle del Cauca,Cali,Estacion_27,2019,6,47.57,27.3,-74.7118,5.7497
Santander,Bucaramanga,Estacion_16,2024,2,9.25,5.44,-74.5078,6.0657
Santander,Floridablanca,Estacion_13,2018,10,60.37,28.06,-73.6296,9.0452
Bogotá D.C.,Bogotá,Estacion_02,2024,4,46.15,24.52,-73.0294,4.3603
Huila,Neiva,Estacion_04,2021,4,31.92,17.81,-73.5237,9.1815
Bogotá D.C.,Bogotá,Estacion_06,2020,11,51.64,25.02,-74.8652,7.6022
Huila,Neiva,Estacion_14,2020,11,43.86,28.01,-74.3284,4.8529
Atlántico,Barranquilla,Estacion_14,2021,6,18.88,11.0,-74.9753,7.6252
Huila,Neiva,Estacion_11,2021,12,35.75,15.34,-73.7064,4.6923
Boyacá,Duitama,Estacion_18,2019,10,21.86,9.07,-74.3416,9.1641
Santander,Bucaramanga,Estacion_06,2018,10,49.01,20.86,-74.4337,7.993
Huila,Neiva,Estacion_17,2018,5,18.65,7.97,-74.9863,4.5886
Norte de Santander,Cúcuta,Estacion_23,2023,7,51.1,27.86,-74.431,5.1789
Boyacá,Tunja,Estacion_01,2018,3,23.5,14.22,-74.9389,7.1516
Bogotá D.C.,Bogotá,Estacion_02,2022,9,37.42,24.13,-73.973,7.644
Cundinamarca,Zipaquirá,Estacion_20,2020,9,16.42,6.87,-73.9151,7.2435
Huila,Neiva,Estacion_08,2023,7,13.53,8.62,-73.0967,10.392
Santander,Floridablanca,Estacion_23,2023,10,40.94,17.64,-73.1823,6.1935
Valle del Cauca,Cali,Estacion_18,2023,1,51.25,24.53,-74.7252,4.7164
Cundinamarca,Soacha,Estacion_29,2019,5,30.73,13.7,-74.4986,9.0069
Bogotá D.C.,Bogotá,Estacion_05,2023,12,72.36,37.57,-74.8367,5.6989
Valle del Cauca,Cali,Estacion_05,2020,4,51.91,33.32,-73.2377,5.1125
Norte de Santander,Cúcuta,Estacion_15,2024,1,41.61,16.95,-73.4545,8.3336
Atlántico,Soledad,Estacion_21,2023,7,19.33,11.15,-73.1801,6.1167
Norte de Santander,Cúcuta,Estacion_16,2024,3,49.59,24.03,-73.413,9.8999
Bogotá D.C.,Bogotá,Estacion_08,2024,4,62.92,39.05,-74.2593,4.5113
Huila,Neiva,Estacion_30,2019,5,43.09,18.72,-74.447,7.0258
Santander,Bucaramanga,Estacion_14,2023,11,9.14,5.92,-73.8148,5.4516
Valle del Cauca,Palmira,Estacion_28,2021,12,71.1,38.23,-73.6014,5.5367
Antioquia,Envigado,Estacion_06,2024,9,28.21,15.35,-73.1843,8.5367
Valle del Cauca,Palmira,Estacion_18,2023,7,42.74,26.91,-74.4516,8.555
Atlántico,Soledad,Estacion_29,2021,11,33.29,15.24,-73.9579,8.2146
Huila,Neiva,Estacion_03,2024,2,31.52,17.28,-73.6511,8.5556
Boyacá,Tunja,Estacion_10,2023,8,12.57,7.29,-74.3076,9.7057
Bogotá D.C.,Bogotá,Estacion_16,2020,1,53.43,25.35,-74.4349,8.0451
Huila,Neiva,Estacion_07,2024,6,16.27,8.36,-73.9909,8.9304
Cundinamarca,Soacha,Estacion_25,2018,4,32.82,15.8,-73.8424,4.5107
Santander,Floridablanca,Estacion_24,2020,5,34.34,20.16,-74.6742,6.5955
Boyacá,Duitama,Estacion_04,2019,4,28.55,15.79,-74.298,4.6739
Cundinamarca,Soacha,Estacion_22,2023,6,11.15,4.77,-73.5047,10.4669
Antioquia,Medellín,Estacion_20,2021,8,32.43,14.84,-73.2789,10.5219
Atlántico,Soledad,Estacion_25,2020,12,41.67,22.97,-73.1144,6.3462
Bogotá D.C.,Bogotá,Estacion_03,2021,4,13.3,6.11,-74.7314,10.0632
Bolívar,Cartagena,Estacion_28,2018,12,35.72,16.06,-73.0883,8.749
Atlántico,Barranquilla,Estacion_05,2022,2,5.79,3.58,-73.368,8.5769
Huila,Neiva,Estacion_12,2024,5,46.28,26.32,-73.5166,9.9613
Boyacá,Tunja,Estacion_27,2018,2,48.28,23.14,-73.8373,5.7092
Bolívar,Cartagena,Estacion_03,2018,5,25.75,14.2,-73.0921,5.6702
Antioquia,Medellín,Estacion_18,2022,7,40.85,24.68,-73.536,6.3403
Huila,Neiva,Estacion_22,2024,1,44.47,18.09,-73.3719,7.7278
Norte de Santander,Cúcuta,Estacion_08,2023,7,24.06,13.93,-73.645,10.4239
Valle del Cauca,Cali,Estacion_17,2019,5,81.43,37.72,-73.9121,7.1342
Valle del Cauca,Palmira,Estacion_14,2018,7,40.45,24.19,-74.6169,9.3164
Santander,Floridablanca,Estacion_28,2024,1,22.35,10.11,-74.7433,4.1442
Atlántico,Soledad,Estacion_22,2021,5,37.34,17.79,-74.7911,6.8795
Antioquia,Medellín,Estacion_26,2018,5,44.89,27.42,-74.9961,4.0839
Santander,Bucaramanga,Estacion_07,2018,4,28.03,16.43,-73.8576,4.9321
Bolívar,Cartagena,Estacion_22,2023,3,46.59,26.54,-73.8064,6.5014
Bolívar,Cartagena,Estacion_22,2018,8,16.19,9.35,-73.3985,8.1994
Norte de Santander,Cúcuta,Estacion_23,2022,8,53.16,27.79,-74.0478,7.0657
Boyacá,Tunja,Estacion_07,2022,8,29.16,17.42,-73.7871,4.5882
Huila,Neiva,Estacion_20,2021,11,36.32,20.3,-74.6785,5.9441
Bolívar,Cartagena,Estacion_02,2020,6,43.5,21.11,-73.9974,10.5057
Antioquia,Envigado,Estacion_24,2024,8,42.68,25.91,-74.5533,4.7943
Norte de Santander,Cúcuta,Estacion_16,2022,11,24.38,13.88,-74.504,8.4358
Antioquia,Bello,Estacion_29,2021,6,42.44,22.39,-73.7604,10.3502
Antioquia,Envigado,Estacion_21,2020,4,22.38,9.14,-73.1989,9.7907
Huila,Neiva,Estacion_25,2019,10,14.65,6.53,-74.8377,7.9448
Santander,Bucaramanga,Estacion_14,2019,9,28.87,14.84,-74.7195,4.3818
Bolívar,Cartagena,Estacion_25,2020,4,49.42,25.43,-73.6865,5.3014
Boyacá,Duitama,Estacion_22,2023,6,30.12,17.12,-74.466,10.5588
Bogotá D.C.,Bogotá,Estacion_25,2022,12,29.19,14.69,-74.064,10.7738
Norte de Santander,Cúcuta,Estacion_21,2023,12,61.64,26.29,-73.15,9.1819
Bolívar,Cartagena,Estacion_22,2023,1,65.38,41.28,-74.9567,9.2927
Santander,Floridablanca,Estacion_25,2018,2,37.53,16.0,-74.1128,8.6807
Norte de Santander,Cúcuta,Estacion_29,2020,2,22.71,14.44,-74.954,8.8584
Santander,Floridablanca,Estacion_14,2021,2,23.54,11.03,-73.0801,4.8826
Santander,Floridablanca,Estacion_27,2021,1,33.42,19.18,-73.8741,6.901
Antioquia,Medellín,Estacion_26,2018,2,18.19,7.34,-74.5156,6.2841
Bogotá D.C.,Bogotá,Estacion_22,2020,4,56.57,23.04,-74.5115,6.1557
Cundinamarca,Zipaquirá,Estacion_25,2022,10,65.54,36.99,-74.4873,9.679
Bogotá D.C.,Bogotá,Estacion_21,2024,1,47.35,30.31,-73.9731,4.7077
Bolívar,Cartagena,Estacion_20,2022,12,14.97,6.52,-74.1921,8.0153
Santander,Floridablanca,Estacion_01,2020,9,34.97,15.05,-73.1418,8.7606
Bogotá D.C.,Bogotá,Estacion_17,2021,5,57.56,36.3,-73.6213,9.7091
Antioquia,Envigado,Estacion_26,2018,3,46.31,23.89,-73.8106,10.2828
Bolívar,Cartagena,Estacion_01,2019,5,36.27,16.96,-73.5423,5.0819
Cundinamarca,Zipaquirá,Estacion_10,2018,12,60.27,29.09,-74.2401,6.2064
Valle del Cauca,Cali,Estacion_04,2018,6,45.65,27.8,-73.198,8.4805
Bogotá D.C.,Bogotá,Estacion_01,2021,2,70.05,35.06,-73.8339,4.3693
Bogotá D.C.,Bogotá,Estacion_28,2019,3,68.98,38.74,-74.1523,10.4922
Atlántico,Soledad,Estacion_27,2019,9,45.26,21.11,-74.7278,9.4247
Antioquia,Medellín,Estacion_27,2021,2,47.65,28.17,-73.8582,8.2778
Santander,Bucaramanga,Estacion_14,2024,12,32.03,13.49,-74.4496,9.7892
Boyacá,Tunja,Estacion_15,2024,6,26.53,14.13,-73.5603,8.3741
Bogotá D.C.,Bogotá,Estacion_09,2024,10,51.8,31.75,-74.3781,4.2198
Atlántico,Barranquilla,Estacion_07,2020,9,27.55,13.42,-74.8881,5.4438
Boyacá,Tunja,Estacion_17,2022,1,42.89,20.76,-73.1479,7.4709
Bogotá D.C.,Bogotá,Estacion_23,2023,9,77.81,47.1,-73.3834,6.525
Santander,Bucaramanga,Estacion_12,2019,5,47.0,27.07,-74.0533,7.4206
Santander,Floridablanca,Estacion_25,2020,10,14.39,6.64,-74.3878,5.9762
Bogotá D.C.,Bogotá,Estacion_14,2018,7,70.46,43.58,-73.1521,6.7312
Norte de Santander,Cúcuta,Estacion_05,2023,11,8.79,5.28,-74.0063,8.1558
Norte de Santander,Cúcuta,Estacion_29,2023,5,42.17,23.75,-74.2403,8.0797
Valle del Cauca,Cali,Estacion_01,2024,5,59.08,35.59,-74.2915,5.3868
Cundinamarca,Soacha,Estacion_03,2024,7,36.34,15.09,-73.3323,8.3015
Atlántico,Barranquilla,Estacion_27,2023,12,34.93,18.89,-74.2057,4.9525
Antioquia,Envigado,Estacion_16,2020,4,38.77,16.71,-74.2115,4.3974
Valle del Cauca,Palmira,Estacion_02,2023,4,56.53,26.81,-73.652,8.1824
Norte de Santander,Cúcuta,Estacion_09,2019,8,5.0,3.0,-74.285,8.7998
Atlántico,Soledad,Estacion_03,2024,8,25.13,12.65,-74.4749,10.4852
Santander,Floridablanca,Estacion_23,2022,6,28.6,17.47,-73.5339,10.1309
Valle del Cauca,Palmira,Estacion_24,2019,12,67.57,39.32,-73.6825,5.0061
Antioquia,Envigado,Estacion_08,2019,3,49.94,31.61,-74.4403,4.1657
Atlántico,Barranquilla,Estacion_13,2024,11,49.63,21.12,-74.1827,9.7099
Bogotá D.C.,Bogotá,Estacion_02,2020,12,50.1,24.25,-74.2668,4.5654
Norte de Santander,Cúcuta,Estacion_08,2022,2,72.4,35.3,-73.1246,8.9514
Valle del Cauca,Cali,Estacion_02,2021,11,39.02,21.82,-73.8247,5.188
Norte de Santander,Cúcuta,Estacion_15,2024,7,8.36,3.73,-73.7501,6.2284
Santander,Bucaramanga,Estacion_30,2024,4,36.61,22.15,-73.0104,7.1976
Valle del Cauca,Palmira,Estacion_17,2019,10,26.17,15.86,-74.3106,4.2875
Valle del Cauca,Palmira,Estacion_01,2021,8,68.56,28.58,-74.6126,8.3962
Santander,Floridablanca,Estacion_29,2022,11,44.28,27.97,-74.3135,10.1221
Antioquia,Bello,Estacion_29,2020,8,5.0,3.0,-73.0608,6.4927
Bogotá D.C.,Bogotá,Estacion_03,2022,8,57.41,28.15,-74.0474,5.4671
Atlántico,Soledad,Estacion_15,2024,4,56.85,24.24,-74.7396,7.3343
Atlántico,Soledad,Estacion_03,2023,5,30.14,19.43,-74.6802,8.8323
Boyacá,Tunja,Estacion_17,2019,7,34.47,18.48,-74.9629,8.2525
Bolívar,Cartagena,Estacion_06,2018,9,25.41,15.7,-73.1125,4.8487
Huila,Neiva,Estacion_12,2019,4,20.85,11.45,-73.7136,6.2634
Cundinamarca,Soacha,Estacion_05,2019,4,46.9,26.04,-73.4405,8.3669
Bolívar,Cartagena,Estacion_04,2021,6,41.1,21.02,-73.7579,5.3839
Atlántico,Barranquilla,Estacion_27,2022,9,9.1,5.6,-73.228,5.9811
Antioquia,Bello,Estacion_11,2018,3,28.62,18.28,-73.5315,4.8523
Atlántico,Barranquilla,Estacion_02,2021,9,23.89,13.44,-73.9687,9.4696
Boyacá,Duitama,Estacion_22,2022,6,23.85,15.2,-74.9902,6.3715
Antioquia,Bello,Estacion_11,2018,5,10.88,4.83,-74.5038,6.8861
Santander,Floridablanca,Estacion_05,2021,3,12.74,6.69,-73.0891,4.7307
Antioquia,Bello,Estacion_25,2023,3,60.82,38.3,-73.6974,5.8927
Boyacá,Tunja,Estacion_22,2023,5,41.52,26.02,-74.7075,7.409
Cundinamarca,Zipaquirá,Estacion_22,2019,5,27.05,14.7,-74.4269,6.9802
Cundinamarca,Zipaquirá,Estacion_09,2018,8,28.85,15.55,-73.6424,8.7041
Cundinamarca,Zipaquirá,Estacion_18,2020,8,34.23,20.12,-74.8908,8.5194
Cundinamarca,Zipaquirá,Estacion_21,2019,7,40.89,19.32,-74.8167,7.1332
Atlántico,Soledad,Estacion_18,2022,6,38.53,16.11,-74.6798,8.0249
Antioquia,Bello,Estacion_24,2020,6,51.6,29.36,-73.8047,10.9884
Santander,Bucaramanga,Estacion_30,2021,9,51.09,24.17,-74.0351,8.1243
Cundinamarca,Zipaquirá,Estacion_03,2024,9,36.48,22.23,-74.2535,9.5046
Valle del Cauca,Palmira,Estacion_29,2023,10,62.64,37.23,-73.0802,8.6776
Valle del Cauca,Palmira,Estacion_07,2020,8,50.47,24.78,-73.2179,10.9316
Antioquia,Medellín,Estacion_28,2019,1,60.75,31.25,-73.9881,8.0328
Huila,Neiva,Estacion_12,2019,3,39.39,22.7,-74.6367,9.4292
Cundinamarca,Soacha,Estacion_01,2022,9,41.33,25.58,-74.3327,7.4377
Norte de Santander,Cúcuta,Estacion_14,2023,10,6.26,3.0,-73.0925,4.2158
Santander,Bucaramanga,Estacion_27,2019,11,16.87,7.28,-73.9688,7.0358
Norte de Santander,Cúcuta,Estacion_20,2023,10,47.21,30.66,-74.1124,9.0409
Bolívar,Cartagena,Estacion_24,2021,1,31.99,14.97,-74.2453,9.821
Atlántico,Barranquilla,Estacion_28,2021,1,36.51,23.67,-73.4321,9.1328
Antioquia,Envigado,Estacion_28,2023,8,66.59,31.36,-74.225,7.0638
Cundinamarca,Soacha,Estacion_17,2023,8,33.38,17.0,-73.25,10.3458
Bolívar,Cartagena,Estacion_26,2020,1,34.21,16.89,-73.9968,7.0036
Norte de Santander,Cúcuta,Estacion_10,2024,9,23.52,13.67,-74.3848,5.9184
Bolívar,Cartagena,Estacion_29,2019,11,41.63,24.29,-73.9938,7.2909
Cundinamarca,Soacha,Estacion_23,2020,11,37.8,20.52,-74.8357,5.1272
Atlántico,Barranquilla,Estacion_19,2024,10,44.26,27.01,-73.1634,4.8587
Huila,Neiva,Estacion_01,2021,12,19.24,11.65,-74.5768,10.7889
Bogotá D.C.,Bogotá,Estacion_23,2020,9,49.89,31.48,-74.034,6.5436
Santander,Bucaramanga,Estacion_24,2021,11,61.09,35.06,-74.2188,6.0769
Cundinamarca,Soacha,Estacion_19,2018,2,12.38,5.91,-74.1197,6.8047
Bolívar,Cartagena,Estacion_30,2020,8,51.03,29.59,-74.2303,10.0293
Bolívar,Cartagena,Estacion_02,2022,6,47.43,27.72,-74.316,8.4853
Huila,Neiva,Estacion_10,2020,6,47.55,30.03,-74.8588,6.5463
Santander,Floridablanca,Estacion_17,2019,10,18.8,8.19,-74.2788,9.1828
Valle del Cauca,Cali,Estacion_01,2021,2,49.09,26.44,-73.6153,6.8991
Huila,Neiva,Estacion_20,2024,9,12.85,7.21,-74.1364,8.799
Bogotá D.C.,Bogotá,Estacion_13,2024,8,51.7,26.04,-73.0798,5.4152
Bogotá D.C.,Bogotá,Estacion_06,2024,2,46.11,26.47,-73.0004,9.7453
Atlántico,Barranquilla,Estacion_27,2018,2,40.07,17.11,-74.7759,10.082
Santander,Bucaramanga,Estacion_13,2020,5,21.74,11.54,-74.3604,4.934
Santander,Floridablanca,Estacion_05,2022,7,34.85,14.85,-74.8504,5.35
Huila,Neiva,Estacion_30,2020,6,5.0,3.0,-74.8543,7.1715
Huila,Neiva,Estacion_21,2022,8,45.41,26.25,-74.822,5.6908
Boyacá,Duitama,Estacion_14,2022,7,46.15,29.85,-73.3842,7.7983
Huila,Neiva,Estacion_23,2023,9,33.12,16.87,-74.4993,7.2478
Norte de Santander,Cúcuta,Estacion_11,2023,7,53.97,29.68,-73.5001,10.9523
Cundinamarca,Soacha,Estacion_09,2024,7,21.93,13.89,-74.387,7.2937
Valle del Cauca,Cali,Estacion_13,2024,11,62.75,38.59,-73.327,7.3967
Huila,Neiva,Estacion_07,2021,8,30.19,16.34,-73.3231,10.2051
Bogotá D.C.,Bogotá,Estacion_27,2018,3,38.26,23.08,-73.7866,4.4069
Huila,Neiva,Estacion_28,2023,12,6.35,3.61,-74.7456,4.0632
Norte de Santander,Cúcuta,Estacion_06,2018,3,56.16,27.59,-74.8495,4.2903
Santander,Floridablanca,Estacion_24,2024,7,55.94,24.77,-74.3905,10.9036
Santander,Floridablanca,Estacion_23,2019,3,49.56,25.09,-74.5659,9.5439
Huila,Neiva,Estacion_22,2020,1,38.32,20.33,-74.4241,9.1226
Cundinamarca,Soacha,Estacion_11,2019,11,5.0,3.0,-74.8927,7.4616
Boyacá,Duitama,Estacion_03,2023,5,26.08,16.26,-74.8774,10.189
Norte de Santander,Cúcuta,Estacion_07,2024,6,46.58,18.8,-73.0905,8.2017
Atlántico,Barranquilla,Estacion_17,2018,10,38.7,21.67,-73.2361,8.2567
Bolívar,Cartagena,Estacion_05,2020,5,69.39,31.26,-74.9519,8.3381
Bolívar,Cartagena,Estacion_04,2023,9,35.84,15.89,-73.6446,8.9182
Atlántico,Barranquilla,Estacion_25,2024,8,13.74,7.18,-74.2908,5.8008
Cundinamarca,Soacha,Estacion_15,2019,8,38.41,18.79,-73.106,6.3629
Santander,Bucaramanga,Estacion_10,2021,2,41.37,20.97,-74.3208,8.7834
Huila,Neiva,Estacion_26,2024,10,48.48,28.42,-74.7449,5.8638
Bolívar,Cartagena,Estacion_27,2019,2,15.22,6.46,-73.2306,9.8135
Atlántico,Barranquilla,Estacion_19,2018,7,63.81,28.04,-73.7625,9.186
Huila,Neiva,Estacion_17,2019,5,41.48,18.82,-73.2309,7.9548
Valle del Cauca,Cali,Estacion_08,2021,2,39.63,16.94,-73.0272,6.4265
Atlántico,Soledad,Estacion_11,2021,11,67.07,40.28,-74.8314,9.1758
Cundinamarca,Soacha,Estacion_06,2018,12,17.39,8.66,-73.6931,8.7108
Huila,Neiva,Estacion_02,2018,12,33.14,16.52,-73.2469,6.7461
Santander,Floridablanca,Estacion_07,2024,3,46.26,27.16,-73.8731,9.5607
Huila,Neiva,Estacion_09,2019,3,19.5,11.25,-73.7369,7.2437
Valle del Cauca,Cali,Estacion_30,2021,7,16.61,7.64,-74.6856,7.5603
Norte de Santander,Cúcuta,Estacion_30,2022,6,31.52,17.35,-74.5634,7.7828
Boyacá,Tunja,Estacion_02,2018,1,28.79,15.75,-73.201,8.6592
Atlántico,Barranquilla,Estacion_11,2022,12,48.82,25.34,-74.1081,6.3149
Cundinamarca,Zipaquirá,Estacion_18,2021,2,18.4,9.57,-73.8945,6.1635
Bolívar,Cartagena,Estacion_08,2020,5,42.04,19.13,-73.5765,9.7403
Boyacá,Duitama,Estacion_28,2024,9,14.82,6.98,-73.3554,4.4554
Santander,Floridablanca,Estacion_24,2019,6,44.41,20.03,-73.0543,9.2941
Norte de Santander,Cúcuta,Estacion_04,2024,12,43.96,26.85,-74.0006,7.9822
Cundinamarca,Zipaquirá,Estacion_23,2024,10,22.32,10.75,-74.1763,4.2924
Atlántico,Barranquilla,Estacion_15,2023,6,50.15,21.98,-73.8613,6.7661
Santander,Floridablanca,Estacion_21,2019,2,43.84,28.18,-74.7442,4.6481
Santander,Floridablanca,Estacion_12,2021,10,35.48,19.81,-73.3216,5.3857
Valle del Cauca,Cali,Estacion_16,2021,7,52.65,26.72,-74.572,5.2942
Bolívar,Cartagena,Estacion_18,2018,4,36.6,21.87,-74.6895,8.1324
Valle del Cauca,Cali,Estacion_01,2022,4,33.38,21.52,-74.6196,5.0698
Huila,Neiva,Estacion_02,2018,12,54.27,35.13,-73.6659,10.547
Huila,Neiva,Estacion_29,2019,9,33.92,17.24,-73.7072,8.1415
Boyacá,Tunja,Estacion_20,2018,9,51.64,26.7,-73.1323,8.6146
Santander,Floridablanca,Estacion_13,2021,11,31.56,20.33,-73.9884,6.1749
Cundinamarca,Zipaquirá,Estacion_13,2021,10,31.62,15.09,-73.876,7.02
Bogotá D.C.,Bogotá,Estacion_07,2022,7,25.35,15.88,-74.9672,6.2889
Huila,Neiva,Estacion_11,2024,11,33.92,17.19,-73.8583,9.5493
Cundinamarca,Zipaquirá,Estacion_19,2024,3,43.1,18.78,-74.1041,9.7023
Bolívar,Cartagena,Estacion_21,2020,12,67.15,40.76,-74.1743,7.7821
Huila,Neiva,Estacion_16,2018,12,28.02,12.56,-73.6561,5.6867
Santander,Floridablanca,Estacion_14,2021,2,19.67,8.09,-74.7997,10.6949
Huila,Neiva,Estacion_03,2022,1,65.07,32.47,-73.9957,7.8423
Norte de Santander,Cúcuta,Estacion_20,2019,5,31.26,20.1,-73.7919,10.8949
Bogotá D.C.,Bogotá,Estacion_22,2024,11,36.84,23.55,-73.7568,6.2681
Antioquia,Medellín,Estacion_22,2020,5,16.29,6.71,-73.8771,7.7816
Atlántico,Barranquilla,Estacion_18,2019,9,49.81,29.15,-74.4643,6.9458
Antioquia,Medellín,Estacion_21,2024,4,37.6,19.68,-74.0123,10.7861
Atlántico,Barranquilla,Estacion_03,2024,11,41.33,24.8,-74.8464,5.5054
Norte de Santander,Cúcuta,Estacion_06,2018,1,28.8,16.04,-74.5191,4.6958
Valle del Cauca,Cali,Estacion_03,2019,4,62.26,28.28,-74.8669,9.3762
Huila,Neiva,Estacion_03,2019,8,21.15,8.7,-74.5112,7.8448
Cundinamarca,Zipaquirá,Estacion_06,2018,2,40.67,16.45,-73.3037,5.7142
Bolívar,Cartagena,Estacion_21,2020,7,47.65,29.83,-73.605,4.0962
Bogotá D.C.,Bogotá,Estacion_21,2022,11,84.19,41.59,-74.3145,10.7164
Atlántico,Barranquilla,Estacion_10,2024,5,34.64,18.44,-74.4856,5.531
Norte de Santander,Cúcuta,Estacion_04,2020,2,25.84,12.3,-73.7624,4.795
Bogotá D.C.,Bogotá,Estacion_01,2019,8,69.18,44.4,-73.1878,9.9064
Bogotá D.C.,Bogotá,Estacion_20,2019,11,69.01,42.61,-73.1338,5.4147
Huila,Neiva,Estacion_06,2024,4,33.69,14.89,-74.2391,8.7688
Bogotá D.C.,Bogotá,Estacion_28,2022,12,48.73,22.34,-73.6335,9.2789
Valle del Cauca,Palmira,Estacion_13,2019,6,58.7,36.23,-73.2319,4.6178
Antioquia,Medellín,Estacion_14,2021,10,27.93,14.87,-73.1893,5.5057
Cundinamarca,Zipaquirá,Estacion_22,2018,2,45.21,26.55,-74.8331,7.1215
Antioquia,Medellín,Estacion_26,2021,8,41.84,21.04,-74.7286,8.1846
Valle del Cauca,Palmira,Estacion_04,2020,4,28.88,17.87,-73.492,7.0262
Atlántico,Barranquilla,Estacion_06,2019,1,25.51,13.29,-73.3862,10.5997
Atlántico,Barranquilla,Estacion_10,2023,1,26.65,13.07,-74.6052,8.2583
Santander,Bucaramanga,Estacion_02,2023,6,48.04,23.06,-73.9448,7.5126
Valle del Cauca,Palmira,Estacion_14,2021,8,48.21,28.71,-73.9916,7.0531
Huila,Neiva,Estacion_02,2023,1,12.51,8.12,-73.6992,6.7489
Santander,Bucaramanga,Estacion_11,2022,4,26.24,12.61,-73.5642,4.0544
Bolívar,Cartagena,Estacion_15,2019,8,8.17,3.76,-73.5498,7.8395
Huila,Neiva,Estacion_04,2024,12,5.0,3.0,-74.5275,4.0762
Antioquia,Medellín,Estacion_25,2019,2,40.32,20.43,-74.6091,6.6835
Bogotá D.C.,Bogotá,Estacion_29,2022,10,35.37,14.41,-74.3943,6.8086
Antioquia,Medellín,Estacion_22,2021,11,32.26,20.57,-73.3961,9.0331
Bolívar,Cartagena,Estacion_22,2021,5,23.34,12.49,-73.1217,10.0047
Huila,Neiva,Estacion_30,2022,9,26.8,15.12,-74.6729,10.6873
Santander,Bucaramanga,Estacion_15,2023,11,40.53,22.33,-74.3842,6.0843
Antioquia,Medellín,Estacion_18,2023,9,38.92,16.78,-73.0064,10.6418
Santander,Floridablanca,Estacion_23,2021,8,38.7,23.18,-74.1958,7.0728
Antioquia,Envigado,Estacion_28,2020,3,33.29,13.56,-74.0321,7.9777
Antioquia,Bello,Estacion_14,2020,6,50.04,20.96,-73.201,10.09
Bolívar,Cartagena,Estacion_05,2019,11,35.38,20.38,-74.3,5.61
Bolívar,Cartagena,Estacion_15,2021,11,36.32,15.76,-73.2759,9.0997
Bogotá D.C.,Bogotá,Estacion_21,2022,11,46.03,24.81,-73.4323,6.5253
Norte de Santander,Cúcuta,Estacion_06,2021,3,17.82,9.89,-73.2472,5.3312
Boyacá,Duitama,Estacion_29,2023,11,58.16,26.97,-73.2114,8.2868
Huila,Neiva,Estacion_22,2021,4,37.32,21.59,-73.4002,6.1583
Cundinamarca,Zipaquirá,Estacion_18,2020,5,45.9,25.08,-74.535,9.0599
Cundinamarca,Zipaquirá,Estacion_05,2023,4,47.42,26.11,-73.8939,7.87
Bolívar,Cartagena,Estacion_06,2024,3,21.68,13.99,-74.5485,5.6427
Santander,Bucaramanga,Estacion_13,2023,3,37.25,15.43,-74.7913,6.9689
Atlántico,Soledad,Estacion_25,2018,2,32.72,13.84,-74.2033,5.3737
Boyacá,Tunja,Estacion_28,2021,4,65.66,32.85,-73.4006,7.6973
Cundinamarca,Soacha,Estacion_29,2019,4,32.47,15.23,-74.2724,9.5945
Antioquia,Envigado,Estacion_30,2023,5,37.89,17.08,-73.2575,10.5381
Antioquia,Medellín,Estacion_04,2021,6,33.13,15.68,-73.8647,7.3464
Santander,Bucaramanga,Estacion_25,2024,2,54.56,30.44,-73.937,6.095
Santander,Floridablanca,Estacion_08,2022,2,39.76,22.11,-74.754,10.369
Santander,Floridablanca,Estacion_21,2022,3,31.51,19.71,-73.6787,6.0179
Huila,Neiva,Estacion_06,2020,8,33.21,18.7,-73.7565,7.6982
Bolívar,Cartagena,Estacion_25,2023,10,21.87,13.19,-74.2797,9.9785
Bogotá D.C.,Bogotá,Estacion_11,2024,2,51.81,31.05,-74.5595,5.9457
Huila,Neiva,Estacion_30,2023,4,77.29,31.86,-73.0843,9.6894
Norte de Santander,Cúcuta,Estacion_09,2020,12,36.97,21.48,-74.8164,5.757
Santander,Bucaramanga,Estacion_24,2021,9,40.64,22.76,-73.3482,6.6875
Valle del Cauca,Palmira,Estacion_07,2023,1,80.07,44.68,-74.9735,6.945
Huila,Neiva,Estacion_04,2023,1,33.37,16.5,-73.2702,8.3866
Atlántico,Soledad,Estacion_30,2020,10,56.94,34.15,-73.4084,7.6321
Bolívar,Cartagena,Estacion_13,2020,1,51.46,26.05,-73.301,5.8638
Antioquia,Bello,Estacion_19,2018,2,42.02,16.83,-73.5457,5.3371
Cundinamarca,Soacha,Estacion_01,2020,1,40.63,18.15,-73.0343,5.1554
Huila,Neiva,Estacion_26,2024,9,55.8,23.89,-74.6547,7.8793
Antioquia,Bello,Estacion_24,2023,10,29.93,16.07,-74.718,4.2568
Bolívar,Cartagena,Estacion_25,2021,10,18.09,11.6,-73.9895,5.8289
Bogotá D.C.,Bogotá,Estacion_21,2018,5,33.24,20.26,-74.7272,6.7458
Bolívar,Cartagena,Estacion_27,2021,3,35.6,22.4,-74.8645,10.8583
Huila,Neiva,Estacion_06,2022,12,63.91,40.37,-74.3559,8.1928
Huila,Neiva,Estacion_15,2020,11,19.2,11.98,-73.2047,8.9163
Huila,Neiva,Estacion_19,2019,1,37.96,18.41,-74.0022,8.0235
Huila,Neiva,Estacion_13,2021,7,47.91,26.66,-74.9193,8.1064
Huila,Neiva,Estacion_24,2023,9,36.29,15.45,-74.9911,5.9652
Atlántico,Barranquilla,Estacion_08,2020,7,33.48,17.83,-73.465,8.4287
Huila,Neiva,Estacion_14,2023,1,5.0,3.07,-74.1617,6.5006
Bolívar,Cartagena,Estacion_01,2021,6,50.1,21.13,-74.8228,6.0367
Cundinamarca,Soacha,Estacion_22,2019,7,12.86,6.14,-73.6892,10.4041
Norte de Santander,Cúcuta,Estacion_29,2024,3,43.43,20.56,-73.9966,10.8787
Huila,Neiva,Estacion_11,2021,6,24.07,11.07,-74.685,5.9349
Atlántico,Soledad,Estacion_25,2021,12,47.66,28.87,-73.5545,6.9215
Boyacá,Duitama,Estacion_15,2019,8,30.46,18.85,-74.496,9.6869
Boyacá,Tunja,Estacion_11,2018,3,41.44,25.05,-73.8984,6.0331
Bolívar,Cartagena,Estacion_03,2023,8,46.81,28.15,-73.4543,9.9647
Bolívar,Cartagena,Estacion_20,2020,10,23.56,11.95,-73.2453,5.4632
Huila,Neiva,Estacion_16,2020,11,8.25,5.1,-73.0996,7.9462
Bogotá D.C.,Bogotá,Estacion_02,2024,4,38.6,15.45,-73.8795,9.3173
Boyacá,Tunja,Estacion_05,2020,3,23.25,11.71,-73.5204,7.2885
Boyacá,Tunja,Estacion_27,2023,9,22.32,10.05,-73.1168,10.0952
Cundinamarca,Soacha,Estacion_11,2019,10,54.79,25.81,-74.8594,4.9159
Cundinamarca,Soacha,Estacion_01,2020,1,26.76,13.37,-74.5079,5.8442
Cundinamarca,Soacha,Estacion_03,2022,10,34.42,18.05,-74.0079,7.1418
Norte de Santander,Cúcuta,Estacion_21,2021,6,66.71,29.83,-74.563,7.5531
Santander,Bucaramanga,Estacion_23,2022,2,34.32,17.85,-73.3911,9.6378
Bogotá D.C.,Bogotá,Estacion_07,2024,12,56.15,27.71,-74.4373,7.704
Santander,Bucaramanga,Estacion_14,2023,7,24.72,10.22,-74.6385,4.1113
Huila,Neiva,Estacion_03,2019,8,50.83,29.62,-73.6317,4.4677
Huila,Neiva,Estacion_30,2021,8,25.04,14.55,-73.5536,6.8924
Bolívar,Cartagena,Estacion_15,2019,7,14.64,7.24,-74.2858,6.0916
Huila,Neiva,Estacion_07,2020,9,66.18,28.31,-74.3384,10.0261
Santander,Bucaramanga,Estacion_12,2024,12,33.74,13.92,-74.2364,5.4302
Boyacá,Duitama,Estacion_07,2019,1,27.94,14.93,-73.5368,4.9471
Atlántico,Barranquilla,Estacion_21,2018,4,18.57,7.75,-73.0524,7.6402
Boyacá,Tunja,Estacion_15,2018,3,53.58,26.48,-74.9653,4.9703
Cundinamarca,Soacha,Estacion_13,2021,5,32.31,20.99,-73.5073,6.0787
Norte de Santander,Cúcuta,Estacion_14,2019,2,22.11,14.0,-73.1911,6.9405
Santander,Bucaramanga,Estacion_24,2020,11,50.25,30.59,-73.8422,5.7447
Valle del Cauca,Palmira,Estacion_02,2021,10,67.38,35.0,-74.6623,5.1741
Bogotá D.C.,Bogotá,Estacion_08,2023,6,41.75,17.87,-74.2515,5.2652
Santander,Bucaramanga,Estacion_19,2023,12,34.54,18.91,-73.0783,9.8111
Boyacá,Tunja,Estacion_13,2023,12,25.04,14.71,-73.5992,5.9341
Cundinamarca,Zipaquirá,Estacion_10,2021,5,52.14,30.86,-74.7112,9.7727
Bogotá D.C.,Bogotá,Estacion_09,2018,6,74.38,46.09,-73.5252,6.6298
Norte de Santander,Cúcuta,Estacion_11,2020,8,61.69,38.41,-73.4251,7.5147
Bolívar,Cartagena,Estacion_20,2023,6,35.7,20.39,-74.2485,10.5722
Huila,Neiva,Estacion_14,2021,3,27.28,16.09,-73.0939,10.3259
Valle del Cauca,Cali,Estacion_02,2024,12,50.06,28.92,-73.3427,7.467
Santander,Floridablanca,Estacion_02,2023,4,40.58,17.31,-74.8045,8.6454
Bogotá D.C.,Bogotá,Estacion_19,2022,3,58.73,27.43,-74.0371,9.9012
Bolívar,Cartagena,Estacion_10,2023,3,11.48,6.65,-73.5767,8.6665
Atlántico,Barranquilla,Estacion_25,2022,7,5.0,3.0,-74.8194,6.4854
Bogotá D.C.,Bogotá,Estacion_30,2021,9,61.07,25.5,-74.2829,7.2767
Boyacá,Duitama,Estacion_27,2021,11,9.28,4.67,-73.0285,10.2404
Bogotá D.C.,Bogotá,Estacion_14,2023,4,65.72,32.98,-74.9717,7.9807
Boyacá,Duitama,Estacion_04,2023,7,59.28,26.96,-73.826,6.9073
Atlántico,Barranquilla,Estacion_05,2020,6,56.84,35.97,-73.9785,6.6123
Huila,Neiva,Estacion_03,2022,3,42.33,24.44,-73.1929,7.1573
Santander,Floridablanca,Estacion_19,2021,9,39.12,18.62,-74.0365,9.2756
Norte de Santander,Cúcuta,Estacion_24,2019,2,5.0,3.0,-74.6759,8.3888
Santander,Bucaramanga,Estacion_13,2022,3,19.96,8.88,-74.3049,7.9438
Antioquia,Bello,Estacion_09,2019,4,42.6,22.18,-74.1893,10.417
Bogotá D.C.,Bogotá,Estacion_16,2021,4,59.8,35.18,-74.819,9.7785
Cundinamarca,Soacha,Estacion_15,2023,11,53.18,30.14,-74.5476,6.7181
Cundinamarca,Soacha,Estacion_06,2019,1,36.95,18.6,-74.3034,7.2931
Boyacá,Duitama,Estacion_15,2020,7,25.98,15.37,-73.9583,9.6027
Bogotá D.C.,Bogotá,Estacion_29,2018,12,37.02,22.72,-74.6813,5.4227
Atlántico,Barranquilla,Estacion_10,2024,9,42.46,26.16,-73.0261,5.4491
Boyacá,Tunja,Estacion_22,2023,4,49.45,29.51,-73.3219,4.566
Norte de Santander,Cúcuta,Estacion_01,2019,9,63.86,39.23,-73.6548,9.0391
Boyacá,Duitama,Estacion_05,2023,2,35.6,19.24,-74.6003,8.5461
Antioquia,Envigado,Estacion_04,2018,11,51.04,21.42,-74.0311,8.2203
Atlántico,Soledad,Estacion_14,2021,7,27.46,12.55,-73.6981,10.5696
Santander,Floridablanca,Estacion_06,2022,2,29.82,19.02,-74.3473,7.608
Boyacá,Tunja,Estacion_07,2019,11,27.87,14.57,-74.9015,5.2112
Huila,Neiva,Estacion_01,2024,4,24.48,13.67,-74.6041,9.1959
Atlántico,Barranquilla,Estacion_23,2020,12,35.62,17.3,-73.3092,7.1375
Boyacá,Duitama,Estacion_15,2024,2,23.05,13.91,-73.3433,9.1211
Bogotá D.C.,Bogotá,Estacion_13,2022,8,46.56,23.93,-74.8659,8.9071
Cundinamarca,Zipaquirá,Estacion_05,2020,10,30.1,12.58,-74.2889,9.5953
Huila,Neiva,Estacion_17,2022,3,53.09,33.3,-73.1861,4.5169
Antioquia,Bello,Estacion_19,2021,8,23.15,9.78,-74.2001,4.5943
Boyacá,Duitama,Estacion_14,2024,6,35.25,15.31,-73.1955,5.1657
Valle del Cauca,Palmira,Estacion_04,2024,10,43.36,23.45,-73.3708,10.2256
Valle del Cauca,Palmira,Estacion_18,2024,5,35.53,16.85,-73.6582,9.2128
Santander,Floridablanca,Estacion_15,2021,7,38.92,24.14,-73.1629,7.7524
Cundinamarca,Zipaquirá,Estacion_21,2020,1,30.46,18.1,-73.0868,10.4094
Huila,Neiva,Estacion_23,2020,10,26.34,13.46,-74.625,10.6226
Huila,Neiva,Estacion_30,2024,10,47.45,27.96,-74.2328,4.1069
Antioquia,Envigado,Estacion_25,2020,2,44.42,22.38,-74.7878,9.425
Atlántico,Soledad,Estacion_02,2023,9,48.72,25.49,-74.9168,10.5524
Valle del Cauca,Cali,Estacion_22,2019,1,85.4,49.36,-73.8988,7.8439
Antioquia,Medellín,Estacion_01,2024,10,16.34,9.06,-74.208,7.3372
Atlántico,Soledad,Estacion_06,2018,4,28.56,16.95,-73.9934,10.9085
Cundinamarca,Zipaquirá,Estacion_14,2021,1,26.49,13.64,-74.7987,8.4025
Bogotá D.C.,Bogotá,Estacion_13,2023,6,45.61,20.45,-74.1839,7.3482
Boyacá,Duitama,Estacion_13,2024,8,35.75,16.1,-74.512,6.7473
Huila,Neiva,Estacion_19,2023,6,32.97,17.72,-73.9346,9.2238
Atlántico,Barranquilla,Estacion_25,2020,9,50.67,32.53,-74.1425,4.8716
Valle del Cauca,Palmira,Estacion_07,2018,3,77.73,48.24,-74.7444,5.9049
Bolívar,Cartagena,Estacion_22,2018,10,29.55,14.24,-74.8965,4.0989
Antioquia,Bello,Estacion_13,2018,6,21.93,12.79,-74.9182,4.4924
Huila,Neiva,Estacion_29,2018,8,24.41,11.04,-73.9871,6.2416
Cundinamarca,Zipaquirá,Estacion_30,2024,12,36.47,19.11,-74.512,6.8132
Huila,Neiva,Estacion_27,2022,11,47.81,30.71,-73.8911,5.9341
Atlántico,Barranquilla,Estacion_19,2022,6,48.79,20.34,-74.5619,4.7645
Bogotá D.C.,Bogotá,Estacion_10,2019,11,48.29,22.37,-73.4141,5.226
Antioquia,Medellín,Estacion_03,2022,11,59.32,32.64,-73.2804,4.1008
Santander,Bucaramanga,Estacion_22,2022,5,41.55,17.27,-74.6371,7.953
Huila,Neiva,Estacion_24,2023,4,35.53,19.17,-73.5806,8.7557
Bolívar,Cartagena,Estacion_28,2021,1,26.79,17.37,-74.2255,5.1572
Norte de Santander,Cúcuta,Estacion_29,2024,2,55.58,33.78,-74.9666,5.4872
Huila,Neiva,Estacion_18,2019,9,18.88,9.73,-74.4196,8.8981
Atlántico,Barranquilla,Estacion_17,2018,9,38.65,22.13,-73.8631,5.4317
Huila,Neiva,Estacion_23,2018,3,45.46,22.56,-74.2362,7.5686
Bogotá D.C.,Bogotá,Estacion_04,2020,5,29.08,13.26,-73.2658,4.5438
Bolívar,Cartagena,Estacion_02,2020,8,28.1,17.07,-74.188,7.1662
Antioquia,Envigado,Estacion_05,2023,11,15.88,9.38,-73.2509,4.4135
Valle del Cauca,Palmira,Estacion_11,2024,8,41.66,20.39,-73.7515,10.357
Atlántico,Barranquilla,Estacion_07,2021,1,22.48,11.7,-73.8107,8.5039
Santander,Floridablanca,Estacion_22,2019,7,47.05,22.63,-73.4987,7.2573
Atlántico,Soledad,Estacion_10,2022,7,23.52,11.55,-73.6112,6.1642
Atlántico,Soledad,Estacion_12,2024,3,36.7,17.94,-73.5616,10.8079
Santander,Bucaramanga,Estacion_28,2020,3,30.94,19.71,-73.8531,4.3397
Antioquia,Envigado,Estacion_12,2018,2,13.51,8.17,-74.3707,7.0295
Atlántico,Barranquilla,Estacion_18,2024,6,49.86,23.52,-74.1591,10.9523
Boyacá,Tunja,Estacion_22,2021,9,42.52,17.11,-73.783,5.4159
Atlántico,Barranquilla,Estacion_28,2022,4,34.24,14.21,-73.4812,6.2403
Cundinamarca,Soacha,Estacion_08,2023,5,48.24,28.3,-73.2001,6.6378
Atlántico,Barranquilla,Estacion_25,2022,10,42.41,27.27,-74.2809,5.9523
Boyacá,Duitama,Estacion_02,2020,2,45.3,21.71,-73.2387,6.3607
Bolívar,Cartagena,Estacion_13,2019,9,8.1,3.65,-74.6676,5.8854
Valle del Cauca,Palmira,Estacion_03,2021,2,47.36,27.79,-74.2206,5.1249
Norte de Santander,Cúcuta,Estacion_19,2021,12,34.91,20.99,-73.0947,10.9836
Bolívar,Cartagena,Estacion_07,2023,9,50.61,24.6,-73.0128,7.2871
Bolívar,Cartagena,Estacion_14,2022,2,7.76,4.88,-73.4069,5.0851
Huila,Neiva,Estacion_03,2024,12,22.01,14.1,-73.1337,8.9119
Valle del Cauca,Cali,Estacion_28,2024,7,58.09,35.83,-74.8104,7.5126
Santander,Floridablanca,Estacion_12,2020,2,45.23,27.63,-73.7742,6.2281
Norte de Santander,Cúcuta,Estacion_03,2020,1,45.35,22.7,-74.944,10.3321
Valle del Cauca,Cali,Estacion_14,2021,4,53.34,25.37,-73.7753,6.1585
Bolívar,Cartagena,Estacion_12,2021,2,11.15,6.09,-74.1266,4.975
Atlántico,Barranquilla,Estacion_25,2023,6,46.85,19.44,-74.1643,9.953
Cundinamarca,Zipaquirá,Estacion_13,2020,11,38.97,16.08,-73.6398,9.768
Norte de Santander,Cúcuta,Estacion_07,2018,10,50.61,22.39,-74.277,7.0755
Norte de Santander,Cúcuta,Estacion_13,2021,11,37.34,18.64,-74.5118,9.9635
Santander,Floridablanca,Estacion_02,2018,8,45.01,19.78,-74.2117,10.2451
Norte de Santander,Cúcuta,Estacion_08,2019,12,45.02,18.56,-73.3493,5.9879
Bolívar,Cartagena,Estacion_19,2018,11,26.77,11.31,-73.386,5.6768
Atlántico,Barranquilla,Estacion_08,2018,1,29.76,14.79,-74.5303,6.6274
Valle del Cauca,Cali,Estacion_17,2020,6,35.22,16.78,-74.4198,4.0186
Boyacá,Duitama,Estacion_20,2024,7,53.35,26.03,-73.4724,4.7286
Bogotá D.C.,Bogotá,Estacion_17,2021,2,71.58,41.72,-73.4517,9.2322
Bogotá D.C.,Bogotá,Estacion_28,2021,1,48.82,24.93,-73.775,6.3485
Norte de Santander,Cúcuta,Estacion_30,2024,12,54.22,26.84,-73.3587,10.3107
Santander,Bucaramanga,Estacion_01,2021,7,21.8,10.29,-73.0265,10.1155
Atlántico,Barranquilla,Estacion_30,2018,7,21.55,10.5,-73.2503,10.3782
Santander,Bucaramanga,Estacion_29,2019,9,22.56,13.21,-73.3057,4.0979
Antioquia,Medellín,Estacion_21,2018,11,28.93,14.93,-74.6569,7.6107
Bogotá D.C.,Bogotá,Estacion_08,2023,11,72.6,29.59,-74.1487,7.1115
Santander,Floridablanca,Estacion_08,2019,11,37.21,16.74,-74.7559,9.3477
Santander,Floridablanca,Estacion_19,2024,6,19.78,8.24,-73.8742,9.5975
Norte de Santander,Cúcuta,Estacion_10,2024,10,54.16,24.07,-74.9884,9.481
Norte de Santander,Cúcuta,Estacion_12,2024,11,42.52,26.14,-73.6399,4.9708
Bolívar,Cartagena,Estacion_18,2018,2,51.24,32.95,-74.6842,8.2509
Valle del Cauca,Palmira,Estacion_02,2024,6,49.41,28.56,-74.4429,10.4263
Antioquia,Medellín,Estacion_29,2022,5,17.94,8.25,-74.5059,10.7495
Valle del Cauca,Palmira,Estacion_02,2023,3,36.97,22.07,-74.5206,5.6125
Santander,Floridablanca,Estacion_02,2024,11,36.74,22.41,-74.0363,6.7509
Santander,Bucaramanga,Estacion_20,2022,10,32.1,17.35,-74.2873,7.6718
Atlántico,Barranquilla,Estacion_01,2022,7,63.72,35.69,-73.3577,6.0124
Cundinamarca,Soacha,Estacion_27,2019,10,24.28,14.64,-74.3346,4.4006
Santander,Floridablanca,Estacion_22,2018,6,20.47,11.18,-73.3275,4.8254
Valle del Cauca,Cali,Estacion_15,2021,3,68.63,32.41,-74.059,8.8361
Huila,Neiva,Estacion_23,2018,8,47.67,20.56,-73.1207,9.9788
Bogotá D.C.,Bogotá,Estacion_07,2023,5,46.94,26.85,-73.1693,7.7097
Boyacá,Duitama,Estacion_25,2019,8,49.41,23.39,-74.4437,6.6485
Cundinamarca,Soacha,Estacion_15,2019,4,15.95,9.44,-73.2976,9.5645
Santander,Bucaramanga,Estacion_05,2018,9,50.02,21.33,-74.9969,7.0545
Huila,Neiva,Estacion_17,2023,3,16.76,10.02,-73.6432,8.0994
Santander,Bucaramanga,Estacion_10,2019,10,58.33,26.93,-74.27,6.8151
Valle del Cauca,Palmira,Estacion_20,2024,12,31.36,17.95,-74.1389,7.9245
Norte de Santander,Cúcuta,Estacion_07,2023,12,70.73,30.04,-74.6074,7.2892
Antioquia,Bello,Estacion_11,2019,5,44.62,20.62,-74.5118,6.6983
Santander,Bucaramanga,Estacion_20,2024,9,18.56,8.49,-73.7734,4.08
Huila,Neiva,Estacion_08,2022,6,50.28,30.79,-74.9165,8.5742
Boyacá,Tunja,Estacion_06,2022,9,52.48,31.97,-73.2407,6.032
Bogotá D.C.,Bogotá,Estacion_03,2020,10,62.16,31.94,-74.3419,9.0926
Atlántico,Soledad,Estacion_28,2021,1,18.83,8.83,-73.8231,8.3117
Huila,Neiva,Estacion_15,2022,2,23.61,14.12,-73.0467,6.3547
Bolívar,Cartagena,Estacion_08,2022,7,26.38,11.17,-73.1411,8.6433
Santander,Bucaramanga,Estacion_11,2021,4,47.76,29.9,-73.5414,4.676
Bogotá D.C.,Bogotá,Estacion_10,2024,2,47.32,24.81,-73.2327,7.0052
Santander,Bucaramanga,Estacion_02,2021,12,58.08,36.27,-73.9943,9.5509
Bolívar,Cartagena,Estacion_26,2018,11,20.74,12.02,-73.0942,8.0332
Antioquia,Bello,Estacion_11,2022,8,41.47,19.78,-74.8597,4.2243
Norte de Santander,Cúcuta,Estacion_15,2022,12,48.99,24.73,-73.1339,4.7726
Valle del Cauca,Palmira,Estacion_11,2024,8,39.5,25.37,-73.318,8.1079
Antioquia,Medellín,Estacion_28,2021,9,17.22,9.57,-73.3043,7.5622
Valle del Cauca,Palmira,Estacion_19,2023,10,73.77,39.28,-74.8002,8.8698
Norte de Santander,Cúcuta,Estacion_29,2020,4,47.07,24.3,-74.5462,8.9431
Santander,Bucaramanga,Estacion_15,2021,4,44.39,24.03,-73.0581,4.1526
Antioquia,Bello,Estacion_25,2022,5,44.27,20.53,-73.58,9.9318
Santander,Floridablanca,Estacion_01,2018,1,34.73,20.7,-74.2608,4.316
Atlántico,Barranquilla,Estacion_02,2023,7,23.06,11.02,-73.449,7.1117
Huila,Neiva,Estacion_06,2022,7,26.2,15.28,-73.9934,10.2886
Santander,Bucaramanga,Estacion_15,2019,12,33.66,15.71,-73.0102,8.9783
Huila,Neiva,Estacion_29,2024,6,57.03,35.92,-74.0391,5.3643
Cundinamarca,Zipaquirá,Estacion_21,2024,6,54.4,35.25,-74.1093,10.5775
Norte de Santander,Cúcuta,Estacion_27,2022,12,57.04,33.18,-73.0905,7.3902
Antioquia,Medellín,Estacion_27,2023,6,31.99,14.3,-73.8261,8.871
Boyacá,Tunja,Estacion_26,2021,12,40.79,22.01,-74.6099,6.8091
Antioquia,Bello,Estacion_10,2019,12,19.4,7.86,-74.8775,10.4731
Boyacá,Duitama,Estacion_26,2018,1,32.29,13.72,-73.6358,9.9271
Bolívar,Cartagena,Estacion_05,2021,1,44.67,22.76,-73.0188,10.1694
Huila,Neiva,Estacion_04,2021,7,43.69,17.58,-73.2533,9.3275
Valle del Cauca,Palmira,Estacion_06,2022,12,90.79,36.85,-74.4118,7.582
Antioquia,Bello,Estacion_30,2023,7,27.14,16.72,-73.3036,7.0688
Valle del Cauca,Palmira,Estacion_10,2019,2,52.87,34.15,-74.5357,4.4672
Norte de Santander,Cúcuta,Estacion_14,2020,8,45.97,27.88,-74.2321,7.2718
Norte de Santander,Cúcuta,Estacion_21,2018,11,46.12,20.8,-73.7593,6.7355
Antioquia,Bello,Estacion_23,2024,12,21.89,9.77,-73.1794,5.6629
Bogotá D.C.,Bogotá,Estacion_08,2018,3,65.15,38.61,-74.8892,9.6976
Cundinamarca,Zipaquirá,Estacion_15,2021,7,47.11,18.89,-74.5314,8.4445
Santander,Bucaramanga,Estacion_21,2023,2,32.7,18.73,-74.1763,7.9564
Atlántico,Soledad,Estacion_08,2023,3,51.63,26.26,-74.8534,7.851
Bogotá D.C.,Bogotá,Estacion_18,2018,4,53.66,28.43,-73.0929,7.1716
Valle del Cauca,Cali,Estacion_08,2021,8,74.44,40.2,-74.4068,6.3257
Boyacá,Tunja,Estacion_14,2018,6,15.28,6.57,-74.1191,10.9503
Boyacá,Duitama,Estacion_16,2018,6,43.53,27.71,-74.9278,6.7893
Bolívar,Cartagena,Estacion_10,2018,3,33.04,19.6,-74.3127,8.7154
Huila,Neiva,Estacion_21,2019,6,16.27,10.06,-74.507,7.0162
Bogotá D.C.,Bogotá,Estacion_21,2019,6,47.39,19.7,-74.8252,9.6024
Huila,Neiva,Estacion_23,2020,2,41.69,25.82,-74.4991,6.342
Antioquia,Medellín,Estacion_15,2024,4,27.51,12.84,-73.2634,9.6506
Boyacá,Tunja,Estacion_22,2018,10,50.72,22.31,-74.6053,5.8819
Antioquia,Bello,Estacion_09,2023,7,34.37,14.41,-74.7026,8.8994
Cundinamarca,Zipaquirá,Estacion_08,2019,3,50.65,23.57,-73.2425,7.1476
Norte de Santander,Cúcuta,Estacion_01,2018,5,51.15,27.21,-74.7837,8.08
Bolívar,Cartagena,Estacion_20,2022,9,31.36,16.9,-73.2406,8.6081
Atlántico,Soledad,Estacion_25,2024,5,60.63,32.65,-73.4714,10.0517
Antioquia,Medellín,Estacion_29,2021,9,54.36,29.92,-74.9834,4.0994
Bogotá D.C.,Bogotá,Estacion_17,2022,10,70.13,28.26,-73.2945,10.3635
Norte de Santander,Cúcuta,Estacion_18,2018,5,45.43,26.26,-74.9497,10.9578
Norte de Santander,Cúcuta,Estacion_23,2023,1,36.06,17.48,-73.0381,8.9714
Boyacá,Duitama,Estacion_26,2024,10,17.05,10.92,-73.4442,10.9976
Antioquia,Bello,Estacion_23,2021,10,23.56,11.21,-74.9559,4.9597
Antioquia,Medellín,Estacion_30,2020,7,62.45,37.09,-74.7116,4.8033
Boyacá,Tunja,Estacion_13,2024,3,28.46,11.75,-73.3635,5.8723
Norte de Santander,Cúcuta,Estacion_19,2023,12,32.45,14.38,-74.991,8.0511
Bogotá D.C.,Bogotá,Estacion_08,2018,12,62.99,36.93,-74.2611,10.7803
Boyacá,Duitama,Estacion_23,2024,2,35.85,18.74,-73.2788,7.586
Antioquia,Medellín,Estacion_01,2020,10,20.09,11.17,-73.3013,6.1224
Norte de Santander,Cúcuta,Estacion_10,2023,2,23.81,12.67,-74.7117,9.0688
Huila,Neiva,Estacion_07,2024,3,43.35,25.67,-73.306,4.1608
Valle del Cauca,Palmira,Estacion_29,2023,9,59.27,26.47,-74.8025,5.523
Huila,Neiva,Estacion_27,2024,6,27.66,14.45,-74.3588,6.778
Norte de Santander,Cúcuta,Estacion_23,2020,9,38.47,23.89,-74.9277,5.5347
Santander,Floridablanca,Estacion_27,2019,11,45.71,25.59,-73.9701,6.4701
Norte de Santander,Cúcuta,Estacion_19,2019,1,21.53,10.66,-74.6077,6.5932
Huila,Neiva,Estacion_26,2019,8,40.99,20.86,-74.6735,5.6799
Norte de Santander,Cúcuta,Estacion_03,2024,3,24.33,11.28,-73.9352,8.2912
Huila,Neiva,Estacion_11,2023,8,37.03,22.54,-73.3576,9.4536
Bogotá D.C.,Bogotá,Estacion_29,2024,3,60.15,31.54,-73.6441,4.1872
Valle del Cauca,Palmira,Estacion_12,2024,1,45.25,22.47,-73.4832,6.0038
Bolívar,Cartagena,Estacion_25,2020,11,36.53,22.65,-73.7149,8.8756
Huila,Neiva,Estacion_01,2023,4,41.54,18.55,-74.5233,8.9016
Norte de Santander,Cúcuta,Estacion_27,2023,12,19.88,10.8,-74.9001,6.9719
Bolívar,Cartagena,Estacion_16,2021,11,42.47,23.73,-73.4977,8.987
Antioquia,Medellín,Estacion_22,2024,1,29.67,15.65,-74.5062,7.2779
Norte de Santander,Cúcuta,Estacion_13,2018,2,53.23,29.84,-74.1061,8.981
Huila,Neiva,Estacion_21,2019,4,51.62,24.29,-74.7335,5.4822
Atlántico,Barranquilla,Estacion_05,2020,3,16.5,8.09,-73.4716,7.3383
Valle del Cauca,Palmira,Estacion_15,2020,6,34.6,14.76,-73.3909,7.6788
Boyacá,Tunja,Estacion_03,2018,5,39.55,21.02,-74.136,4.2439
Cundinamarca,Soacha,Estacion_17,2019,10,46.02,24.55,-73.916,7.5385
Santander,Bucaramanga,Estacion_26,2024,1,14.07,8.29,-73.4084,5.9975
Boyacá,Tunja,Estacion_12,2023,9,38.35,22.56,-74.888,6.6832
Atlántico,Barranquilla,Estacion_17,2020,4,22.49,9.73,-73.7221,5.0515
Boyacá,Duitama,Estacion_14,2018,7,29.56,15.33,-73.0995,6.8806
Bolívar,Cartagena,Estacion_17,2023,2,12.23,6.48,-73.4766,7.6175
Cundinamarca,Soacha,Estacion_23,2021,12,61.66,38.07,-74.3489,9.0305
Boyacá,Tunja,Estacion_23,2018,2,20.23,11.69,-74.3294,7.0676
Atlántico,Soledad,Estacion_21,2018,2,22.76,11.92,-73.8581,4.9635
Atlántico,Soledad,Estacion_29,2024,6,23.68,11.2,-73.0801,10.6056
Bolívar,Cartagena,Estacion_19,2018,12,14.12,6.19,-73.2697,4.946
Bogotá D.C.,Bogotá,Estacion_01,2024,1,49.27,22.86,-73.9908,6.8546
Cundinamarca,Soacha,Estacion_13,2019,6,49.9,27.27,-74.7846,10.0693
Bogotá D.C.,Bogotá,Estacion_15,2018,11,64.38,36.55,-73.3909,8.6466
Bogotá D.C.,Bogotá,Estacion_23,2020,11,69.03,30.78,-74.6867,5.2215
Santander,Floridablanca,Estacion_14,2020,12,28.37,16.02,-73.7617,9.7128
Atlántico,Barranquilla,Estacion_12,2018,8,46.91,27.48,-74.8721,8.5677
Santander,Bucaramanga,Estacion_25,2019,6,46.81,21.44,-74.136,6.612
Bolívar,Cartagena,Estacion_16,2021,4,34.9,21.12,-74.224,9.8308
Boyacá,Duitama,Estacion_11,2018,4,59.01,33.42,-74.9818,8.962
Huila,Neiva,Estacion_20,2018,5,68.11,28.52,-73.2091,8.3943
Norte de Santander,Cúcuta,Estacion_26,2021,2,35.21,22.36,-73.0174,8.1743
Bolívar,Cartagena,Estacion_13,2021,12,55.25,28.97,-73.663,7.322
Antioquia,Bello,Estacion_04,2024,3,32.36,15.29,-74.5395,6.7303
Norte de Santander,Cúcuta,Estacion_26,2023,1,37.77,16.97,-73.1395,9.933
Huila,Neiva,Estacion_23,2019,6,48.6,23.4,-74.109,9.1515
Cundinamarca,Zipaquirá,Estacion_07,2020,12,74.56,43.98,-73.5078,8.6283
Valle del Cauca,Cali,Estacion_21,2022,5,59.79,36.49,-74.4639,9.0822
Antioquia,Medellín,Estacion_22,2021,2,33.5,20.01,-74.5908,6.8342
Atlántico,Barranquilla,Estacion_25,2022,7,58.15,25.82,-73.0759,7.0898
Cundinamarca,Zipaquirá,Estacion_09,2019,10,37.82,18.14,-73.7409,9.8579
Cundinamarca,Zipaquirá,Estacion_07,2018,1,31.9,17.96,-74.5983,5.0157
Antioquia,Medellín,Estacion_12,2023,2,31.08,16.4,-73.2597,10.7554
Bogotá D.C.,Bogotá,Estacion_27,2022,2,49.65,29.06,-74.2721,10.0449
Atlántico,Soledad,Estacion_24,2023,11,21.11,10.37,-74.6798,10.4534
Valle del Cauca,Palmira,Estacion_19,2023,9,35.91,18.5,-73.6061,6.3425
Santander,Bucaramanga,Estacion_16,2018,3,23.26,11.54,-73.4688,10.5131
Boyacá,Duitama,Estacion_23,2022,3,5.0,3.22,-73.1184,4.0663
Valle del Cauca,Cali,Estacion_07,2024,12,51.65,27.24,-74.6099,9.7076
Cundinamarca,Soacha,Estacion_06,2018,4,25.78,13.11,-73.91,7.7502
Antioquia,Bello,Estacion_16,2021,2,26.37,17.08,-73.9474,5.2095
Boyacá,Tunja,Estacion_24,2022,6,11.87,7.11,-73.4942,7.3104
Boyacá,Duitama,Estacion_18,2022,3,47.94,23.51,-74.7407,7.8276
Norte de Santander,Cúcuta,Estacion_22,2018,7,54.07,24.26,-73.4323,5.0595
Valle del Cauca,Cali,Estacion_20,2019,4,52.61,27.98,-74.0043,6.622
Atlántico,Soledad,Estacion_26,2022,11,41.54,20.87,-74.0312,5.0965
Norte de Santander,Cúcuta,Estacion_28,2023,8,33.78,16.55,-74.9323,8.7911
Norte de Santander,Cúcuta,Estacion_04,2024,1,47.02,29.66,-74.7542,7.8544
Boyacá,Tunja,Estacion_17,2022,1,50.73,25.4,-74.379,10.5489
Boyacá,Tunja,Estacion_24,2023,6,28.15,15.08,-73.699,6.2404
Bogotá D.C.,Bogotá,Estacion_01,2022,11,30.04,16.48,-73.3926,5.82
Bolívar,Cartagena,Estacion_03,2022,4,27.18,13.91,-73.3774,9.1091
Cundinamarca,Zipaquirá,Estacion_07,2024,7,37.8,22.33,-74.5155,5.5348
Santander,Floridablanca,Estacion_15,2020,12,22.76,12.37,-73.0519,5.3904
Bolívar,Cartagena,Estacion_05,2024,12,6.3,3.31,-73.7677,4.5199
Bogotá D.C.,Bogotá,Estacion_07,2021,5,61.52,38.24,-74.0025,6.0181
Boyacá,Tunja,Estacion_11,2019,2,33.4,20.94,-74.9922,7.3127
Cundinamarca,Soacha,Estacion_20,2021,11,33.83,18.3,-74.6723,4.5322
Boyacá,Duitama,Estacion_15,2019,7,20.95,12.31,-73.1284,8.0642
Huila,Neiva,Estacion_15,2024,5,48.59,25.32,-73.5586,6.7221
Boyacá,Tunja,Estacion_20,2021,11,21.3,10.92,-74.4011,9.2326
Boyacá,Duitama,Estacion_15,2018,4,32.5,13.92,-73.7365,7.7465
Santander,Floridablanca,Estacion_26,2023,10,40.0,20.35,-73.3115,6.2409
Boyacá,Duitama,Estacion_09,2021,8,32.75,17.06,-74.526,8.4815
Antioquia,Medellín,Estacion_08,2022,5,18.81,9.33,-73.3704,9.4981
Huila,Neiva,Estacion_30,2022,10,33.45,20.34,-74.0619,6.6132
Huila,Neiva,Estacion_05,2023,3,36.69,21.82,-73.1637,6.2658
Bogotá D.C.,Bogotá,Estacion_10,2020,12,42.73,19.55,-74.3558,6.5502
Bogotá D.C.,Bogotá,Estacion_24,2022,2,48.0,22.69,-74.7486,8.604
Bolívar,Cartagena,Estacion_05,2019,10,29.74,13.64,-73.1245,10.3719
Cundinamarca,Zipaquirá,Estacion_08,2019,6,42.08,24.34,-73.7749,7.3061
Huila,Neiva,Estacion_19,2021,3,28.12,14.79,-73.5395,4.8403
Cundinamarca,Soacha,Estacion_17,2021,9,13.92,7.77,-73.9915,10.0169
Valle del Cauca,Palmira,Estacion_07,2021,7,50.2,27.46,-74.0623,5.5364
Norte de Santander,Cúcuta,Estacion_28,2021,7,18.44,10.41,-73.0085,7.5227
Boyacá,Duitama,Estacion_01,2024,1,45.23,25.85,-74.4153,10.9717
Bogotá D.C.,Bogotá,Estacion_23,2019,10,29.21,17.01,-73.0584,9.1829
Antioquia,Medellín,Estacion_30,2021,10,56.3,25.78,-74.6361,10.647
Cundinamarca,Zipaquirá,Estacion_05,2021,9,41.76,19.18,-74.3349,6.13
Antioquia,Envigado,Estacion_12,2021,8,45.4,19.53,-74.0824,6.2364
Huila,Neiva,Estacion_06,2020,11,32.38,20.07,-73.427,9.9321
Bolívar,Cartagena,Estacion_17,2023,9,40.99,19.51,-74.0103,8.9829
Atlántico,Barranquilla,Estacion_12,2019,12,18.8,9.76,-74.1252,5.5185
Huila,Neiva,Estacion_02,2024,8,48.08,28.14,-73.0525,6.4444
Atlántico,Barranquilla,Estacion_14,2022,7,29.79,12.87,-74.7865,6.7169
Atlántico,Soledad,Estacion_26,2018,3,36.75,19.14,-73.1113,10.5581
Atlántico,Soledad,Estacion_19,2024,9,35.96,23.18,-73.5499,5.1945
Antioquia,Medellín,Estacion_16,2018,8,27.76,12.78,-73.2584,6.9827
Atlántico,Barranquilla,Estacion_27,2022,6,31.17,16.83,-73.6331,7.513
Cundinamarca,Soacha,Estacion_14,2021,3,34.25,15.4,-74.2107,6.3518
Cundinamarca,Soacha,Estacion_30,2021,8,5.0,3.0,-74.2885,9.4926
Boyacá,Duitama,Estacion_04,2024,1,40.97,19.65,-73.5099,8.4716
Bolívar,Cartagena,Estacion_29,2023,3,33.59,13.76,-74.3436,9.7756
Norte de Santander,Cúcuta,Estacion_01,2023,9,36.85,23.14,-73.3882,7.7002
Valle del Cauca,Cali,Estacion_11,2021,9,48.4,21.16,-73.9472,5.0704
Antioquia,Medellín,Estacion_26,2020,2,48.68,23.97,-73.4216,9.146
Santander,Bucaramanga,Estacion_04,2021,7,57.29,29.05,-73.6389,4.8021
Boyacá,Duitama,Estacion_21,2021,7,36.93,15.6,-73.7042,4.1165
Santander,Floridablanca,Estacion_22,2023,6,39.19,23.8,-74.3286,6.1061
Norte de Santander,Cúcuta,Estacion_05,2023,8,36.22,14.7,-73.2517,7.9948
Bogotá D.C.,Bogotá,Estacion_10,2022,5,45.14,26.4,-73.2954,8.5463
Norte de Santander,Cúcuta,Estacion_30,2023,4,25.54,15.25,-74.2125,7.937
Cundinamarca,Zipaquirá,Estacion_16,2019,3,30.54,16.11,-73.5124,7.3916
Norte de Santander,Cúcuta,Estacion_08,2020,2,47.53,28.31,-73.4544,10.0982
Valle del Cauca,Palmira,Estacion_09,2023,11,71.77,36.01,-73.5953,8.6984
Bogotá D.C.,Bogotá,Estacion_24,2018,5,35.47,19.43,-73.1038,7.8414
Santander,Floridablanca,Estacion_16,2023,3,38.86,15.64,-73.8493,4.7664
Bolívar,Cartagena,Estacion_19,2022,9,29.1,18.52,-74.5785,7.4847
Bogotá D.C.,Bogotá,Estacion_29,2021,7,78.46,48.91,-74.5404,8.3869
Santander,Floridablanca,Estacion_20,2018,11,26.64,11.86,-74.8081,4.3825
Cundinamarca,Zipaquirá,Estacion_11,2020,7,28.5,14.53,-74.7766,10.0626
Atlántico,Soledad,Estacion_04,2019,8,40.72,20.38,-73.9988,6.7626
Valle del Cauca,Palmira,Estacion_30,2021,12,29.33,14.4,-73.8893,8.4161
Norte de Santander,Cúcuta,Estacion_04,2021,4,7.6,4.28,-74.8209,6.358
Bolívar,Cartagena,Estacion_30,2021,1,42.25,26.81,-73.346,5.8554
Santander,Floridablanca,Estacion_03,2021,6,29.29,11.99,-74.4702,9.3624
Boyacá,Tunja,Estacion_14,2020,5,57.27,30.07,-73.7343,8.1972
Cundinamarca,Zipaquirá,Estacion_24,2020,5,30.54,12.87,-73.6537,8.0135
Antioquia,Medellín,Estacion_30,2023,8,24.26,12.77,-73.343,4.9453
Huila,Neiva,Estacion_26,2022,4,30.92,15.8,-73.8115,10.5164
Valle del Cauca,Palmira,Estacion_29,2019,8,56.52,26.58,-73.6483,6.177
Santander,Floridablanca,Estacion_01,2024,3,34.08,17.34,-74.7521,6.4661
Santander,Bucaramanga,Estacion_11,2020,6,20.61,8.98,-73.1107,9.0391
Antioquia,Medellín,Estacion_18,2020,2,47.62,29.32,-74.2798,4.5068
Bogotá D.C.,Bogotá,Estacion_09,2019,11,46.86,18.82,-74.1961,7.7882
Bogotá D.C.,Bogotá,Estacion_21,2022,3,61.77,31.48,-74.0584,5.0591
Atlántico,Barranquilla,Estacion_10,2018,12,23.71,10.74,-73.941,4.7372
Atlántico,Barranquilla,Estacion_14,2021,3,16.2,8.31,-74.5123,10.1488
Valle del Cauca,Palmira,Estacion_15,2023,7,39.37,24.72,-73.413,10.0194
Huila,Neiva,Estacion_25,2021,9,40.99,26.33,-73.7197,7.2046
Santander,Bucaramanga,Estacion_19,2020,5,27.3,11.42,-74.1658,6.426
Bolívar,Cartagena,Estacion_28,2024,12,28.86,16.96,-74.1934,7.5324
Huila,Neiva,Estacion_30,2023,6,37.73,23.56,-73.7077,5.4647
Valle del Cauca,Cali,Estacion_07,2018,7,68.39,39.55,-73.4459,10.1201
Bolívar,Cartagena,Estacion_20,2018,6,35.18,15.9,-73.6388,5.5513
Atlántico,Barranquilla,Estacion_21,2020,11,39.35,25.0,-73.5438,7.5846
Antioquia,Bello,Estacion_13,2020,9,38.63,19.54,-73.9245,10.081
Huila,Neiva,Estacion_17,2022,12,27.0,15.78,-73.7708,10.1135
Atlántico,Barranquilla,Estacion_04,2020,5,38.47,17.71,-74.032,10.3636
Boyacá,Duitama,Estacion_08,2020,2,12.99,7.99,-73.8404,4.5912
Cundinamarca,Zipaquirá,Estacion_01,2022,7,41.24,20.41,-74.8808,6.7802
Valle del Cauca,Palmira,Estacion_30,2023,3,48.09,22.97,-73.0962,7.8654
Huila,Neiva,Estacion_05,2020,2,22.76,13.07,-73.2623,10.2563
Antioquia,Medellín,Estacion_11,2018,7,20.52,8.85,-74.8793,6.0236
Antioquia,Bello,Estacion_28,2021,10,48.54,27.32,-74.2106,8.9637
Norte de Santander,Cúcuta,Estacion_02,2022,10,23.8,12.36,-74.2924,10.0708
Cundinamarca,Zipaquirá,Estacion_14,2020,1,45.34,24.4,-73.4744,7.9001
Valle del Cauca,Cali,Estacion_10,2018,8,58.04,30.05,-74.6081,7.6782
Bolívar,Cartagena,Estacion_30,2020,4,26.3,10.59,-73.2127,5.0854
Bogotá D.C.,Bogotá,Estacion_28,2024,12,50.29,22.34,-73.4078,7.3766
Valle del Cauca,Palmira,Estacion_16,2020,9,66.18,35.13,-73.9315,7.7075
Valle del Cauca,Cali,Estacion_08,2019,8,20.21,8.68,-74.3397,5.2188
Huila,Neiva,Estacion_06,2019,10,13.34,8.55,-74.3441,4.2602
Santander,Bucaramanga,Estacion_18,2023,5,41.51,21.68,-73.2333,6.0415
Antioquia,Envigado,Estacion_18,2021,5,27.39,14.7,-74.8851,9.6979
Huila,Neiva,Estacion_24,2020,7,44.09,20.02,-74.1778,8.1906
Norte de Santander,Cúcuta,Estacion_16,2024,6,21.41,10.52,-74.9659,9.8211
Boyacá,Tunja,Estacion_18,2021,6,51.53,21.11,-73.251,7.4986
Bolívar,Cartagena,Estacion_20,2022,1,34.15,20.4,-74.81,10.1517
Atlántico,Soledad,Estacion_19,2023,9,27.61,11.06,-74.6141,5.6553
Boyacá,Duitama,Estacion_19,2021,5,39.71,18.99,-74.938,10.2066
Atlántico,Barranquilla,Estacion_11,2019,1,35.55,21.77,-74.1304,10.9035
Cundinamarca,Soacha,Estacion_22,2022,4,48.14,22.58,-73.4789,6.7903
Atlántico,Barranquilla,Estacion_04,2021,2,41.93,19.84,-73.1917,10.674
Atlántico,Barranquilla,Estacion_01,2018,8,49.06,27.01,-73.8358,6.2151
Santander,Bucaramanga,Estacion_11,2024,2,43.4,23.91,-73.7263,6.5339
Norte de Santander,Cúcuta,Estacion_20,2023,1,63.22,38.15,-74.1739,7.0868
Atlántico,Soledad,Estacion_06,2024,7,36.01,23.39,-74.2704,6.5836
Bolívar,Cartagena,Estacion_08,2020,3,34.04,21.66,-74.6999,5.3
Norte de Santander,Cúcuta,Estacion_16,2018,1,46.07,23.0,-74.3469,6.964
Valle del Cauca,Palmira,Estacion_19,2019,4,40.78,17.14,-74.398,4.3069
Bolívar,Cartagena,Estacion_16,2020,4,47.13,20.63,-73.5733,10.0462
Huila,Neiva,Estacion_23,2024,11,36.03,23.28,-74.3682,7.2521
Norte de Santander,Cúcuta,Estacion_13,2024,12,26.11,14.06,-74.5015,7.3415
Antioquia,Bello,Estacion_28,2018,2,43.16,20.1,-74.6856,8.912
Norte de Santander,Cúcuta,Estacion_12,2020,7,38.63,19.7,-74.8513,8.7096
Atlántico,Soledad,Estacion_03,2023,8,59.72,27.83,-73.8533,10.4544
Cundinamarca,Zipaquirá,Estacion_20,2020,5,16.0,10.02,-74.365,4.3745
Boyacá,Duitama,Estacion_24,2024,1,35.65,15.35,-73.0391,4.6353
Bolívar,Cartagena,Estacion_29,2018,8,36.71,14.95,-74.7915,8.5518
Bogotá D.C.,Bogotá,Estacion_04,2023,3,40.2,22.76,-73.9553,9.7978
Antioquia,Bello,Estacion_06,2018,4,40.5,25.97,-74.0597,6.6648
Cundinamarca,Zipaquirá,Estacion_01,2018,2,14.89,9.13,-73.1402,10.3766
Santander,Bucaramanga,Estacion_25,2021,12,25.58,10.6,-73.2113,7.0638
Valle del Cauca,Palmira,Estacion_03,2018,7,63.41,28.1,-73.0792,8.9515
Antioquia,Medellín,Estacion_09,2021,6,27.58,17.08,-73.6822,10.5984
Valle del Cauca,Palmira,Estacion_30,2024,9,64.23,36.04,-73.2109,10.1762
Valle del Cauca,Cali,Estacion_26,2018,7,67.39,31.37,-74.8904,7.6296
Huila,Neiva,Estacion_04,2023,12,30.53,14.34,-73.6211,6.7364
Valle del Cauca,Cali,Estacion_28,2024,8,56.55,26.26,-74.6234,10.478
Antioquia,Bello,Estacion_25,2024,5,23.6,11.98,-73.4417,8.519
Santander,Bucaramanga,Estacion_04,2023,4,28.69,14.89,-73.0012,8.5729
Atlántico,Soledad,Estacion_21,2021,12,43.37,18.49,-73.6328,10.6254
Norte de Santander,Cúcuta,Estacion_21,2021,9,27.6,13.99,-73.3288,9.2459
Bolívar,Cartagena,Estacion_02,2018,9,40.75,26.32,-74.4514,8.8685
Boyacá,Duitama,Estacion_21,2020,8,17.57,8.37,-74.0034,5.6668
Atlántico,Soledad,Estacion_21,2024,11,45.47,23.1,-73.794,4.241
Cundinamarca,Zipaquirá,Estacion_05,2024,6,21.77,13.26,-74.847,9.6606
Bolívar,Cartagena,Estacion_02,2020,1,37.92,15.34,-73.1761,4.809
Boyacá,Duitama,Estacion_18,2022,12,25.0,12.8,-73.7115,9.1643
Boyacá,Tunja,Estacion_19,2018,6,31.47,15.38,-73.8021,7.3816
Huila,Neiva,Estacion_17,2018,9,13.34,6.23,-73.5402,6.734
Norte de Santander,Cúcuta,Estacion_13,2019,12,49.81,31.03,-74.424,6.9821
Antioquia,Medellín,Estacion_20,2020,5,20.88,8.54,-73.62,9.0657
Cundinamarca,Soacha,Estacion_24,2021,9,15.76,6.41,-73.0459,10.9783
Bogotá D.C.,Bogotá,Estacion_17,2024,4,21.17,9.12,-73.0799,9.7518
Bolívar,Cartagena,Estacion_20,2019,9,51.7,22.75,-74.5172,4.5692
Boyacá,Duitama,Estacion_16,2021,3,57.54,28.0,-73.3509,8.9591
Atlántico,Soledad,Estacion_25,2021,2,14.6,8.39,-73.0841,5.8284
Atlántico,Soledad,Estacion_26,2019,8,45.46,25.6,-74.0109,5.0078
Boyacá,Duitama,Estacion_08,2023,8,41.15,24.53,-73.6475,6.1666
Valle del Cauca,Cali,Estacion_20,2020,3,38.35,21.03,-73.2072,5.8263
Boyacá,Duitama,Estacion_03,2022,12,28.79,11.88,-73.2811,6.305
Huila,Neiva,Estacion_22,2024,6,29.42,13.43,-73.2602,8.487
Bogotá D.C.,Bogotá,Estacion_12,2023,12,47.07,30.22,-73.7862,6.7677
Valle del Cauca,Palmira,Estacion_07,2021,10,34.26,14.98,-73.9589,8.3879
Cundinamarca,Soacha,Estacion_05,2022,3,46.35,19.72,-73.2237,4.5156
Atlántico,Barranquilla,Estacion_04,2018,8,41.72,20.11,-74.2541,9.3546
Bogotá D.C.,Bogotá,Estacion_28,2020,7,64.85,38.52,-74.4233,9.1219
Antioquia,Medellín,Estacion_07,2019,12,33.05,14.26,-74.5437,5.1909
Bogotá D.C.,Bogotá,Estacion_26,2019,9,58.41,30.29,-73.1177,9.2983
Huila,Neiva,Estacion_07,2022,2,5.0,3.0,-74.9761,7.6875
Boyacá,Duitama,Estacion_17,2019,8,29.31,18.68,-74.7768,9.7103
Norte de Santander,Cúcuta,Estacion_05,2021,11,29.79,12.32,-74.987,10.9686
Huila,Neiva,Estacion_15,2018,6,43.54,27.49,-73.3151,6.1112
Huila,Neiva,Estacion_18,2018,4,41.77,21.35,-74.4434,8.5502
Atlántico,Barranquilla,Estacion_04,2019,4,13.93,7.57,-74.2086,6.1434
Boyacá,Duitama,Estacion_10,2018,8,42.53,26.12,-73.2353,4.1068
Boyacá,Tunja,Estacion_30,2020,6,24.5,10.6,-74.5911,5.8466
Antioquia,Envigado,Estacion_04,2024,9,20.55,8.36,-73.8892,5.2544
Atlántico,Soledad,Estacion_02,2024,3,32.58,17.04,-73.8169,7.8733
Valle del Cauca,Palmira,Estacion_17,2021,12,31.91,16.47,-73.0158,6.9832
Santander,Bucaramanga,Estacion_11,2024,4,35.82,21.24,-74.2373,6.9126
Bolívar,Cartagena,Estacion_21,2023,12,38.82,19.43,-73.4689,5.6305
Antioquia,Envigado,Estacion_26,2018,12,28.98,12.35,-73.0739,6.3267
Atlántico,Barranquilla,Estacion_20,2019,8,37.8,17.06,-74.7718,5.3322
Bogotá D.C.,Bogotá,Estacion_16,2021,10,71.49,32.44,-73.8555,8.5649
Bogotá D.C.,Bogotá,Estacion_04,2024,9,61.55,38.15,-73.2077,6.0076
Boyacá,Tunja,Estacion_02,2021,3,40.19,24.4,-74.1025,8.8494
Valle del Cauca,Palmira,Estacion_14,2022,5,44.96,20.72,-74.2796,9.5254
Boyacá,Tunja,Estacion_25,2021,6,44.94,24.78,-74.3294,10.2378
Cundinamarca,Zipaquirá,Estacion_20,2023,2,18.06,7.81,-73.3711,10.9063
Bogotá D.C.,Bogotá,Estacion_16,2022,11,51.67,29.65,-73.5966,4.0782
Norte de Santander,Cúcuta,Estacion_19,2022,7,34.39,18.4,-73.3985,10.5386
Santander,Floridablanca,Estacion_11,2021,6,50.57,32.83,-73.606,7.7704
Antioquia,Envigado,Estacion_15,2020,5,30.1,19.54,-74.9328,6.2022
Bogotá D.C.,Bogotá,Estacion_29,2018,6,70.98,42.54,-74.4388,7.9478
Valle del Cauca,Cali,Estacion_04,2023,7,44.39,26.62,-73.7972,8.1773
Atlántico,Barranquilla,Estacion_30,2018,2,36.88,20.54,-74.3936,4.2329
Norte de Santander,Cúcuta,Estacion_13,2023,8,46.42,18.79,-74.8557,5.7839
Santander,Floridablanca,Estacion_12,2020,9,33.1,13.35,-73.2211,4.2619
Santander,Floridablanca,Estacion_09,2024,6,75.99,35.18,-74.0761,7.699
Atlántico,Soledad,Estacion_24,2022,8,26.58,10.76,-73.013,7.8612
Huila,Neiva,Estacion_28,2020,7,46.44,23.51,-74.3675,6.9544
Antioquia,Medellín,Estacion_17,2018,12,21.77,9.14,-73.0245,4.7847
Antioquia,Bello,Estacion_12,2019,11,37.48,21.16,-74.8802,8.7253
Boyacá,Duitama,Estacion_20,2018,5,35.83,14.52,-73.264,10.5078
Antioquia,Bello,Estacion_09,2018,11,48.6,24.7,-74.451,10.6458
Bolívar,Cartagena,Estacion_29,2019,2,18.84,11.74,-73.4462,5.0942
Atlántico,Barranquilla,Estacion_19,2021,7,18.66,9.66,-74.6757,6.151
Cundinamarca,Soacha,Estacion_14,2022,5,45.63,25.02,-74.4343,9.3276
Norte de Santander,Cúcuta,Estacion_09,2023,5,29.21,12.3,-73.6714,5.5955
Norte de Santander,Cúcuta,Estacion_28,2018,4,48.93,22.9,-73.5082,8.7649
Bolívar,Cartagena,Estacion_25,2022,8,18.98,11.14,-74.3508,8.0229
Santander,Floridablanca,Estacion_17,2022,5,36.48,20.62,-74.231,9.9551
Norte de Santander,Cúcuta,Estacion_29,2021,4,35.19,21.84,-73.4089,5.0827
Santander,Floridablanca,Estacion_18,2018,11,59.16,30.74,-73.6678,8.715
Bolívar,Cartagena,Estacion_26,2020,10,28.4,14.7,-74.5884,7.7179
Boyacá,Tunja,Estacion_09,2024,3,23.6,14.48,-74.0908,6.9642
Norte de Santander,Cúcuta,Estacion_10,2021,7,50.57,30.43,-74.1349,8.8594
Cundinamarca,Soacha,Estacion_23,2022,2,17.71,11.04,-74.6726,9.8702
Valle del Cauca,Palmira,Estacion_19,2023,11,43.45,18.61,-74.1295,8.0556
Bogotá D.C.,Bogotá,Estacion_14,2024,8,51.3,31.37,-74.1279,9.5036
Huila,Neiva,Estacion_16,2018,11,41.79,19.88,-74.4451,7.1173
Bolívar,Cartagena,Estacion_09,2018,6,44.82,23.17,-73.1495,4.9434
Boyacá,Tunja,Estacion_23,2018,6,7.7,3.79,-74.4358,8.3239
Bogotá D.C.,Bogotá,Estacion_15,2024,6,64.5,33.71,-73.1004,5.8698
Norte de Santander,Cúcuta,Estacion_12,2020,12,46.0,22.27,-73.6618,7.3138
Cundinamarca,Soacha,Estacion_08,2024,6,20.23,8.11,-73.1906,6.3378
Huila,Neiva,Estacion_07,2024,1,5.0,3.0,-74.6789,10.4998
Bolívar,Cartagena,Estacion_17,2023,12,32.2,16.01,-74.346,7.5526
Norte de Santander,Cúcuta,Estacion_02,2023,9,27.15,14.8,-74.4546,10.5687
Valle del Cauca,Palmira,Estacion_27,2021,1,60.43,32.33,-73.4241,5.3118
Bolívar,Cartagena,Estacion_22,2020,5,69.0,36.93,-73.7172,9.3919
Santander,Bucaramanga,Estacion_23,2020,1,51.13,31.07,-73.3961,7.0265
Atlántico,Soledad,Estacion_16,2024,8,40.99,23.37,-74.4879,5.9474
Antioquia,Bello,Estacion_10,2022,2,22.24,14.15,-74.1433,6.3357
Bolívar,Cartagena,Estacion_11,2022,3,27.3,13.27,-74.8018,8.2451
Boyacá,Duitama,Estacion_20,2021,9,54.43,23.7,-74.8931,8.6892
Bogotá D.C.,Bogotá,Estacion_07,2019,12,57.59,33.65,-74.9632,5.4595
Bolívar,Cartagena,Estacion_08,2019,7,13.74,8.1,-74.4426,5.9698
Norte de Santander,Cúcuta,Estacion_03,2023,7,24.3,13.81,-73.7226,10.3534
Huila,Neiva,Estacion_04,2023,12,48.27,24.38,-74.4743,5.7309
Antioquia,Envigado,Estacion_05,2022,8,60.86,39.46,-73.1886,5.8422
Boyacá,Duitama,Estacion_04,2018,11,51.74,31.39,-73.8742,10.3415
Bogotá D.C.,Bogotá,Estacion_20,2021,7,76.8,43.13,-74.4924,5.5179
Santander,Bucaramanga,Estacion_18,2023,4,32.45,19.97,-73.5083,10.9823
Valle del Cauca,Palmira,Estacion_13,2019,8,41.92,19.3,-73.7444,8.4094
Boyacá,Tunja,Estacion_24,2019,1,44.84,27.74,-74.0502,4.9565
Antioquia,Bello,Estacion_19,2019,2,12.77,6.39,-74.2845,10.6415
Boyacá,Duitama,Estacion_07,2019,7,15.79,7.41,-73.3162,8.4358
Norte de Santander,Cúcuta,Estacion_23,2021,3,42.12,21.0,-73.8833,7.2296
Bolívar,Cartagena,Estacion_24,2022,11,7.05,4.34,-74.8415,5.2003
Norte de Santander,Cúcuta,Estacion_15,2019,9,30.3,15.81,-74.4858,9.5192
Cundinamarca,Soacha,Estacion_02,2020,1,13.04,8.01,-74.6692,6.6401
Huila,Neiva,Estacion_11,2019,12,43.2,20.32,-73.5127,7.4025
Antioquia,Envigado,Estacion_17,2018,3,38.01,15.94,-73.2084,7.2213
Antioquia,Envigado,Estacion_03,2019,10,35.35,20.99,-74.4403,9.507
Atlántico,Soledad,Estacion_02,2019,7,22.88,9.72,-73.7594,5.5541
Boyacá,Duitama,Estacion_01,2018,10,48.85,22.1,-74.5819,4.4417
Antioquia,Medellín,Estacion_29,2018,12,29.35,14.64,-73.3133,10.6807
Antioquia,Medellín,Estacion_16,2018,12,46.4,19.1,-73.6053,4.4592
Bolívar,Cartagena,Estacion_19,2019,2,48.6,24.48,-74.9445,7.4977
Atlántico,Barranquilla,Estacion_06,2018,12,25.78,16.33,-73.0035,9.9497
Bolívar,Cartagena,Estacion_15,2019,4,43.64,24.37,-74.9114,9.8902
Bogotá D.C.,Bogotá,Estacion_22,2020,10,32.72,14.37,-73.3458,10.8564
Huila,Neiva,Estacion_30,2024,3,56.42,26.25,-73.0343,6.9115
Atlántico,Soledad,Estacion_11,2020,12,27.93,15.32,-73.1469,4.371
Boyacá,Tunja,Estacion_09,2019,6,30.79,14.45,-74.0581,4.449
Norte de Santander,Cúcuta,Estacion_26,2018,5,33.85,16.41,-74.8342,6.2108
Atlántico,Barranquilla,Estacion_23,2018,10,54.34,34.12,-73.0758,9.6889
Cundinamarca,Soacha,Estacion_27,2019,8,27.86,13.97,-73.4391,9.5919
Santander,Floridablanca,Estacion_16,2022,7,9.77,4.53,-73.9951,10.2367
Cundinamarca,Soacha,Estacion_11,2021,6,49.47,19.89,-74.4533,5.2562
Cundinamarca,Zipaquirá,Estacion_25,2018,7,25.12,14.73,-73.9995,9.2981
Bolívar,Cartagena,Estacion_28,2020,2,28.67,16.76,-74.6813,9.4402
Antioquia,Medellín,Estacion_10,2022,9,38.17,15.8,-73.071,4.1474
Antioquia,Envigado,Estacion_16,2023,6,29.0,14.17,-74.0198,7.8966
Cundinamarca,Zipaquirá,Estacion_24,2022,7,42.85,17.64,-74.4583,6.0278
Santander,Floridablanca,Estacion_24,2019,10,24.23,15.59,-74.4788,5.0147
Cundinamarca,Zipaquirá,Estacion_26,2023,1,29.79,14.5,-74.9127,6.2988
Antioquia,Medellín,Estacion_15,2023,9,34.01,19.2,-73.0411,10.1739
Cundinamarca,Zipaquirá,Estacion_29,2022,8,43.03,17.89,-73.5488,8.657
Antioquia,Bello,Estacion_05,2024,1,37.22,19.03,-74.2357,7.7728
Bolívar,Cartagena,Estacion_02,2021,9,45.38,22.98,-73.8464,5.0791
Atlántico,Soledad,Estacion_13,2021,12,40.52,17.27,-74.9053,5.761
Bolívar,Cartagena,Estacion_11,2018,1,39.6,16.64,-73.3366,7.2001
Antioquia,Envigado,Estacion_24,2022,1,19.71,7.91,-74.1024,7.3128
Santander,Bucaramanga,Estacion_17,2020,6,24.55,13.07,-74.1442,7.3823
Bogotá D.C.,Bogotá,Estacion_14,2021,3,67.54,37.22,-74.6814,9.7931
Norte de Santander,Cúcuta,Estacion_10,2022,2,34.88,19.49,-73.4089,4.7752
Valle del Cauca,Palmira,Estacion_06,2023,6,56.53,30.17,-74.6074,10.6762
Bolívar,Cartagena,Estacion_26,2023,1,52.87,22.5,-73.6261,4.3146
Huila,Neiva,Estacion_26,2020,12,21.2,10.95,-73.2435,6.7376
Norte de Santander,Cúcuta,Estacion_03,2019,11,37.08,18.59,-74.7419,7.7248
Cundinamarca,Soacha,Estacion_24,2018,9,21.43,11.46,-74.7026,7.4362
Bogotá D.C.,Bogotá,Estacion_28,2021,11,57.1,33.09,-74.0846,5.5854
Boyacá,Duitama,Estacion_20,2020,10,39.07,16.66,-74.7535,7.0668
Cundinamarca,Soacha,Estacion_14,2023,7,46.33,28.68,-73.0635,7.7918
Cundinamarca,Soacha,Estacion_13,2024,1,50.94,22.07,-74.2805,10.8657
Cundinamarca,Zipaquirá,Estacion_07,2019,1,28.11,17.38,-74.2808,9.6355
Bogotá D.C.,Bogotá,Estacion_20,2020,1,47.81,25.81,-73.1371,9.7357
Norte de Santander,Cúcuta,Estacion_30,2018,9,53.34,25.17,-74.7655,4.3915
Bogotá D.C.,Bogotá,Estacion_14,2021,6,42.22,22.33,-73.0154,10.7736
Atlántico,Barranquilla,Estacion_01,2024,1,34.11,19.63,-74.3736,8.5507
Cundinamarca,Soacha,Estacion_23,2022,10,40.29,23.13,-73.0965,7.4755
Bogotá D.C.,Bogotá,Estacion_09,2022,11,57.41,27.05,-74.065,8.2742
Bogotá D.C.,Bogotá,Estacion_24,2022,4,60.35,31.23,-74.747,8.584
Huila,Neiva,Estacion_06,2024,8,22.17,14.4,-74.9912,10.6083
Bogotá D.C.,Bogotá,Estacion_30,2023,1,64.95,27.9,-73.7536,10.4933
Boyacá,Duitama,Estacion_11,2020,8,39.69,23.56,-73.9161,5.2596
Santander,Bucaramanga,Estacion_13,2019,9,53.15,23.45,-74.349,4.0187
Valle del Cauca,Palmira,Estacion_11,2019,3,82.42,40.4,-74.3608,6.5886
Bogotá D.C.,Bogotá,Estacion_07,2020,3,50.7,21.3,-73.398,7.87
Bolívar,Cartagena,Estacion_01,2023,6,65.91,36.62,-73.6167,10.1407
Santander,Bucaramanga,Estacion_17,2018,6,64.8,38.05,-73.3566,4.7128
Bogotá D.C.,Bogotá,Estacion_16,2020,11,92.85,45.81,-74.3376,8.0633
Atlántico,Barranquilla,Estacion_26,2024,3,16.24,8.42,-73.5997,5.0178
Cundinamarca,Zipaquirá,Estacion_15,2019,9,14.85,6.1,-73.1287,8.7207
Valle del Cauca,Cali,Estacion_20,2018,7,64.12,31.53,-74.6026,9.6784
Bolívar,Cartagena,Estacion_05,2020,2,37.92,23.18,-73.7687,4.9583
Boyacá,Tunja,Estacion_19,2019,7,44.74,22.25,-74.4257,5.3279
Santander,Bucaramanga,Estacion_14,2020,11,32.81,15.64,-73.5215,6.2058
Huila,Neiva,Estacion_12,2021,9,29.11,17.18,-74.2637,9.279
Huila,Neiva,Estacion_04,2020,7,27.01,17.08,-74.7844,7.1342
Norte de Santander,Cúcuta,Estacion_29,2021,4,9.74,4.48,-73.6524,4.3246
Atlántico,Barranquilla,Estacion_09,2019,4,35.62,18.86,-73.7373,5.6752
Huila,Neiva,Estacion_01,2024,3,45.61,21.94,-73.7788,8.9959
Valle del Cauca,Palmira,Estacion_01,2020,1,69.4,37.24,-74.129,6.6567
Norte de Santander,Cúcuta,Estacion_15,2018,8,36.96,20.81,-74.2226,9.1676
Bolívar,Cartagena,Estacion_16,2023,9,5.89,3.0,-73.9931,6.4985
Bolívar,Cartagena,Estacion_17,2018,9,12.14,7.21,-73.0478,5.0306
Atlántico,Barranquilla,Estacion_19,2021,1,57.31,31.25,-74.6605,7.249
Bogotá D.C.,Bogotá,Estacion_12,2018,9,70.22,35.04,-74.7914,7.9441
Cundinamarca,Soacha,Estacion_13,2021,9,55.91,29.43,-73.6997,10.1555
Norte de Santander,Cúcuta,Estacion_01,2018,7,25.87,15.36,-73.2026,9.9746
Norte de Santander,Cúcuta,Estacion_29,2019,8,23.97,14.78,-74.261,7.8101
Santander,Floridablanca,Estacion_11,2022,1,28.19,14.25,-73.4475,8.7433
Huila,Neiva,Estacion_06,2023,5,51.61,30.79,-73.0132,7.1001
Atlántico,Barranquilla,Estacion_02,2022,1,47.21,25.15,-74.4712,9.0742
Huila,Neiva,Estacion_29,2023,5,34.14,17.55,-73.853,10.6089
Santander,Bucaramanga,Estacion_07,2020,7,53.43,33.39,-74.3634,6.64
Bolívar,Cartagena,Estacion_13,2018,3,39.63,25.72,-73.6245,6.9565
Cundinamarca,Zipaquirá,Estacion_10,2018,6,38.36,24.19,-73.7883,8.0457
Santander,Bucaramanga,Estacion_21,2018,9,15.89,9.7,-74.5767,7.6683
Boyacá,Tunja,Estacion_15,2018,3,35.16,17.74,-73.2463,7.6812
Bolívar,Cartagena,Estacion_10,2018,6,38.0,20.33,-73.7268,5.6445
Bolívar,Cartagena,Estacion_23,2018,5,22.17,13.4,-73.0539,4.8361
Bolívar,Cartagena,Estacion_13,2019,5,14.78,9.48,-74.4959,5.3748
Antioquia,Bello,Estacion_18,2019,8,37.49,17.11,-73.3856,6.463
Huila,Neiva,Estacion_14,2021,3,47.63,19.22,-73.1791,7.646
Cundinamarca,Zipaquirá,Estacion_29,2018,2,37.58,18.15,-74.102,6.844
Cundinamarca,Soacha,Estacion_04,2022,10,29.24,14.01,-74.1451,8.4179
Boyacá,Duitama,Estacion_22,2024,5,18.01,7.88,-74.3318,9.5177
Cundinamarca,Zipaquirá,Estacion_06,2022,3,30.48,15.72,-74.7295,9.0303
Bolívar,Cartagena,Estacion_02,2021,11,32.78,13.3,-74.3711,9.4146
Antioquia,Medellín,Estacion_17,2019,8,27.98,15.09,-73.6582,7.6793
Atlántico,Barranquilla,Estacion_26,2019,9,5.0,3.0,-73.7884,6.7319
Valle del Cauca,Palmira,Estacion_21,2020,7,33.23,16.72,-74.1385,4.6081
Atlántico,Soledad,Estacion_13,2020,8,15.17,7.09,-73.8907,7.9169
Santander,Bucaramanga,Estacion_16,2023,2,27.27,14.86,-74.1792,7.3673
Boyacá,Tunja,Estacion_21,2021,1,7.72,3.19,-74.8457,9.7535
Cundinamarca,Zipaquirá,Estacion_28,2021,11,44.37,22.56,-74.4305,9.4823
Huila,Neiva,Estacion_01,2018,10,17.43,7.44,-74.2155,9.8417
Huila,Neiva,Estacion_10,2020,5,45.42,18.79,-74.0509,7.6325
Santander,Floridablanca,Estacion_05,2023,12,30.53,18.85,-73.5456,10.0354
Valle del Cauca,Cali,Estacion_30,2023,6,60.08,34.17,-73.8588,10.5375
Bolívar,Cartagena,Estacion_02,2021,4,56.53,24.84,-74.1767,6.7779
Cundinamarca,Soacha,Estacion_02,2023,8,52.23,29.61,-73.498,4.4601
Antioquia,Bello,Estacion_03,2019,11,41.71,26.2,-74.9981,5.0278
Bogotá D.C.,Bogotá,Estacion_14,2020,3,61.27,36.59,-74.5096,9.8243
Santander,Floridablanca,Estacion_11,2019,7,48.3,27.45,-73.1709,4.4261
Boyacá,Tunja,Estacion_10,2021,8,29.47,12.39,-74.1775,5.0987
Boyacá,Duitama,Estacion_07,2023,9,24.66,13.18,-74.0029,6.5141
Norte de Santander,Cúcuta,Estacion_30,2020,10,43.79,20.37,-74.8605,6.4099
Boyacá,Tunja,Estacion_26,2022,12,31.0,18.48,-73.1662,9.3389
Bogotá D.C.,Bogotá,Estacion_13,2020,12,52.62,33.76,-74.7322,10.7169
Bolívar,Cartagena,Estacion_10,2023,5,67.71,30.93,-73.4486,10.8269
Huila,Neiva,Estacion_12,2023,8,5.0,3.14,-73.6135,9.1202
Bogotá D.C.,Bogotá,Estacion_28,2021,8,41.16,23.01,-73.471,9.0356
Huila,Neiva,Estacion_05,2024,12,38.53,22.86,-74.7945,9.5656
Cundinamarca,Zipaquirá,Estacion_21,2024,11,25.29,15.62,-74.9564,8.1751
Bolívar,Cartagena,Estacion_10,2019,10,15.29,7.06,-74.2415,5.8177
Antioquia,Medellín,Estacion_17,2019,7,34.03,16.64,-74.3027,8.2311
Bogotá D.C.,Bogotá,Estacion_10,2022,10,62.83,33.99,-73.8642,6.5316
Norte de Santander,Cúcuta,Estacion_08,2020,11,40.96,26.5,-73.2155,6.4519
Antioquia,Envigado,Estacion_05,2024,4,27.29,12.79,-73.5666,7.2718
Bogotá D.C.,Bogotá,Estacion_14,2024,11,80.99,51.43,-74.5213,6.3015
Santander,Bucaramanga,Estacion_11,2021,9,34.93,16.33,-74.3477,4.1438
Bolívar,Cartagena,Estacion_23,2023,2,13.09,5.75,-74.6729,8.4602
Antioquia,Medellín,Estacion_13,2020,11,58.14,30.68,-74.3613,5.838
Bolívar,Cartagena,Estacion_25,2021,11,67.79,43.58,-74.8963,4.4077
Bogotá D.C.,Bogotá,Estacion_01,2022,6,77.24,48.91,-74.2303,5.5212
Bolívar,Cartagena,Estacion_06,2020,12,27.16,15.32,-73.474,10.917
Valle del Cauca,Palmira,Estacion_11,2021,3,79.77,32.96,-73.5226,4.2807
Norte de Santander,Cúcuta,Estacion_15,2022,9,35.54,18.65,-73.6729,5.1416
Atlántico,Soledad,Estacion_27,2024,4,14.21,8.56,-74.3989,5.9398
Antioquia,Envigado,Estacion_26,2022,9,52.46,29.82,-73.0364,10.4014
Bolívar,Cartagena,Estacion_17,2019,7,43.89,17.75,-74.1612,10.4256
Antioquia,Bello,Estacion_20,2023,10,11.95,5.72,-74.0367,5.9884
Norte de Santander,Cúcuta,Estacion_04,2020,11,29.77,19.06,-74.8586,8.5332
Huila,Neiva,Estacion_03,2024,11,44.31,20.09,-74.4025,7.4657
Cundinamarca,Soacha,Estacion_20,2024,7,34.9,17.27,-73.7391,4.9975
Bogotá D.C.,Bogotá,Estacion_26,2018,3,22.77,11.52,-73.6742,9.3978
Boyacá,Duitama,Estacion_02,2024,1,22.34,14.2,-74.5454,10.2823
Bogotá D.C.,Bogotá,Estacion_07,2018,10,72.69,35.09,-74.5685,7.4716
Cundinamarca,Soacha,Estacion_06,2023,9,15.77,9.57,-74.6645,10.097
Bolívar,Cartagena,Estacion_22,2024,7,38.96,23.13,-74.642,10.3758
Huila,Neiva,Estacion_11,2019,2,62.47,27.54,-74.4797,9.5525
Norte de Santander,Cúcuta,Estacion_05,2024,11,49.37,20.07,-74.3497,8.2181
Antioquia,Bello,Estacion_28,2023,5,34.86,21.0,-73.4014,8.156
Huila,Neiva,Estacion_22,2020,6,55.55,35.68,-73.8506,10.8054
Cundinamarca,Soacha,Estacion_21,2020,11,38.56,24.73,-73.1043,9.016
Valle del Cauca,Palmira,Estacion_15,2023,2,69.23,35.49,-73.1531,8.6603
Cundinamarca,Zipaquirá,Estacion_01,2023,8,55.94,34.9,-74.6879,4.6207
Antioquia,Medellín,Estacion_07,2018,11,43.11,22.97,-74.0941,10.9805
Bolívar,Cartagena,Estacion_19,2018,5,30.71,15.46,-73.0975,4.5402
Cundinamarca,Zipaquirá,Estacion_24,2021,11,59.31,29.31,-74.9809,4.6457
Boyacá,Tunja,Estacion_23,2020,4,34.89,14.66,-73.0255,6.7455
Boyacá,Duitama,Estacion_15,2021,12,35.81,17.05,-74.2597,9.9091
Cundinamarca,Zipaquirá,Estacion_24,2021,4,31.89,16.56,-73.0517,4.5851
Bogotá D.C.,Bogotá,Estacion_01,2021,9,30.14,12.21,-73.4954,9.0858
Atlántico,Barranquilla,Estacion_02,2022,5,47.26,27.21,-74.7654,8.9208
Bogotá D.C.,Bogotá,Estacion_27,2018,7,49.28,23.83,-73.3005,10.2815
Atlántico,Barranquilla,Estacion_11,2019,5,45.3,28.89,-73.5813,4.4921
Cundinamarca,Soacha,Estacion_19,2019,1,52.39,33.2,-73.3938,6.6448
Boyacá,Tunja,Estacion_16,2018,1,28.05,15.45,-74.5595,9.9315
Bolívar,Cartagena,Estacion_11,2022,1,38.17,17.84,-74.7608,8.5984
Huila,Neiva,Estacion_15,2022,7,31.8,17.29,-74.4298,7.1022
Huila,Neiva,Estacion_22,2018,9,28.74,14.81,-73.7682,9.7918
Valle del Cauca,Cali,Estacion_20,2024,9,59.75,31.98,-74.3781,7.2836
Huila,Neiva,Estacion_09,2024,4,52.66,27.06,-73.7566,10.9035
Cundinamarca,Zipaquirá,Estacion_06,2021,5,43.49,24.96,-74.9756,9.4554
Bogotá D.C.,Bogotá,Estacion_03,2020,5,47.7,23.05,-73.024,4.1117
Atlántico,Barranquilla,Estacion_13,2021,3,34.07,20.74,-74.2363,9.353
Norte de Santander,Cúcuta,Estacion_09,2018,9,28.64,12.6,-73.9306,10.6321
Cundinamarca,Zipaquirá,Estacion_20,2023,2,24.61,12.43,-74.3479,7.9753
Valle del Cauca,Cali,Estacion_22,2018,6,45.92,23.06,-74.5284,10.8837
Antioquia,Medellín,Estacion_04,2023,10,41.56,24.18,-73.5817,6.6685
Huila,Neiva,Estacion_01,2020,8,37.73,20.7,-74.3923,9.1356
Santander,Floridablanca,Estacion_02,2024,6,27.22,13.12,-73.7903,5.5592
Santander,Bucaramanga,Estacion_16,2022,10,17.82,11.08,-73.0007,8.9233
Antioquia,Envigado,Estacion_22,2019,7,39.57,16.37,-73.7527,9.9072
Cundinamarca,Soacha,Estacion_21,2021,9,17.01,7.11,-73.0773,6.0405
Antioquia,Bello,Estacion_29,2023,7,45.26,19.27,-73.4815,8.7939
Huila,Neiva,Estacion_06,2018,7,24.22,15.07,-74.0624,7.8998
Bogotá D.C.,Bogotá,Estacion_24,2022,12,68.1,38.79,-74.4901,8.5327
Bolívar,Cartagena,Estacion_23,2021,3,32.45,15.29,-74.9865,5.6133
Atlántico,Barranquilla,Estacion_12,2018,12,41.8,17.69,-74.3049,7.9087
Cundinamarca,Soacha,Estacion_25,2019,11,5.77,3.0,-74.3925,10.5093
Cundinamarca,Zipaquirá,Estacion_21,2018,10,30.01,14.6,-73.9879,5.4831
Boyacá,Tunja,Estacion_20,2022,1,73.56,30.95,-74.7274,10.0284
Cundinamarca,Soacha,Estacion_07,2020,10,56.86,29.04,-73.4962,8.8815
Bolívar,Cartagena,Estacion_18,2020,10,5.0,3.0,-73.642,6.9585
Valle del Cauca,Cali,Estacion_20,2023,12,38.75,18.2,-73.9236,5.2728
Atlántico,Barranquilla,Estacion_04,2018,6,46.1,25.91,-74.3223,6.8378
Santander,Bucaramanga,Estacion_22,2020,2,39.6,24.68,-73.0347,9.6419
Atlántico,Barranquilla,Estacion_29,2019,8,53.27,26.12,-73.9915,5.51
Bolívar,Cartagena,Estacion_04,2021,6,57.04,24.95,-73.0387,5.5426
Santander,Bucaramanga,Estacion_09,2023,3,18.4,7.8,-74.591,6.446
Bolívar,Cartagena,Estacion_11,2021,3,18.48,11.49,-74.2524,4.0862
Santander,Floridablanca,Estacion_25,2020,12,29.44,15.63,-73.002,6.1337
Norte de Santander,Cúcuta,Estacion_20,2020,1,12.65,5.56,-74.2419,6.5572
Boyacá,Duitama,Estacion_24,2019,10,38.42,17.19,-73.5349,7.1627
Cundinamarca,Soacha,Estacion_21,2023,6,60.1,34.92,-74.2389,7.665
Boyacá,Duitama,Estacion_18,2019,11,7.91,3.43,-74.7128,5.42
Antioquia,Bello,Estacion_15,2020,1,48.29,29.58,-73.7282,7.1447
Bogotá D.C.,Bogotá,Estacion_27,2020,2,63.05,39.0,-73.1256,7.1068
Boyacá,Duitama,Estacion_28,2023,9,12.53,5.67,-74.0249,5.6546
Bolívar,Cartagena,Estacion_01,2022,1,33.68,20.73,-73.6194,9.9446
Atlántico,Barranquilla,Estacion_18,2022,9,34.58,15.35,-74.6999,9.4797
Atlántico,Soledad,Estacion_26,2024,6,29.08,14.92,-73.5045,9.9153
Bolívar,Cartagena,Estacion_09,2024,5,30.65,14.77,-74.2331,10.5753
Valle del Cauca,Cali,Estacion_18,2023,4,64.44,38.21,-73.3378,8.7363
Valle del Cauca,Palmira,Estacion_04,2019,9,60.72,38.6,-74.9113,9.1022
Huila,Neiva,Estacion_20,2022,5,37.07,17.98,-74.9261,6.6903
Norte de Santander,Cúcuta,Estacion_17,2023,3,30.73,13.41,-73.8356,10.9995
Cundinamarca,Soacha,Estacion_10,2023,3,31.17,16.25,-74.2535,7.4676
Antioquia,Medellín,Estacion_08,2021,11,35.87,17.73,-74.3339,10.6743
Cundinamarca,Soacha,Estacion_11,2023,1,37.21,21.27,-74.2334,6.1006
Valle del Cauca,Cali,Estacion_11,2019,9,34.75,21.05,-73.6453,10.6027
Norte de Santander,Cúcuta,Estacion_25,2018,9,31.29,13.05,-73.2312,4.0254
Antioquia,Bello,Estacion_20,2023,3,43.7,21.85,-74.511,10.8124
Norte de Santander,Cúcuta,Estacion_17,2023,6,29.79,19.23,-73.6753,6.0034
Santander,Bucaramanga,Estacion_26,2024,8,39.88,17.93,-74.1369,9.532
Bolívar,Cartagena,Estacion_28,2021,4,40.49,24.94,-73.4373,5.5656
Antioquia,Envigado,Estacion_19,2018,11,39.45,18.78,-73.975,6.0793
Atlántico,Barranquilla,Estacion_25,2022,8,32.64,17.71,-74.0236,10.7099
Cundinamarca,Zipaquirá,Estacion_06,2018,9,53.29,21.75,-73.3785,9.9376
Bolívar,Cartagena,Estacion_15,2019,10,52.5,22.2,-73.0927,10.235
Antioquia,Medellín,Estacion_06,2021,6,23.15,11.5,-74.5656,4.918
Atlántico,Barranquilla,Estacion_05,2018,8,24.0,12.77,-74.1045,9.2584
Santander,Bucaramanga,Estacion_23,2019,3,21.97,11.78,-74.8162,4.5555
Boyacá,Tunja,Estacion_01,2021,4,35.5,14.42,-74.4766,6.6674
Valle del Cauca,Palmira,Estacion_06,2021,2,26.83,13.04,-74.8063,4.2977
Antioquia,Bello,Estacion_20,2023,3,28.63,16.88,-74.8711,6.7787
Valle del Cauca,Cali,Estacion_07,2022,11,62.11,25.34,-74.9402,7.9598
Norte de Santander,Cúcuta,Estacion_27,2022,5,36.18,14.52,-73.2688,9.289
Cundinamarca,Zipaquirá,Estacion_03,2024,12,36.32,23.02,-74.0093,10.2614
Valle del Cauca,Cali,Estacion_21,2023,5,65.65,37.68,-73.8572,7.8598
Cundinamarca,Soacha,Estacion_23,2023,6,40.09,19.67,-74.7759,6.8157
Valle del Cauca,Palmira,Estacion_05,2020,2,83.34,50.9,-73.8476,6.6451
Antioquia,Bello,Estacion_08,2018,6,21.16,13.48,-74.799,5.5494
Valle del Cauca,Cali,Estacion_19,2021,8,24.46,15.07,-73.1315,9.8443
Valle del Cauca,Palmira,Estacion_01,2021,5,74.09,41.34,-74.1608,6.362
Atlántico,Barranquilla,Estacion_08,2024,7,50.96,23.25,-73.0394,10.6916
Boyacá,Duitama,Estacion_09,2019,4,19.22,11.89,-74.9611,4.0816
Norte de Santander,Cúcuta,Estacion_04,2021,3,22.75,12.98,-74.0237,4.3066
Santander,Floridablanca,Estacion_17,2019,11,45.81,18.39,-73.3393,4.1245
Huila,Neiva,Estacion_25,2023,6,45.32,27.95,-74.2785,9.0163
Santander,Floridablanca,Estacion_28,2023,5,31.75,16.68,-73.4744,10.404
Bogotá D.C.,Bogotá,Estacion_07,2019,1,42.35,27.29,-74.7897,7.6561
Huila,Neiva,Estacion_13,2023,1,39.04,20.37,-74.3019,7.1951
Boyacá,Tunja,Estacion_30,2023,10,28.9,18.24,-74.2202,10.3252
Bolívar,Cartagena,Estacion_26,2018,5,9.6,5.39,-73.6762,8.7155
Norte de Santander,Cúcuta,Estacion_07,2023,10,53.15,30.21,-74.3084,7.7655
Norte de Santander,Cúcuta,Estacion_26,2019,1,35.79,21.88,-73.1086,10.8536
Antioquia,Medellín,Estacion_27,2019,7,35.98,21.44,-74.3213,5.9901
Cundinamarca,Zipaquirá,Estacion_03,2020,5,40.27,23.26,-73.5076,4.805
Huila,Neiva,Estacion_10,2020,4,11.56,4.81,-74.4068,8.0633
Boyacá,Tunja,Estacion_18,2018,1,47.73,19.31,-74.1469,8.0792
Santander,Floridablanca,Estacion_07,2020,7,51.44,32.29,-74.4914,9.6802
Valle del Cauca,Palmira,Estacion_07,2021,11,85.21,46.13,-73.1192,5.8275
Bogotá D.C.,Bogotá,Estacion_09,2023,7,75.47,38.53,-74.6983,5.3868
Bogotá D.C.,Bogotá,Estacion_10,2018,8,62.28,30.56,-74.3287,10.3565
Atlántico,Barranquilla,Estacion_07,2020,12,40.77,17.26,-74.1575,10.9577
Norte de Santander,Cúcuta,Estacion_30,2022,6,33.27,16.39,-73.6421,4.6735
Atlántico,Soledad,Estacion_20,2018,6,40.41,23.96,-74.4637,5.1531
Antioquia,Bello,Estacion_07,2022,4,42.01,24.61,-73.7631,10.3266
Bogotá D.C.,Bogotá,Estacion_26,2022,7,83.03,53.46,-74.1319,4.7636
Bogotá D.C.,Bogotá,Estacion_10,2021,5,54.8,27.07,-74.0729,9.7162
Cundinamarca,Soacha,Estacion_11,2018,9,6.92,3.22,-74.294,9.2128
Antioquia,Envigado,Estacion_28,2020,4,42.73,23.22,-73.8704,6.4933
Bogotá D.C.,Bogotá,Estacion_17,2021,2,18.05,9.57,-73.7427,9.353
Antioquia,Bello,Estacion_08,2022,11,43.33,20.95,-74.9776,5.2996
Norte de Santander,Cúcuta,Estacion_11,2024,10,24.72,10.62,-73.4749,4.8553
Huila,Neiva,Estacion_25,2020,3,25.02,13.79,-73.0007,4.2989
Boyacá,Tunja,Estacion_01,2021,8,33.09,15.05,-74.9701,8.6952
Atlántico,Barranquilla,Estacion_08,2022,9,33.27,16.89,-74.0505,9.5422
Huila,Neiva,Estacion_23,2023,2,41.84,22.82,-73.7066,9.1412
Boyacá,Tunja,Estacion_28,2021,2,31.47,15.37,-74.0299,10.8009
Santander,Floridablanca,Estacion_30,2023,5,33.1,13.44,-74.127,10.6059
Antioquia,Bello,Estacion_08,2022,8,40.08,21.57,-74.3896,4.8151
Boyacá,Duitama,Estacion_14,2021,7,18.86,10.41,-73.8011,7.2329
Valle del Cauca,Palmira,Estacion_06,2023,7,51.77,33.18,-73.1045,7.4232
Bogotá D.C.,Bogotá,Estacion_22,2024,11,77.78,42.21,-73.0234,6.2853
Cundinamarca,Zipaquirá,Estacion_22,2024,2,45.46,25.97,-74.3836,4.1474
Bolívar,Cartagena,Estacion_17,2023,4,29.58,12.94,-73.8454,7.5491
Cundinamarca,Soacha,Estacion_21,2023,12,5.0,3.01,-73.7455,8.0811
Bolívar,Cartagena,Estacion_06,2023,5,49.55,22.13,-74.5245,9.2455
Bolívar,Cartagena,Estacion_24,2023,4,16.97,7.07,-73.06,7.6787
Santander,Bucaramanga,Estacion_10,2018,4,39.33,19.12,-73.6521,9.0102
Cundinamarca,Soacha,Estacion_14,2018,2,77.7,40.04,-73.1496,5.194
Bolívar,Cartagena,Estacion_09,2021,9,69.72,36.28,-73.4177,5.6027
Boyacá,Duitama,Estacion_04,2020,6,59.23,29.88,-74.3894,10.319
Atlántico,Barranquilla,Estacion_21,2018,7,23.92,12.63,-74.3464,5.2329
Cundinamarca,Soacha,Estacion_16,2023,12,53.7,30.17,-73.224,5.8797
Norte de Santander,Cúcuta,Estacion_02,2018,5,37.22,19.98,-74.2682,7.5497
Antioquia,Bello,Estacion_12,2021,1,5.0,3.11,-73.4156,5.8522
Antioquia,Envigado,Estacion_22,2022,1,30.29,17.8,-73.658,5.9691
Cundinamarca,Soacha,Estacion_18,2022,3,19.67,9.16,-74.2449,10.4925
Norte de Santander,Cúcuta,Estacion_07,2024,7,41.95,25.53,-74.8436,7.9478
Antioquia,Envigado,Estacion_03,2019,8,56.57,30.96,-74.5972,9.211
Bogotá D.C.,Bogotá,Estacion_11,2018,11,34.92,20.74,-73.7156,9.5098
Atlántico,Soledad,Estacion_19,2018,11,45.76,23.02,-73.8387,9.0775
Atlántico,Soledad,Estacion_18,2024,2,41.0,18.49,-74.5323,9.0964
Valle del Cauca,Cali,Estacion_21,2021,12,47.48,23.09,-74.5849,8.0575
Boyacá,Tunja,Estacion_02,2019,2,28.13,12.66,-74.0266,6.8566
Atlántico,Barranquilla,Estacion_17,2020,2,49.56,26.28,-74.1927,5.0818
Bolívar,Cartagena,Estacion_20,2018,8,26.25,11.55,-73.1733,8.8
Norte de Santander,Cúcuta,Estacion_01,2020,12,54.61,27.54,-73.9259,5.2154
Norte de Santander,Cúcuta,Estacion_15,2022,11,38.78,17.66,-73.7038,6.3025
Huila,Neiva,Estacion_25,2018,9,65.42,39.13,-73.4257,8.5237
Norte de Santander,Cúcuta,Estacion_09,2021,10,10.71,5.22,-73.8129,5.7156
Cundinamarca,Soacha,Estacion_08,2024,3,43.75,20.79,-73.9766,4.6939
Antioquia,Bello,Estacion_14,2024,11,37.41,22.74,-73.4377,5.115
Bogotá D.C.,Bogotá,Estacion_16,2022,1,68.84,28.18,-74.8307,8.9263
Antioquia,Medellín,Estacion_18,2018,5,42.75,20.25,-74.7896,10.8917
Valle del Cauca,Cali,Estacion_18,2019,7,62.72,30.26,-74.6284,9.714
Norte de Santander,Cúcuta,Estacion_23,2018,8,48.64,30.72,-73.394,4.9095
Bolívar,Cartagena,Estacion_14,2018,12,13.17,7.28,-73.6997,6.3228
Antioquia,Envigado,Estacion_08,2021,9,47.72,25.88,-73.8357,6.9865
Bolívar,Cartagena,Estacion_03,2023,7,25.51,11.6,-73.2246,6.8327
Atlántico,Barranquilla,Estacion_16,2023,6,28.67,14.45,-74.8288,10.0244
Santander,Floridablanca,Estacion_08,2020,8,12.28,7.64,-74.2756,4.9667
Huila,Neiva,Estacion_11,2022,4,41.93,21.11,-73.9286,8.768
Norte de Santander,Cúcuta,Estacion_15,2020,5,16.28,7.19,-73.4828,10.2068
Cundinamarca,Soacha,Estacion_10,2019,5,30.03,14.02,-74.9913,6.4599
Cundinamarca,Zipaquirá,Estacion_21,2018,3,47.45,25.11,-73.7643,9.5264
Huila,Neiva,Estacion_30,2021,2,46.77,27.17,-73.0749,7.0671
Cundinamarca,Soacha,Estacion_25,2019,10,32.24,19.28,-73.0143,9.0837
Bogotá D.C.,Bogotá,Estacion_07,2021,5,56.64,24.88,-73.7781,9.7539
Bogotá D.C.,Bogotá,Estacion_11,2020,2,73.22,40.54,-73.8128,10.4256
Bogotá D.C.,Bogotá,Estacion_28,2023,12,54.01,30.04,-74.5868,4.5605
Valle del Cauca,Palmira,Estacion_02,2019,11,35.25,17.26,-74.9144,10.2115
Cundinamarca,Zipaquirá,Estacion_15,2020,6,37.6,18.04,-74.3974,6.6462
Valle del Cauca,Cali,Estacion_01,2023,11,20.15,9.78,-74.8814,10.2242
Boyacá,Duitama,Estacion_07,2022,12,35.72,19.87,-73.0868,5.9869
Bogotá D.C.,Bogotá,Estacion_01,2024,1,56.64,28.43,-73.0524,8.7183
Antioquia,Envigado,Estacion_11,2019,2,5.0,3.0,-74.1883,9.6315
Valle del Cauca,Palmira,Estacion_10,2023,6,41.9,22.11,-74.4133,5.611
Cundinamarca,Zipaquirá,Estacion_11,2021,6,46.71,28.57,-74.2761,6.7524
Bogotá D.C.,Bogotá,Estacion_18,2019,5,46.79,20.99,-73.2579,7.8259
Santander,Floridablanca,Estacion_19,2021,7,25.65,14.92,-73.9065,9.4698
Antioquia,Envigado,Estacion_15,2024,6,30.95,13.22,-73.7212,5.3507
Atlántico,Soledad,Estacion_17,2021,5,34.55,16.7,-74.7238,9.2019
Antioquia,Envigado,Estacion_29,2019,8,12.13,5.33,-73.5152,8.2513
Bogotá D.C.,Bogotá,Estacion_10,2019,2,35.77,15.07,-74.6054,10.9554
Boyacá,Duitama,Estacion_27,2021,10,32.13,13.18,-74.6289,6.8075
Norte de Santander,Cúcuta,Estacion_05,2019,1,32.6,16.15,-74.5805,6.9337
Bolívar,Cartagena,Estacion_15,2023,2,26.33,16.88,-74.8948,4.6933
Cundinamarca,Zipaquirá,Estacion_15,2021,7,23.47,15.24,-73.7876,9.6318
Atlántico,Barranquilla,Estacion_24,2019,5,45.11,20.5,-74.8409,6.9517
Boyacá,Duitama,Estacion_25,2021,10,24.27,15.67,-73.3819,4.2108
Huila,Neiva,Estacion_11,2020,11,43.85,25.27,-73.2332,5.9448
Santander,Bucaramanga,Estacion_18,2023,9,36.34,15.79,-73.3191,7.1281
Huila,Neiva,Estacion_04,2019,11,21.74,12.86,-73.9582,9.8883
Huila,Neiva,Estacion_20,2024,1,46.16,24.46,-74.0421,6.9671
Huila,Neiva,Estacion_10,2018,9,30.33,12.42,-73.5503,8.3626
Huila,Neiva,Estacion_22,2020,5,22.59,10.51,-74.4423,7.2063
Bolívar,Cartagena,Estacion_12,2020,5,30.25,16.34,-74.8725,8.211
Santander,Floridablanca,Estacion_27,2023,3,42.13,22.64,-74.4455,4.3837
Boyacá,Tunja,Estacion_28,2022,4,8.36,4.14,-74.9854,7.1418
Valle del Cauca,Cali,Estacion_08,2020,7,30.54,16.78,-73.6215,8.7318
Bogotá D.C.,Bogotá,Estacion_18,2021,8,21.53,8.77,-74.6172,8.5783
Huila,Neiva,Estacion_27,2024,10,43.03,23.97,-73.0297,6.7558
Bolívar,Cartagena,Estacion_23,2024,5,38.97,23.52,-74.816,10.877
Bolívar,Cartagena,Estacion_17,2021,3,7.96,3.99,-73.5378,9.1437
Norte de Santander,Cúcuta,Estacion_03,2021,4,42.21,21.02,-73.4178,4.8357
Bogotá D.C.,Bogotá,Estacion_05,2023,7,22.44,12.82,-73.7701,6.9497
Bogotá D.C.,Bogotá,Estacion_13,2021,6,56.68,23.1,-74.3744,6.759
Santander,Bucaramanga,Estacion_27,2020,10,23.75,13.36,-74.4255,4.9237
Bolívar,Cartagena,Estacion_06,2018,9,18.21,10.47,-73.2719,8.3102
Santander,Bucaramanga,Estacion_18,2018,1,11.22,6.7,-73.8216,9.7597
Boyacá,Tunja,Estacion_28,2021,6,55.96,27.97,-74.1474,6.9314
Bogotá D.C.,Bogotá,Estacion_30,2018,10,50.98,23.18,-74.8211,10.3429
Valle del Cauca,Palmira,Estacion_01,2020,2,69.11,39.56,-73.6096,5.0177
Cundinamarca,Zipaquirá,Estacion_28,2018,11,25.64,15.45,-74.0393,9.6992
Huila,Neiva,Estacion_26,2019,4,35.92,22.8,-73.7689,10.3315
Bogotá D.C.,Bogotá,Estacion_18,2020,5,70.31,35.99,-73.0737,4.5878
Valle del Cauca,Palmira,Estacion_02,2023,7,45.68,21.78,-73.7274,10.5651
Bolívar,Cartagena,Estacion_22,2019,11,37.46,18.8,-73.3472,5.4837
Cundinamarca,Zipaquirá,Estacion_23,2020,5,30.09,18.19,-73.3996,5.5427
Norte de Santander,Cúcuta,Estacion_24,2021,8,37.33,21.24,-74.1288,6.119
Bogotá D.C.,Bogotá,Estacion_28,2022,9,35.32,19.44,-73.2148,8.7575
Boyacá,Tunja,Estacion_11,2024,11,19.2,8.94,-74.6397,8.4071
Cundinamarca,Soacha,Estacion_27,2022,11,52.77,29.64,-74.007,10.9282
Antioquia,Medellín,Estacion_26,2022,5,14.45,9.28,-74.0908,6.3316
Antioquia,Medellín,Estacion_24,2024,5,37.58,17.6,-74.8236,10.0861
Boyacá,Tunja,Estacion_12,2023,9,18.47,11.47,-74.7229,5.8231
Boyacá,Duitama,Estacion_25,2020,7,33.58,13.93,-73.7664,8.6331
Cundinamarca,Soacha,Estacion_04,2022,12,29.12,14.19,-73.8163,5.5297
Bolívar,Cartagena,Estacion_11,2019,1,36.47,17.08,-74.3812,10.7614
Huila,Neiva,Estacion_09,2024,3,47.98,25.75,-73.6241,5.7792
Bogotá D.C.,Bogotá,Estacion_19,2019,12,50.51,31.88,-73.0883,7.9214
Atlántico,Barranquilla,Estacion_29,2024,6,27.85,15.91,-73.8363,9.9439
Atlántico,Soledad,Estacion_21,2023,11,37.44,20.8,-73.2401,4.9953
Boyacá,Duitama,Estacion_25,2023,6,44.31,25.55,-73.1213,9.0738
Cundinamarca,Soacha,Estacion_29,2022,5,23.69,14.19,-73.5335,7.098
Atlántico,Barranquilla,Estacion_20,2019,10,26.0,14.17,-74.4214,4.5015
Huila,Neiva,Estacion_03,2022,9,9.63,5.17,-73.9385,5.3076
Norte de Santander,Cúcuta,Estacion_22,2024,10,33.65,16.32,-74.6398,10.0835
Norte de Santander,Cúcuta,Estacion_20,2021,9,42.21,17.64,-73.795,7.0252
Boyacá,Duitama,Estacion_13,2024,11,56.53,32.39,-74.9645,7.1562
Santander,Floridablanca,Estacion_28,2021,3,24.02,11.87,-74.0645,10.2717
Valle del Cauca,Palmira,Estacion_04,2022,11,32.85,16.07,-74.096,6.2975
Huila,Neiva,Estacion_22,2019,1,5.0,3.0,-74.7463,5.7646
Huila,Neiva,Estacion_29,2021,5,37.82,17.1,-74.9583,6.7923
Santander,Floridablanca,Estacion_16,2021,4,31.71,15.05,-73.4111,9.7729
Santander,Bucaramanga,Estacion_22,2021,4,32.14,17.96,-73.8517,4.5649
Norte de Santander,Cúcuta,Estacion_04,2018,3,44.26,22.1,-73.1804,8.273
Antioquia,Envigado,Estacion_13,2022,11,38.53,17.85,-74.7493,7.0349
Cundinamarca,Zipaquirá,Estacion_22,2021,5,5.0,3.0,-73.8537,6.426
Bolívar,Cartagena,Estacion_14,2020,3,39.79,25.75,-73.5855,7.806
Antioquia,Envigado,Estacion_29,2024,4,36.52,21.33,-74.8399,10.0606
Atlántico,Barranquilla,Estacion_03,2020,3,35.11,22.73,-73.1302,4.4159
Bolívar,Cartagena,Estacion_03,2024,12,24.15,13.86,-74.5784,4.2638
Cundinamarca,Soacha,Estacion_26,2020,3,44.78,24.14,-73.6731,4.675
Bolívar,Cartagena,Estacion_07,2019,5,16.86,10.9,-74.0516,4.267
Bogotá D.C.,Bogotá,Estacion_02,2021,8,76.01,34.91,-73.1842,7.6985
Huila,Neiva,Estacion_03,2020,2,30.91,15.91,-73.3874,4.178
Santander,Floridablanca,Estacion_20,2024,9,33.86,19.64,-73.5472,8.5871
Bolívar,Cartagena,Estacion_24,2020,7,32.13,18.3,-73.5196,7.7755
Boyacá,Duitama,Estacion_25,2020,8,56.18,30.79,-73.2272,9.6389
Atlántico,Soledad,Estacion_21,2021,12,26.46,15.4,-74.441,7.4244
Huila,Neiva,Estacion_27,2018,10,53.09,31.34,-73.5677,8.0878
Atlántico,Soledad,Estacion_17,2020,9,31.8,14.01,-73.4582,7.7663
Santander,Floridablanca,Estacion_27,2019,4,20.12,9.38,-74.5759,5.8462
Norte de Santander,Cúcuta,Estacion_01,2024,8,35.57,15.6,-73.0941,7.2803
Boyacá,Duitama,Estacion_15,2020,4,34.2,20.63,-73.4484,7.0392
Santander,Bucaramanga,Estacion_14,2019,9,38.94,20.16,-73.3628,9.7414
Atlántico,Barranquilla,Estacion_07,2024,6,39.73,20.93,-74.8205,9.6106
Valle del Cauca,Palmira,Estacion_08,2023,4,71.09,42.35,-73.5026,5.8076
Bogotá D.C.,Bogotá,Estacion_29,2023,2,32.55,19.3,-73.9958,6.1181
Atlántico,Barranquilla,Estacion_13,2020,11,42.98,22.39,-74.8145,4.9348
Antioquia,Envigado,Estacion_13,2022,2,20.26,8.11,-73.9384,4.6633
Bolívar,Cartagena,Estacion_29,2021,4,41.72,20.17,-73.1358,7.388
Bolívar,Cartagena,Estacion_03,2018,8,30.9,18.27,-73.128,7.7389
Norte de Santander,Cúcuta,Estacion_09,2021,12,38.39,19.89,-74.5295,10.1241
Santander,Floridablanca,Estacion_18,2022,6,28.97,12.97,-74.0668,10.839
Boyacá,Tunja,Estacion_11,2021,8,51.64,31.43,-73.7198,7.4392
Bolívar,Cartagena,Estacion_22,2024,10,26.57,13.11,-74.2239,10.3036
Bogotá D.C.,Bogotá,Estacion_24,2019,11,43.29,17.64,-74.4699,9.0715
Huila,Neiva,Estacion_23,2023,1,17.19,9.79,-73.408,9.675
Boyacá,Tunja,Estacion_20,2022,7,32.13,14.64,-74.5528,8.5535
Bolívar,Cartagena,Estacion_05,2020,12,14.01,7.67,-74.8494,4.6403
Huila,Neiva,Estacion_22,2023,11,41.83,24.87,-73.4529,4.6414
Valle del Cauca,Cali,Estacion_14,2019,9,47.6,25.1,-74.3582,8.8691
Cundinamarca,Zipaquirá,Estacion_02,2023,4,69.12,36.9,-74.2973,4.5869
Norte de Santander,Cúcuta,Estacion_09,2019,5,40.78,24.63,-74.5903,5.7478
Cundinamarca,Soacha,Estacion_23,2022,8,15.22,8.97,-73.1578,5.9906
Valle del Cauca,Palmira,Estacion_29,2023,5,53.83,27.24,-74.2247,4.6604
Norte de Santander,Cúcuta,Estacion_24,2020,4,50.21,26.36,-74.739,8.482
Valle del Cauca,Palmira,Estacion_17,2019,12,51.51,26.82,-73.7919,10.6491
Valle del Cauca,Palmira,Estacion_04,2021,11,57.13,27.31,-74.4704,9.5274
Cundinamarca,Soacha,Estacion_15,2021,4,55.58,25.33,-73.2769,5.3107
Norte de Santander,Cúcuta,Estacion_05,2023,9,47.74,23.9,-74.4681,5.7927
Antioquia,Envigado,Estacion_15,2024,12,27.09,12.54,-73.1599,7.2733
Boyacá,Tunja,Estacion_28,2024,3,25.47,12.74,-73.4034,10.5806
Antioquia,Bello,Estacion_19,2019,2,62.34,32.36,-74.8557,4.7302
Boyacá,Tunja,Estacion_21,2022,5,24.91,10.15,-73.7476,6.2896
Bogotá D.C.,Bogotá,Estacion_26,2021,5,74.24,42.86,-73.09,7.3929
Cundinamarca,Zipaquirá,Estacion_18,2021,9,31.8,18.02,-74.7621,7.193
Bogotá D.C.,Bogotá,Estacion_18,2024,4,58.19,32.1,-73.9187,8.4604
Valle del Cauca,Palmira,Estacion_12,2019,5,65.57,28.17,-73.2547,8.6435
Boyacá,Tunja,Estacion_10,2018,8,10.98,5.56,-73.3406,6.1798
Antioquia,Bello,Estacion_04,2018,11,37.15,15.16,-74.8004,8.7151
Bolívar,Cartagena,Estacion_19,2023,11,13.2,7.53,-74.841,5.1859
Huila,Neiva,Estacion_26,2020,9,34.95,21.8,-74.9836,4.6934
Bolívar,Cartagena,Estacion_03,2019,8,54.22,34.97,-73.6054,10.4017
Cundinamarca,Zipaquirá,Estacion_07,2024,10,55.04,31.39,-74.4364,7.4122
Santander,Bucaramanga,Estacion_30,2022,1,35.57,20.07,-74.9424,9.6148
Norte de Santander,Cúcuta,Estacion_06,2022,11,49.62,30.12,-73.79,9.3469
Boyacá,Duitama,Estacion_02,2019,12,39.22,21.23,-74.0708,5.7628
Valle del Cauca,Palmira,Estacion_21,2020,9,37.66,16.65,-73.8997,6.6938
Cundinamarca,Soacha,Estacion_14,2018,1,37.32,20.1,-74.2699,7.8062
Antioquia,Envigado,Estacion_25,2022,9,58.16,23.26,-74.3356,5.3658
Norte de Santander,Cúcuta,Estacion_18,2021,9,36.97,21.59,-73.7407,9.5018
Valle del Cauca,Cali,Estacion_30,2024,4,65.5,35.08,-73.2007,6.9687
Valle del Cauca,Cali,Estacion_07,2024,12,54.22,26.82,-73.7049,5.1713
Boyacá,Duitama,Estacion_03,2020,12,52.96,28.62,-74.1093,9.8687
Valle del Cauca,Palmira,Estacion_24,2019,10,63.09,38.36,-73.6109,6.1578
Valle del Cauca,Palmira,Estacion_07,2020,9,55.07,31.71,-74.2191,7.9161
Norte de Santander,Cúcuta,Estacion_21,2023,5,24.03,13.31,-74.2977,4.6191
Huila,Neiva,Estacion_25,2024,12,36.41,17.87,-73.9511,6.4391
Valle del Cauca,Cali,Estacion_09,2021,11,59.25,31.34,-73.782,10.2124
Antioquia,Envigado,Estacion_20,2018,6,20.76,10.84,-74.5841,8.8874
Valle del Cauca,Palmira,Estacion_03,2020,12,83.48,47.36,-74.8858,9.5265
Huila,Neiva,Estacion_03,2021,8,15.73,6.91,-74.9157,7.2494
Norte de Santander,Cúcuta,Estacion_09,2020,5,26.47,16.69,-74.8382,4.4972
Huila,Neiva,Estacion_16,2023,3,21.44,11.34,-73.9279,7.3855
Huila,Neiva,Estacion_02,2024,1,33.86,18.42,-74.6514,5.2869
Norte de Santander,Cúcuta,Estacion_12,2023,9,57.55,30.12,-74.6292,4.1498
Bogotá D.C.,Bogotá,Estacion_12,2021,1,10.81,6.77,-74.4296,5.4722
Boyacá,Duitama,Estacion_11,2023,3,23.6,11.39,-73.0111,10.3325
Boyacá,Duitama,Estacion_17,2018,12,17.63,10.08,-74.4629,9.7257
Bogotá D.C.,Bogotá,Estacion_04,2020,12,52.55,26.01,-74.6953,8.926
Santander,Floridablanca,Estacion_26,2021,11,29.02,11.88,-74.7292,10.3784
Antioquia,Envigado,Estacion_23,2018,7,48.01,20.87,-73.6112,9.4677
Bogotá D.C.,Bogotá,Estacion_26,2021,12,42.34,18.62,-74.4255,7.3544
Santander,Floridablanca,Estacion_13,2019,1,52.34,25.3,-74.7359,7.7562
Bogotá D.C.,Bogotá,Estacion_28,2024,11,39.48,22.86,-73.341,5.7489
Bolívar,Cartagena,Estacion_21,2024,11,37.23,17.35,-73.4502,4.3189
Valle del Cauca,Cali,Estacion_07,2018,6,57.95,31.35,-73.2487,7.1968
Atlántico,Soledad,Estacion_18,2024,11,35.2,21.55,-74.2437,10.7028
Boyacá,Duitama,Estacion_12,2019,6,5.0,3.0,-73.8851,10.5851
Norte de Santander,Cúcuta,Estacion_01,2023,7,35.91,23.05,-74.0461,5.1746
Cundinamarca,Zipaquirá,Estacion_28,2022,8,23.2,9.93,-74.9101,4.3763
Boyacá,Duitama,Estacion_09,2021,11,32.25,14.82,-74.1106,7.568
Valle del Cauca,Palmira,Estacion_21,2023,9,78.3,40.23,-74.4267,4.8279
Santander,Floridablanca,Estacion_02,2020,11,34.69,15.57,-74.9193,8.2235
Boyacá,Tunja,Estacion_28,2018,9,24.65,10.5,-74.2122,4.8444
Norte de Santander,Cúcuta,Estacion_28,2024,6,27.2,14.71,-74.6729,8.0241
Antioquia,Envigado,Estacion_07,2019,11,23.52,10.3,-74.8469,8.6741
Bolívar,Cartagena,Estacion_24,2018,2,5.44,3.15,-74.2451,8.88
Bolívar,Cartagena,Estacion_27,2019,7,31.3,12.92,-74.472,8.366
Bogotá D.C.,Bogotá,Estacion_20,2019,8,64.68,35.14,-74.4574,5.7703
Huila,Neiva,Estacion_21,2020,8,41.78,20.79,-73.103,7.7325
Atlántico,Soledad,Estacion_03,2021,11,33.14,17.62,-74.039,7.2158
Santander,Floridablanca,Estacion_17,2023,1,11.78,6.3,-74.6219,9.5259
Cundinamarca,Zipaquirá,Estacion_06,2023,2,48.52,26.25,-74.9274,9.5169
Boyacá,Tunja,Estacion_22,2018,3,25.84,16.75,-74.9603,6.2299
Bolívar,Cartagena,Estacion_02,2019,11,53.46,33.81,-73.1471,8.3482
Norte de Santander,Cúcuta,Estacion_14,2022,6,34.42,16.99,-73.2581,4.6585
Valle del Cauca,Palmira,Estacion_17,2018,4,69.47,31.43,-73.4374,8.8645
Atlántico,Soledad,Estacion_19,2020,2,38.93,17.24,-74.5281,9.205
Santander,Floridablanca,Estacion_19,2023,3,43.16,24.74,-74.8884,9.244
Santander,Floridablanca,Estacion_11,2024,8,61.13,25.64,-74.7968,6.6825
Valle del Cauca,Palmira,Estacion_09,2024,4,32.84,14.17,-73.3568,5.4081
Bolívar,Cartagena,Estacion_05,2019,2,63.57,32.81,-73.7321,10.6978
Valle del Cauca,Cali,Estacion_02,2021,1,56.54,34.35,-74.4524,5.4534
Cundinamarca,Soacha,Estacion_06,2023,12,6.18,3.05,-73.0798,5.7195
Boyacá,Duitama,Estacion_09,2018,12,27.25,16.38,-73.6721,7.4672
Valle del Cauca,Palmira,Estacion_05,2018,6,61.19,37.87,-74.462,8.4788
Atlántico,Soledad,Estacion_28,2024,2,13.55,7.68,-73.154,6.561
Santander,Floridablanca,Estacion_18,2020,3,38.42,19.1,-73.733,9.2582
Atlántico,Soledad,Estacion_10,2023,8,40.18,16.43,-74.3609,9.0699
Boyacá,Tunja,Estacion_02,2024,7,42.5,26.51,-73.0776,10.9539
Huila,Neiva,Estacion_01,2020,6,16.56,7.18,-74.2724,8.4419
Atlántico,Soledad,Estacion_02,2022,8,7.48,3.06,-74.2519,7.9369
Atlántico,Barranquilla,Estacion_11,2020,6,20.4,11.17,-74.8734,9.391
Norte de Santander,Cúcuta,Estacion_29,2019,10,45.35,24.53,-74.1225,7.7091
Cundinamarca,Soacha,Estacion_02,2024,6,31.38,20.08,-73.3488,9.8864
Norte de Santander,Cúcuta,Estacion_15,2022,12,18.02,11.58,-74.1879,6.7182
Huila,Neiva,Estacion_01,2020,5,5.0,3.0,-74.09,6.2025
Boyacá,Duitama,Estacion_22,2024,7,43.97,21.4,-74.3535,8.1668
Huila,Neiva,Estacion_21,2021,6,20.28,11.11,-73.2693,9.2411
Valle del Cauca,Cali,Estacion_07,2019,5,44.44,20.58,-74.9637,6.7951
Antioquia,Envigado,Estacion_04,2024,1,48.59,25.14,-73.3084,9.1729
Atlántico,Soledad,Estacion_25,2019,6,8.98,4.92,-73.4765,9.5788
Antioquia,Bello,Estacion_23,2019,1,43.58,21.77,-74.7328,5.0109
Valle del Cauca,Palmira,Estacion_22,2024,2,47.74,27.64,-74.7368,6.013
Boyacá,Duitama,Estacion_05,2019,5,34.35,16.21,-74.9553,5.6201
Valle del Cauca,Cali,Estacion_01,2018,2,39.14,20.04,-73.1235,5.1991
Valle del Cauca,Palmira,Estacion_22,2019,6,70.78,30.01,-73.136,6.3496
Valle del Cauca,Palmira,Estacion_13,2018,11,66.61,43.25,-74.6324,5.9647
Norte de Santander,Cúcuta,Estacion_14,2023,8,38.79,24.24,-73.9253,10.7656
Huila,Neiva,Estacion_15,2022,6,23.29,10.57,-74.8618,5.9255
Norte de Santander,Cúcuta,Estacion_01,2023,8,39.83,18.38,-73.1402,6.637
Valle del Cauca,Palmira,Estacion_07,2018,12,60.78,30.74,-73.321,5.1471
Antioquia,Bello,Estacion_24,2024,4,16.97,8.02,-73.3767,8.6796
Huila,Neiva,Estacion_23,2021,8,43.58,19.56,-73.5474,5.2761
Santander,Bucaramanga,Estacion_17,2019,2,33.34,14.67,-74.6279,5.1243
Norte de Santander,Cúcuta,Estacion_07,2022,12,43.89,26.18,-74.6063,10.5717
Boyacá,Tunja,Estacion_24,2019,4,9.67,4.8,-74.0293,4.1918
Huila,Neiva,Estacion_30,2024,1,76.12,47.15,-73.6251,10.9907
Santander,Bucaramanga,Estacion_06,2020,6,43.55,28.17,-74.4967,6.5878
Bolívar,Cartagena,Estacion_17,2023,11,30.61,16.59,-73.8494,5.5869
Boyacá,Tunja,Estacion_09,2021,3,27.89,12.47,-73.7146,7.2136
Antioquia,Bello,Estacion_30,2019,6,15.58,8.39,-73.3751,10.1939
Atlántico,Barranquilla,Estacion_23,2022,8,5.0,3.0,-73.7517,9.1196
Huila,Neiva,Estacion_11,2019,1,33.09,18.03,-73.5108,6.3819
Bolívar,Cartagena,Estacion_19,2020,1,5.0,3.0,-73.1817,4.9038
Valle del Cauca,Cali,Estacion_01,2018,8,42.52,21.49,-73.223,7.9029
Huila,Neiva,Estacion_17,2024,5,21.99,11.36,-73.7398,6.4506
Huila,Neiva,Estacion_09,2022,4,45.25,26.47,-73.0917,6.6658
Boyacá,Tunja,Estacion_18,2023,7,15.02,6.53,-73.3111,10.0516
Bogotá D.C.,Bogotá,Estacion_11,2024,3,45.55,22.42,-73.3965,8.6759
Santander,Bucaramanga,Estacion_26,2018,12,19.39,11.99,-74.2898,6.8734
Santander,Bucaramanga,Estacion_05,2021,11,7.46,3.75,-74.1582,8.514
Bogotá D.C.,Bogotá,Estacion_02,2023,6,33.96,15.29,-73.357,5.1937
Santander,Floridablanca,Estacion_25,2019,12,29.7,13.04,-74.1396,5.8946
Atlántico,Barranquilla,Estacion_14,2023,2,32.05,19.78,-73.609,10.3398
Atlántico,Soledad,Estacion_03,2020,3,45.17,28.11,-73.5775,5.3304
Antioquia,Medellín,Estacion_20,2018,6,19.2,10.24,-73.6989,4.2111
Boyacá,Tunja,Estacion_24,2018,12,5.0,3.23,-74.6729,6.5442
Cundinamarca,Zipaquirá,Estacion_19,2021,5,19.51,9.93,-73.6989,8.6759
Santander,Floridablanca,Estacion_06,2022,7,41.36,23.03,-73.2618,4.2591
Bogotá D.C.,Bogotá,Estacion_17,2018,12,51.05,22.15,-73.0009,10.7895
Norte de Santander,Cúcuta,Estacion_12,2021,10,36.41,20.39,-73.1151,4.7335
Norte de Santander,Cúcuta,Estacion_10,2023,10,33.05,15.34,-74.8608,4.3825
Bogotá D.C.,Bogotá,Estacion_06,2023,4,52.52,30.62,-73.3888,10.4226
Valle del Cauca,Cali,Estacion_10,2022,10,57.4,23.77,-74.4702,4.9106
Bogotá D.C.,Bogotá,Estacion_02,2023,5,78.15,35.3,-74.9416,6.4361
Bogotá D.C.,Bogotá,Estacion_03,2020,12,33.36,16.57,-74.9692,7.0146
Boyacá,Tunja,Estacion_09,2018,5,32.7,17.35,-74.3089,4.5038
Cundinamarca,Soacha,Estacion_19,2020,2,34.21,17.6,-74.8965,5.0926
Boyacá,Tunja,Estacion_18,2021,2,42.93,18.3,-74.3301,4.8224
Cundinamarca,Soacha,Estacion_28,2023,8,41.55,24.43,-73.7673,5.8427
Bogotá D.C.,Bogotá,Estacion_04,2023,7,49.95,20.11,-74.4905,8.8826
Bolívar,Cartagena,Estacion_11,2020,4,51.79,27.15,-74.0015,4.5207
Valle del Cauca,Cali,Estacion_15,2019,6,72.07,38.66,-73.0231,6.2462
Valle del Cauca,Palmira,Estacion_30,2018,9,21.76,12.02,-73.6515,4.8983
Atlántico,Barranquilla,Estacion_14,2018,2,32.37,18.39,-73.1545,8.0762
Huila,Neiva,Estacion_26,2018,10,70.8,40.8,-74.4622,4.4125
Huila,Neiva,Estacion_06,2024,12,31.18,19.19,-74.0967,8.951
Huila,Neiva,Estacion_22,2023,11,42.25,25.96,-74.3882,4.5381
Huila,Neiva,Estacion_20,2019,6,51.69,24.1,-74.6166,8.9539
Bogotá D.C.,Bogotá,Estacion_13,2021,5,42.47,24.52,-73.7493,9.9796
Cundinamarca,Zipaquirá,Estacion_18,2018,2,21.48,8.79,-74.8599,9.3616
Huila,Neiva,Estacion_23,2021,3,39.09,22.83,-74.0146,7.4838
Norte de Santander,Cúcuta,Estacion_22,2021,8,26.19,13.48,-74.8667,7.4522
Norte de Santander,Cúcuta,Estacion_09,2018,9,26.77,13.11,-73.5683,10.0287
Atlántico,Barranquilla,Estacion_24,2024,2,28.22,18.3,-74.0912,5.2489
Norte de Santander,Cúcuta,Estacion_22,2019,7,13.83,6.87,-74.672,4.5764
Valle del Cauca,Palmira,Estacion_24,2018,11,65.69,36.86,-73.2523,4.4056
Norte de Santander,Cúcuta,Estacion_19,2021,2,63.97,25.91,-74.4583,8.7139
Huila,Neiva,Estacion_24,2022,3,30.89,17.44,-73.6568,10.9959
Cundinamarca,Zipaquirá,Estacion_07,2024,7,53.24,24.34,-73.3914,5.5298
Huila,Neiva,Estacion_02,2021,7,37.38,21.51,-73.7145,7.4526
Bogotá D.C.,Bogotá,Estacion_12,2018,9,36.86,23.24,-73.6424,4.3734
Atlántico,Barranquilla,Estacion_14,2023,10,17.81,7.96,-74.9041,8.9679
Norte de Santander,Cúcuta,Estacion_12,2020,7,46.66,19.57,-73.8522,6.0155
Antioquia,Medellín,Estacion_09,2019,7,29.34,12.22,-74.9037,4.09
Valle del Cauca,Cali,Estacion_15,2021,2,30.39,17.79,-73.1998,8.2791
Norte de Santander,Cúcuta,Estacion_14,2021,9,22.57,10.51,-74.9713,4.9375
Antioquia,Bello,Estacion_15,2020,10,46.59,29.98,-73.4664,7.0482
Boyacá,Duitama,Estacion_01,2023,11,14.98,8.95,-74.4418,9.7801
Boyacá,Tunja,Estacion_24,2024,2,26.93,15.11,-73.6704,4.9259
Valle del Cauca,Palmira,Estacion_02,2023,9,62.88,33.94,-74.9284,5.3848
Huila,Neiva,Estacion_07,2021,8,30.94,18.95,-73.235,7.3039
Boyacá,Tunja,Estacion_25,2024,6,50.36,32.01,-73.2228,5.7383
Bolívar,Cartagena,Estacion_07,2022,3,16.88,7.47,-74.0836,4.3134
Bogotá D.C.,Bogotá,Estacion_16,2022,2,58.25,24.98,-74.5018,5.0031
Bogotá D.C.,Bogotá,Estacion_28,2019,5,73.94,40.62,-73.771,8.0376
Boyacá,Duitama,Estacion_23,2022,9,19.8,11.91,-74.2929,10.2064
Cundinamarca,Soacha,Estacion_19,2018,8,43.5,20.29,-73.8016,5.9649
Huila,Neiva,Estacion_24,2023,12,27.02,16.83,-74.2026,4.5242
Valle del Cauca,Cali,Estacion_23,2019,8,35.54,15.15,-74.319,9.4637
Bogotá D.C.,Bogotá,Estacion_24,2021,1,27.39,12.19,-73.7006,9.96
Cundinamarca,Zipaquirá,Estacion_24,2020,10,39.11,20.83,-74.3659,7.7865
Cundinamarca,Zipaquirá,Estacion_28,2022,10,40.1,25.04,-73.3004,8.6807
Bolívar,Cartagena,Estacion_12,2019,10,53.0,23.53,-73.9178,7.8952
Cundinamarca,Soacha,Estacion_26,2023,5,30.78,14.65,-74.5523,9.0127
Atlántico,Soledad,Estacion_29,2019,7,37.86,21.02,-73.3086,7.5846
Bolívar,Cartagena,Estacion_08,2024,12,13.57,7.02,-74.3881,6.7464
Atlántico,Barranquilla,Estacion_17,2023,4,29.64,16.1,-74.9739,5.9986
Huila,Neiva,Estacion_21,2021,9,27.23,17.27,-74.3162,9.9286
Santander,Floridablanca,Estacion_24,2023,2,24.13,15.07,-74.6807,9.2885
Cundinamarca,Zipaquirá,Estacion_13,2023,1,59.14,35.79,-73.1372,6.8623
Antioquia,Medellín,Estacion_13,2021,6,14.1,7.41,-74.6799,6.173
Boyacá,Duitama,Estacion_12,2022,3,34.25,20.17,-74.5629,9.7259
Santander,Bucaramanga,Estacion_21,2023,5,31.3,12.66,-74.5349,8.0198
Cundinamarca,Soacha,Estacion_17,2019,12,14.29,6.62,-73.0398,10.9308
Huila,Neiva,Estacion_17,2018,5,29.94,19.43,-74.7251,8.978
Boyacá,Tunja,Estacion_06,2023,9,52.75,30.46,-74.5541,4.5371
Atlántico,Barranquilla,Estacion_16,2018,8,55.89,23.81,-74.9151,6.0404
Norte de Santander,Cúcuta,Estacion_17,2021,1,18.17,7.61,-74.8758,8.9755
Atlántico,Barranquilla,Estacion_30,2020,6,53.5,23.39,-73.0164,9.2071
Boyacá,Duitama,Estacion_25,2018,9,43.77,19.79,-73.4425,7.9205
Antioquia,Bello,Estacion_21,2021,12,23.99,9.74,-73.3945,6.1596
Norte de Santander,Cúcuta,Estacion_02,2024,4,64.09,35.17,-73.3479,4.417
Bogotá D.C.,Bogotá,Estacion_17,2021,8,32.27,19.18,-74.6198,9.2493
Bolívar,Cartagena,Estacion_23,2018,11,39.46,17.95,-73.2827,5.4628
Cundinamarca,Soacha,Estacion_09,2019,5,28.79,14.08,-73.3435,9.8168
Atlántico,Barranquilla,Estacion_20,2020,7,36.11,18.2,-74.8712,5.9268
Valle del Cauca,Palmira,Estacion_21,2019,7,47.27,20.82,-74.1008,6.5318
Bolívar,Cartagena,Estacion_07,2018,7,48.01,20.02,-73.2592,6.7371
Antioquia,Bello,Estacion_22,2020,2,24.41,15.24,-74.8796,9.7764
Huila,Neiva,Estacion_11,2021,11,27.75,14.64,-74.5955,9.9429
Boyacá,Duitama,Estacion_27,2019,8,14.14,9.06,-74.0523,7.3498
Boyacá,Duitama,Estacion_01,2019,4,32.33,15.34,-73.0051,9.3333
Santander,Floridablanca,Estacion_04,2019,8,30.66,18.24,-73.9366,9.4728
Cundinamarca,Zipaquirá,Estacion_26,2024,11,65.46,38.81,-73.0718,5.2659
Atlántico,Soledad,Estacion_16,2020,7,41.24,19.09,-73.6516,5.8092
Atlántico,Soledad,Estacion_19,2023,9,47.99,28.27,-73.0592,5.7276
Bolívar,Cartagena,Estacion_20,2020,6,36.81,20.51,-74.661,8.8009
Huila,Neiva,Estacion_15,2018,6,56.86,26.4,-74.4801,10.0592
Boyacá,Tunja,Estacion_20,2023,12,36.37,23.14,-73.5429,7.2795
Huila,Neiva,Estacion_27,2021,1,33.22,15.55,-74.52,7.7812
Valle del Cauca,Palmira,Estacion_03,2024,6,51.26,32.97,-73.4435,5.573
Valle del Cauca,Palmira,Estacion_29,2023,4,35.26,16.84,-73.2543,5.2372
Santander,Bucaramanga,Estacion_05,2022,5,42.92,17.25,-73.6022,7.6089
Cundinamarca,Soacha,Estacion_18,2023,8,18.2,9.1,-73.2232,9.8849
Valle del Cauca,Palmira,Estacion_06,2020,8,52.65,28.3,-74.6129,9.4743
Norte de Santander,Cúcuta,Estacion_11,2021,2,28.4,17.32,-74.1927,4.4548
Bolívar,Cartagena,Estacion_13,2021,2,36.78,19.27,-74.8739,4.1404
Atlántico,Barranquilla,Estacion_19,2023,2,53.28,26.61,-74.1692,9.4235
Antioquia,Bello,Estacion_06,2020,12,28.09,16.32,-73.9546,8.0403
Cundinamarca,Zipaquirá,Estacion_29,2021,3,21.58,13.68,-74.848,4.9703
Santander,Floridablanca,Estacion_19,2023,11,39.84,19.97,-73.0497,10.4988
Cundinamarca,Zipaquirá,Estacion_02,2023,8,45.52,19.37,-73.3158,4.644
Santander,Floridablanca,Estacion_15,2022,3,25.63,14.69,-74.6154,6.2081
Valle del Cauca,Cali,Estacion_01,2024,10,63.91,37.68,-74.5546,7.0903
Santander,Floridablanca,Estacion_09,2019,5,5.0,3.0,-73.0719,6.421
Boyacá,Tunja,Estacion_28,2019,2,39.13,21.1,-73.3467,6.3327
Bolívar,Cartagena,Estacion_26,2022,1,31.72,16.31,-73.6937,10.826
Huila,Neiva,Estacion_27,2024,2,36.04,16.3,-73.4133,6.7384
Santander,Floridablanca,Estacion_08,2022,4,46.01,20.26,-74.3552,4.0568
Atlántico,Soledad,Estacion_08,2019,12,64.51,40.61,-73.5053,10.7662
Antioquia,Medellín,Estacion_04,2019,6,56.98,29.22,-73.4615,8.1703
Santander,Floridablanca,Estacion_28,2022,8,27.54,14.26,-74.5351,8.9202
Bolívar,Cartagena,Estacion_12,2021,9,30.75,16.54,-74.6268,4.4688
Santander,Bucaramanga,Estacion_11,2020,6,28.48,14.16,-73.1711,5.3508
Cundinamarca,Zipaquirá,Estacion_20,2022,9,18.32,8.38,-73.9989,5.6469
Santander,Floridablanca,Estacion_24,2020,10,5.0,3.0,-74.7659,8.6319
Atlántico,Barranquilla,Estacion_26,2021,8,36.38,20.32,-74.246,8.9679
Bogotá D.C.,Bogotá,Estacion_05,2024,10,30.13,16.69,-73.2724,9.2944
Antioquia,Envigado,Estacion_27,2019,5,5.0,3.0,-73.4168,6.3884
Cundinamarca,Zipaquirá,Estacion_18,2019,1,47.32,25.74,-73.5243,7.5185
Valle del Cauca,Cali,Estacion_04,2019,1,55.73,29.33,-73.825,9.7445
Huila,Neiva,Estacion_04,2020,1,43.38,25.82,-73.0987,8.743
Boyacá,Duitama,Estacion_10,2021,7,51.89,30.51,-73.5538,10.8394
Norte de Santander,Cúcuta,Estacion_08,2018,5,44.1,25.66,-73.2901,4.0429
Boyacá,Duitama,Estacion_28,2021,9,61.92,36.67,-74.763,10.0843
Santander,Bucaramanga,Estacion_30,2019,7,37.88,15.16,-74.2845,5.8339
Valle del Cauca,Cali,Estacion_24,2018,2,65.25,36.2,-73.5217,8.5264
Valle del Cauca,Cali,Estacion_25,2023,8,46.55,29.89,-73.8074,9.8972
Huila,Neiva,Estacion_20,2024,2,36.18,18.9,-74.1674,10.6798
Huila,Neiva,Estacion_01,2024,6,47.43,30.57,-74.3947,8.4414
Cundinamarca,Soacha,Estacion_29,2022,1,69.05,34.88,-73.9603,4.7519
Antioquia,Bello,Estacion_29,2024,11,6.78,3.08,-73.5162,4.1263
Cundinamarca,Zipaquirá,Estacion_07,2022,5,16.01,7.19,-74.4665,8.2543
Atlántico,Barranquilla,Estacion_02,2018,10,56.84,28.62,-73.1082,6.6013
Boyacá,Tunja,Estacion_26,2023,1,29.05,17.22,-73.0695,9.2151
Santander,Bucaramanga,Estacion_28,2024,5,42.31,27.44,-74.0091,5.8531
Santander,Floridablanca,Estacion_11,2020,2,27.05,12.24,-73.565,4.2211
Boyacá,Duitama,Estacion_25,2024,11,17.2,10.98,-74.4216,4.5639
Huila,Neiva,Estacion_12,2019,10,35.66,18.84,-73.4478,4.5152
Cundinamarca,Zipaquirá,Estacion_16,2021,11,35.47,14.42,-73.2652,10.8878
Valle del Cauca,Cali,Estacion_17,2024,6,37.64,23.29,-74.9143,8.8653
Atlántico,Soledad,Estacion_05,2022,1,8.82,3.6,-73.4142,8.7383
Norte de Santander,Cúcuta,Estacion_11,2024,9,41.29,21.82,-74.6002,9.0054
Norte de Santander,Cúcuta,Estacion_07,2021,1,23.3,10.57,-74.057,9.2607
Valle del Cauca,Cali,Estacion_12,2022,9,31.46,15.37,-73.6162,7.1984
Norte de Santander,Cúcuta,Estacion_18,2018,4,46.58,21.62,-74.9552,8.1477
Antioquia,Bello,Estacion_01,2020,1,34.24,15.77,-73.311,6.704
Bolívar,Cartagena,Estacion_01,2018,5,15.97,8.44,-74.2844,9.0971
Antioquia,Envigado,Estacion_28,2024,12,41.48,19.19,-73.1495,4.0588
Huila,Neiva,Estacion_22,2020,3,42.36,20.32,-73.2318,8.898
Cundinamarca,Soacha,Estacion_11,2024,6,24.15,10.27,-74.6893,10.7266
Huila,Neiva,Estacion_02,2018,1,39.99,22.12,-73.6773,4.8481
Valle del Cauca,Palmira,Estacion_04,2021,7,62.98,33.3,-74.5316,5.7535
Bogotá D.C.,Bogotá,Estacion_24,2020,3,63.26,31.81,-74.8472,4.8641
Cundinamarca,Zipaquirá,Estacion_17,2018,12,37.98,15.92,-74.6706,5.4492
Bogotá D.C.,Bogotá,Estacion_14,2021,10,53.01,25.67,-74.2626,10.9086
Bolívar,Cartagena,Estacion_06,2019,9,31.13,20.11,-74.2235,6.152
Santander,Bucaramanga,Estacion_10,2020,7,8.42,5.24,-74.6496,7.5371
Bolívar,Cartagena,Estacion_22,2022,11,74.77,39.49,-73.0084,9.1127
Bogotá D.C.,Bogotá,Estacion_24,2022,6,59.65,35.24,-73.1598,10.7908
Valle del Cauca,Cali,Estacion_14,2022,4,40.93,18.2,-74.9474,7.5135
Valle del Cauca,Palmira,Estacion_10,2018,1,65.59,32.35,-74.8409,10.7023
Boyacá,Duitama,Estacion_29,2024,10,6.46,4.0,-74.2537,6.3531
Norte de Santander,Cúcuta,Estacion_19,2020,12,33.4,21.5,-74.2639,8.3589
Santander,Bucaramanga,Estacion_21,2020,3,46.19,19.96,-74.389,5.8514
Norte de Santander,Cúcuta,Estacion_30,2023,11,48.14,21.32,-73.9305,8.6421
Bogotá D.C.,Bogotá,Estacion_20,2018,11,91.42,54.28,-73.6925,5.7078
Santander,Bucaramanga,Estacion_02,2020,11,15.61,7.55,-74.0187,9.2746
Atlántico,Barranquilla,Estacion_10,2020,7,44.43,18.44,-74.8791,4.9695
Antioquia,Medellín,Estacion_01,2018,2,46.0,19.7,-74.8682,6.9701
Santander,Bucaramanga,Estacion_03,2020,4,18.31,10.43,-73.6461,10.7517
Boyacá,Duitama,Estacion_22,2022,3,38.73,22.65,-73.2169,10.7605
Bogotá D.C.,Bogotá,Estacion_14,2018,12,48.57,27.33,-73.7748,9.1522
Norte de Santander,Cúcuta,Estacion_23,2019,6,50.79,25.43,-73.8167,8.5358
Santander,Bucaramanga,Estacion_03,2019,6,51.27,26.08,-74.4201,8.3579
Bolívar,Cartagena,Estacion_23,2021,12,36.58,18.32,-74.5645,6.8761
Bogotá D.C.,Bogotá,Estacion_15,2018,2,40.59,22.91,-73.4381,8.445
Valle del Cauca,Cali,Estacion_04,2018,3,50.12,29.92,-74.0328,9.6753
Bogotá D.C.,Bogotá,Estacion_05,2019,12,35.07,19.72,-73.1804,5.4716
Norte de Santander,Cúcuta,Estacion_26,2020,4,49.26,22.32,-74.1874,10.8383
Antioquia,Bello,Estacion_13,2023,10,47.33,26.96,-73.1776,6.8932
Bolívar,Cartagena,Estacion_16,2018,2,23.38,12.88,-73.9459,9.0231
Boyacá,Tunja,Estacion_26,2018,2,22.1,11.35,-74.5202,4.4202
Atlántico,Soledad,Estacion_04,2020,11,48.72,23.98,-73.1553,6.8046
Valle del Cauca,Palmira,Estacion_10,2019,4,49.91,24.19,-73.981,9.0492
Santander,Floridablanca,Estacion_24,2022,4,40.36,20.64,-73.3751,7.2318
Norte de Santander,Cúcuta,Estacion_12,2024,1,31.78,17.85,-74.081,4.4583
Bolívar,Cartagena,Estacion_21,2020,5,34.61,14.27,-74.6877,7.4114
Santander,Floridablanca,Estacion_06,2020,5,49.95,30.29,-74.188,6.9944
Bogotá D.C.,Bogotá,Estacion_10,2022,7,50.56,29.51,-74.7665,7.77
Antioquia,Bello,Estacion_03,2022,3,33.48,18.79,-74.4083,7.1178
Santander,Floridablanca,Estacion_15,2022,12,11.22,5.31,-73.5995,7.2397
Atlántico,Barranquilla,Estacion_21,2023,11,49.47,29.72,-73.9601,6.2235
Bolívar,Cartagena,Estacion_28,2020,2,45.84,27.73,-73.4177,5.941
Boyacá,Duitama,Estacion_22,2021,10,8.78,5.1,-73.7977,9.0343
Bolívar,Cartagena,Estacion_21,2018,5,42.3,23.59,-74.2534,10.781
Bogotá D.C.,Bogotá,Estacion_03,2021,4,73.91,38.26,-73.0769,8.1143
Antioquia,Envigado,Estacion_06,2022,11,55.9,30.11,-74.2362,8.8346
Santander,Bucaramanga,Estacion_12,2020,6,42.9,18.9,-73.2975,4.7322
Bolívar,Cartagena,Estacion_21,2022,6,5.0,3.0,-74.688,8.5506
Santander,Bucaramanga,Estacion_25,2023,5,37.73,19.86,-74.7295,5.0775
Valle del Cauca,Cali,Estacion_02,2020,2,57.63,27.27,-73.8583,4.2937
Valle del Cauca,Palmira,Estacion_11,2019,12,81.38,47.29,-73.9729,6.9356
Huila,Neiva,Estacion_15,2019,8,45.65,20.2,-74.9329,8.015
Valle del Cauca,Cali,Estacion_24,2022,6,32.26,19.27,-74.8816,9.1273
Cundinamarca,Zipaquirá,Estacion_02,2021,10,53.33,26.51,-73.7433,8.7112
Boyacá,Duitama,Estacion_09,2023,6,45.56,24.83,-74.4712,4.7244
Bogotá D.C.,Bogotá,Estacion_26,2023,3,56.27,30.52,-74.0167,9.2272
Santander,Bucaramanga,Estacion_26,2021,3,35.31,21.51,-74.7604,10.7427
Bolívar,Cartagena,Estacion_04,2022,7,44.63,23.13,-73.4146,10.234
Cundinamarca,Soacha,Estacion_11,2022,7,31.27,14.62,-73.4068,5.8934
Valle del Cauca,Cali,Estacion_02,2021,1,63.42,28.81,-73.4199,4.3168
Bolívar,Cartagena,Estacion_06,2019,3,24.36,15.41,-73.8051,6.3273
Norte de Santander,Cúcuta,Estacion_24,2021,8,30.68,19.42,-74.6712,9.0934
Bogotá D.C.,Bogotá,Estacion_16,2024,7,74.95,46.22,-74.0996,5.494
Norte de Santander,Cúcuta,Estacion_04,2018,2,32.76,19.71,-74.9338,6.4505
Huila,Neiva,Estacion_07,2022,4,9.47,4.14,-74.0691,6.348
Santander,Floridablanca,Estacion_26,2022,1,64.28,32.1,-74.5157,5.3098
Santander,Floridablanca,Estacion_18,2020,7,63.24,39.94,-73.5742,6.9268
Cundinamarca,Zipaquirá,Estacion_11,2023,5,41.25,17.84,-73.8289,5.3747
Huila,Neiva,Estacion_02,2019,2,44.61,22.09,-73.5175,8.2886
Bogotá D.C.,Bogotá,Estacion_16,2023,7,37.93,16.58,-73.7786,6.9909
Boyacá,Duitama,Estacion_10,2018,10,34.72,16.19,-74.0214,10.0681
Valle del Cauca,Palmira,Estacion_15,2018,6,19.91,9.56,-73.443,9.8241
Atlántico,Soledad,Estacion_27,2019,5,25.54,12.29,-73.0184,6.7806
Santander,Floridablanca,Estacion_28,2018,2,42.15,23.03,-74.9373,6.8322
Cundinamarca,Soacha,Estacion_06,2024,3,26.99,11.28,-74.7693,9.6996
Norte de Santander,Cúcuta,Estacion_04,2019,6,19.68,10.84,-74.6573,7.1787
Huila,Neiva,Estacion_13,2022,5,58.89,25.48,-73.3038,4.9942
Boyacá,Tunja,Estacion_18,2020,2,26.25,14.12,-74.3393,10.0275
Cundinamarca,Soacha,Estacion_16,2021,6,31.19,17.7,-73.2743,10.5037
Norte de Santander,Cúcuta,Estacion_14,2021,1,26.94,14.14,-73.8807,5.6443
Santander,Bucaramanga,Estacion_17,2019,12,38.84,20.5,-74.2153,8.4486
Boyacá,Tunja,Estacion_28,2021,7,25.91,13.75,-74.2349,7.6237
Norte de Santander,Cúcuta,Estacion_16,2022,6,25.39,10.32,-74.6272,5.0018
Boyacá,Tunja,Estacion_20,2019,12,40.51,20.35,-73.3716,5.9664
Bogotá D.C.,Bogotá,Estacion_18,2018,4,59.3,25.83,-74.7771,9.6313
Santander,Floridablanca,Estacion_27,2019,8,24.89,15.11,-74.5447,5.228
Valle del Cauca,Palmira,Estacion_24,2023,9,27.94,12.28,-73.3535,9.19
Valle del Cauca,Cali,Estacion_24,2023,4,37.9,22.09,-73.2557,7.5753
Valle del Cauca,Palmira,Estacion_01,2023,8,61.67,39.96,-73.342,8.282
Antioquia,Envigado,Estacion_30,2023,7,64.68,40.75,-73.6704,4.1782
Norte de Santander,Cúcuta,Estacion_20,2022,9,33.08,18.4,-74.5378,9.0622
Bolívar,Cartagena,Estacion_09,2024,5,23.45,11.31,-74.746,7.3873
Huila,Neiva,Estacion_05,2021,8,35.88,20.66,-73.5879,5.2561
Valle del Cauca,Cali,Estacion_26,2020,6,56.56,27.15,-73.4457,6.7465
Huila,Neiva,Estacion_25,2024,3,5.1,3.0,-74.8068,8.9324
Cundinamarca,Zipaquirá,Estacion_27,2023,2,21.68,10.96,-73.9067,5.2144
Santander,Floridablanca,Estacion_29,2018,4,39.94,24.1,-74.9907,9.1481
Boyacá,Duitama,Estacion_11,2024,3,49.99,28.01,-74.1878,9.2071
Bolívar,Cartagena,Estacion_22,2018,9,63.43,27.51,-74.9924,5.0853
Huila,Neiva,Estacion_19,2023,2,51.99,27.78,-73.0532,6.3073
Boyacá,Tunja,Estacion_25,2021,4,13.92,8.55,-74.3196,10.34
Antioquia,Bello,Estacion_15,2023,7,44.5,25.02,-74.2787,8.3404
Huila,Neiva,Estacion_20,2021,7,21.84,12.78,-74.7242,6.6477
Santander,Floridablanca,Estacion_22,2018,5,27.18,12.47,-73.6667,9.1657
Atlántico,Soledad,Estacion_05,2020,10,47.42,24.06,-74.7607,7.2754
Santander,Floridablanca,Estacion_05,2019,3,44.46,18.88,-74.6281,6.1106
Antioquia,Envigado,Estacion_26,2022,8,41.44,23.5,-73.2522,8.7773
Bogotá D.C.,Bogotá,Estacion_09,2021,4,63.37,30.52,-74.9375,5.2366
Boyacá,Tunja,Estacion_24,2022,6,59.36,27.23,-74.0521,4.1708
Boyacá,Tunja,Estacion_24,2020,2,37.26,23.9,-74.3643,6.9854
Atlántico,Soledad,Estacion_08,2018,12,29.39,16.71,-73.7344,4.4516
Cundinamarca,Soacha,Estacion_30,2024,4,37.24,21.97,-74.4776,8.3975
Boyacá,Duitama,Estacion_28,2019,4,54.61,34.75,-74.6673,6.1189
Bolívar,Cartagena,Estacion_18,2022,3,26.78,15.33,-74.7058,6.7864
Norte de Santander,Cúcuta,Estacion_19,2023,10,44.4,26.33,-73.6245,5.2161
Norte de Santander,Cúcuta,Estacion_12,2021,2,28.38,16.14,-74.1648,10.6791
Antioquia,Envigado,Estacion_22,2023,9,50.59,22.46,-73.1171,8.1785
Atlántico,Barranquilla,Estacion_30,2020,6,32.21,14.89,-74.1635,4.6987
Atlántico,Soledad,Estacion_04,2024,4,15.23,9.32,-74.8365,4.7033
Bogotá D.C.,Bogotá,Estacion_09,2019,4,63.6,25.76,-73.4953,9.553
Atlántico,Soledad,Estacion_16,2018,3,23.37,9.37,-73.7891,10.4009
Boyacá,Tunja,Estacion_26,2018,3,35.13,15.0,-73.4211,9.7071
Huila,Neiva,Estacion_28,2018,11,26.99,13.84,-73.0254,6.9833
Valle del Cauca,Cali,Estacion_09,2018,9,32.13,17.77,-74.8696,9.2914
Antioquia,Envigado,Estacion_13,2021,9,53.96,25.81,-73.621,7.9074
Santander,Floridablanca,Estacion_09,2018,2,25.43,14.03,-74.7124,6.5454
Atlántico,Barranquilla,Estacion_15,2020,6,38.55,23.5,-74.1311,6.0647
Atlántico,Soledad,Estacion_02,2019,10,23.9,14.78,-74.7486,6.6505
Boyacá,Duitama,Estacion_12,2021,7,43.86,23.92,-74.822,4.9067
Bogotá D.C.,Bogotá,Estacion_13,2019,7,35.88,14.86,-73.9811,8.5243
Valle del Cauca,Cali,Estacion_07,2018,4,63.82,33.69,-73.2119,10.0174
Atlántico,Soledad,Estacion_18,2023,11,51.76,29.39,-73.7648,4.7565
Huila,Neiva,Estacion_29,2024,8,19.87,10.49,-74.2164,9.6059
Huila,Neiva,Estacion_05,2020,12,44.7,25.11,-73.0235,5.5861
Cundinamarca,Soacha,Estacion_14,2021,3,28.23,14.55,-74.7683,9.6534
Boyacá,Tunja,Estacion_21,2020,10,34.89,20.56,-74.3058,5.3669
Santander,Floridablanca,Estacion_26,2018,7,25.78,12.48,-73.4431,4.8993
Santander,Floridablanca,Estacion_08,2024,1,19.3,10.65,-73.538,8.9271
Norte de Santander,Cúcuta,Estacion_11,2023,11,32.27,14.56,-73.3344,8.3137
Atlántico,Barranquilla,Estacion_10,2022,12,51.09,21.95,-74.6822,4.4986
Santander,Floridablanca,Estacion_24,2024,1,20.34,10.12,-74.3774,4.9982
Boyacá,Duitama,Estacion_09,2018,5,26.97,10.94,-73.444,5.1122
Bolívar,Cartagena,Estacion_30,2024,1,38.46,19.83,-74.2393,9.6945
Atlántico,Barranquilla,Estacion_15,2024,11,45.88,28.46,-73.8593,8.2536
Boyacá,Tunja,Estacion_22,2023,1,21.95,12.38,-73.4669,10.7635
Antioquia,Envigado,Estacion_28,2020,1,27.52,14.36,-73.3469,10.764
Santander,Floridablanca,Estacion_04,2020,12,42.27,24.73,-74.002,7.5936
Huila,Neiva,Estacion_05,2018,10,36.95,16.11,-74.3646,9.2994
Atlántico,Barranquilla,Estacion_01,2019,10,33.28,19.83,-74.8127,7.0884
Bolívar,Cartagena,Estacion_20,2022,1,30.8,17.77,-73.0016,6.254
Atlántico,Soledad,Estacion_17,2019,12,26.56,17.0,-74.0109,7.3606
Santander,Floridablanca,Estacion_13,2022,5,27.27,12.84,-73.3506,5.6232
Atlántico,Barranquilla,Estacion_25,2024,11,5.46,3.39,-73.267,6.3985
Huila,Neiva,Estacion_07,2023,5,23.71,12.81,-73.416,7.9141
Santander,Bucaramanga,Estacion_07,2018,2,30.8,17.42,-73.4203,8.6304
Santander,Bucaramanga,Estacion_07,2020,11,37.23,21.82,-74.5138,10.9675
Antioquia,Bello,Estacion_22,2021,12,66.48,29.98,-73.5634,8.5599
Bogotá D.C.,Bogotá,Estacion_04,2022,12,29.2,17.75,-74.8003,9.9545
Valle del Cauca,Cali,Estacion_26,2021,11,63.74,28.12,-74.5605,7.6966
Cundinamarca,Zipaquirá,Estacion_21,2023,9,36.69,15.72,-74.8301,9.6391
Bogotá D.C.,Bogotá,Estacion_05,2024,4,74.99,48.69,-73.6402,10.3688
Valle del Cauca,Palmira,Estacion_15,2022,6,39.21,19.19,-74.3808,8.6155
Antioquia,Envigado,Estacion_21,2023,4,15.88,8.14,-74.6304,6.7348
Huila,Neiva,Estacion_06,2020,1,61.78,34.96,-74.5369,8.9167
Huila,Neiva,Estacion_02,2019,2,21.37,8.95,-74.3584,8.2504
Huila,Neiva,Estacion_21,2019,10,37.17,21.14,-73.4658,4.9691
Cundinamarca,Soacha,Estacion_20,2020,4,16.0,10.16,-73.3364,4.1719
Bolívar,Cartagena,Estacion_08,2019,9,25.12,11.21,-74.232,10.9047
Atlántico,Soledad,Estacion_18,2023,1,49.58,26.98,-74.2176,8.3101
Valle del Cauca,Cali,Estacion_18,2020,9,32.35,15.62,-74.6352,4.514
Antioquia,Envigado,Estacion_23,2023,11,26.51,15.73,-73.8989,6.1703
Huila,Neiva,Estacion_01,2021,5,44.74,18.53,-74.7903,9.0947
Norte de Santander,Cúcuta,Estacion_01,2019,11,39.63,22.31,-74.0875,8.3074
Bogotá D.C.,Bogotá,Estacion_12,2024,5,61.45,34.21,-73.1236,7.7073
Huila,Neiva,Estacion_01,2019,3,47.0,27.3,-74.5409,7.4075
Norte de Santander,Cúcuta,Estacion_02,2019,10,35.47,18.21,-73.8091,9.7228
Bolívar,Cartagena,Estacion_12,2018,3,19.8,11.11,-74.0123,8.2507
Atlántico,Barranquilla,Estacion_23,2018,3,42.0,18.46,-74.793,6.7099
Cundinamarca,Soacha,Estacion_04,2019,8,33.03,20.26,-74.5718,6.551
Boyacá,Tunja,Estacion_21,2022,6,43.65,27.96,-73.1265,6.7843
Antioquia,Envigado,Estacion_06,2022,12,25.67,14.01,-73.5321,6.1276
Santander,Bucaramanga,Estacion_25,2020,8,52.98,26.02,-74.5839,7.0729
Atlántico,Soledad,Estacion_25,2022,12,44.23,28.32,-73.1296,9.3875
Boyacá,Duitama,Estacion_30,2020,8,33.78,17.2,-73.8329,10.2906
Boyacá,Duitama,Estacion_16,2023,1,26.64,16.39,-73.1179,4.3658
Bolívar,Cartagena,Estacion_30,2020,6,52.33,21.8,-74.2519,8.4881
Boyacá,Tunja,Estacion_28,2024,6,20.86,9.96,-74.6686,5.8364
Huila,Neiva,Estacion_20,2020,1,43.62,26.7,-73.9091,9.4961
Santander,Floridablanca,Estacion_14,2024,1,27.56,12.54,-73.5918,9.7323
Valle del Cauca,Palmira,Estacion_02,2023,5,26.79,11.67,-74.0706,4.0004
Valle del Cauca,Cali,Estacion_21,2022,3,51.7,30.7,-74.5516,4.0875
Huila,Neiva,Estacion_09,2023,7,43.43,28.0,-73.2423,4.9409
Bolívar,Cartagena,Estacion_08,2020,12,60.02,31.68,-74.4729,9.971
Antioquia,Bello,Estacion_22,2018,3,52.22,29.67,-73.1043,5.9306
Norte de Santander,Cúcuta,Estacion_24,2022,6,38.5,23.73,-74.337,10.0459
Santander,Bucaramanga,Estacion_14,2022,6,55.92,25.48,-74.3036,9.3326
Huila,Neiva,Estacion_05,2019,9,30.31,14.56,-74.7405,4.0491
Bogotá D.C.,Bogotá,Estacion_18,2018,8,33.72,19.84,-74.085,9.363
Antioquia,Medellín,Estacion_10,2022,7,36.11,14.67,-73.9144,9.0259
Bogotá D.C.,Bogotá,Estacion_22,2018,5,70.8,41.62,-73.7897,6.7266
Antioquia,Envigado,Estacion_21,2021,11,40.2,24.59,-74.2757,7.4353
Norte de Santander,Cúcuta,Estacion_09,2023,5,33.74,16.51,-73.5292,5.1762
Bogotá D.C.,Bogotá,Estacion_06,2018,11,33.84,17.88,-73.9093,10.4835
Cundinamarca,Zipaquirá,Estacion_09,2022,1,34.3,20.86,-73.9056,5.2185
Boyacá,Tunja,Estacion_23,2020,5,69.39,29.85,-74.9037,5.4354
Boyacá,Duitama,Estacion_25,2021,1,67.06,43.29,-73.2903,9.7988
Huila,Neiva,Estacion_22,2018,11,8.25,4.17,-74.4488,5.4788
Boyacá,Tunja,Estacion_06,2024,9,53.95,25.12,-73.2755,5.4349
Huila,Neiva,Estacion_25,2024,6,22.84,14.67,-74.0312,9.1594
Cundinamarca,Soacha,Estacion_29,2019,7,27.5,15.12,-73.6874,9.7444
Cundinamarca,Zipaquirá,Estacion_20,2018,7,57.12,32.06,-74.0053,4.8709
Bogotá D.C.,Bogotá,Estacion_23,2019,6,38.06,21.49,-74.9457,8.3674
Santander,Floridablanca,Estacion_19,2023,7,23.29,13.86,-74.589,5.8264
Santander,Bucaramanga,Estacion_18,2020,11,28.22,15.95,-74.5991,7.3366
Huila,Neiva,Estacion_19,2023,2,35.85,18.58,-73.5865,7.4861
Bogotá D.C.,Bogotá,Estacion_18,2022,2,73.14,41.37,-73.2899,8.7654
Antioquia,Envigado,Estacion_08,2019,8,11.33,7.18,-74.5831,4.6563
Atlántico,Barranquilla,Estacion_09,2018,11,15.39,9.64,-74.9751,7.2572
Antioquia,Medellín,Estacion_16,2022,8,37.13,17.13,-73.9802,9.3162
Huila,Neiva,Estacion_27,2022,12,19.58,8.17,-73.6499,5.2052
Bogotá D.C.,Bogotá,Estacion_06,2018,5,54.72,25.16,-74.3639,8.2261
Norte de Santander,Cúcuta,Estacion_14,2020,10,47.26,23.08,-74.7772,9.3122
Santander,Bucaramanga,Estacion_22,2024,6,55.04,22.22,-73.4365,8.424
Norte de Santander,Cúcuta,Estacion_06,2019,5,33.95,20.07,-74.0029,8.9455
Norte de Santander,Cúcuta,Estacion_28,2023,2,36.25,17.0,-74.4851,5.5692
Bogotá D.C.,Bogotá,Estacion_24,2023,8,71.03,34.31,-73.3863,4.6362
Atlántico,Barranquilla,Estacion_08,2020,9,46.52,20.51,-74.6755,4.5719
Boyacá,Tunja,Estacion_20,2023,8,45.18,25.03,-73.8939,10.995
Cundinamarca,Soacha,Estacion_03,2018,7,36.9,15.25,-74.6717,7.5991
Antioquia,Medellín,Estacion_09,2018,8,34.42,20.99,-73.6872,7.029
Boyacá,Tunja,Estacion_13,2019,10,52.5,24.22,-73.5525,4.3068
Antioquia,Medellín,Estacion_08,2020,5,53.14,33.53,-74.246,10.4335
Huila,Neiva,Estacion_01,2022,3,37.65,22.83,-74.4294,10.5835
Huila,Neiva,Estacion_12,2020,11,29.36,18.43,-73.8321,9.147
Bolívar,Cartagena,Estacion_12,2020,8,47.09,27.82,-74.4223,5.7549
Santander,Bucaramanga,Estacion_22,2018,8,16.63,10.13,-74.1761,7.9831
Huila,Neiva,Estacion_09,2024,7,21.07,10.01,-74.3897,8.8564
Boyacá,Duitama,Estacion_10,2022,2,62.1,37.23,-73.5215,5.1204
Valle del Cauca,Palmira,Estacion_10,2021,6,74.72,46.61,-74.5,10.8684
Bolívar,Cartagena,Estacion_05,2018,4,11.56,7.34,-74.8042,9.438
Huila,Neiva,Estacion_11,2020,9,37.03,19.3,-73.2091,4.9275
Bolívar,Cartagena,Estacion_12,2020,3,45.23,19.94,-74.7688,10.9687
Bogotá D.C.,Bogotá,Estacion_28,2022,11,53.98,28.0,-74.6391,10.8226
Bolívar,Cartagena,Estacion_02,2021,5,59.47,37.38,-73.8016,6.4188
Bolívar,Cartagena,Estacion_22,2018,7,35.95,22.62,-73.7917,8.6483
Norte de Santander,Cúcuta,Estacion_15,2019,4,45.93,29.35,-74.6814,10.9456
Norte de Santander,Cúcuta,Estacion_30,2022,4,51.31,25.1,-73.1423,10.2478
Valle del Cauca,Palmira,Estacion_08,2019,2,49.55,23.3,-73.0244,9.3611
Antioquia,Envigado,Estacion_02,2022,9,24.81,14.3,-73.8432,10.8127
Antioquia,Envigado,Estacion_04,2018,10,49.66,27.57,-74.6373,4.8407
Norte de Santander,Cúcuta,Estacion_10,2019,11,46.51,20.94,-73.1635,9.2165
Boyacá,Duitama,Estacion_07,2024,5,35.15,15.78,-74.4324,8.7403
Antioquia,Envigado,Estacion_15,2019,11,39.81,25.14,-73.8698,10.6041
Valle del Cauca,Palmira,Estacion_05,2020,4,57.8,37.15,-73.3273,4.2235
Bogotá D.C.,Bogotá,Estacion_22,2023,8,50.61,23.96,-74.5452,8.6036
Bolívar,Cartagena,Estacion_10,2020,8,49.39,25.96,-73.322,9.1572
Bolívar,Cartagena,Estacion_29,2019,2,42.68,22.36,-73.3776,10.597
Cundinamarca,Soacha,Estacion_02,2019,5,30.18,18.5,-73.8622,7.5218
Valle del Cauca,Palmira,Estacion_25,2019,5,42.32,17.32,-74.2322,8.0803
Antioquia,Bello,Estacion_05,2024,9,55.28,25.02,-74.82,9.4196
Bolívar,Cartagena,Estacion_17,2022,6,46.99,28.83,-74.8873,4.7461
Norte de Santander,Cúcuta,Estacion_02,2020,5,44.51,21.11,-74.9583,5.0075
Bolívar,Cartagena,Estacion_02,2018,11,42.05,20.91,-74.321,7.2995
Antioquia,Medellín,Estacion_02,2018,4,27.04,13.42,-74.178,7.7621
Bolívar,Cartagena,Estacion_08,2022,8,46.02,21.52,-73.4041,10.8007
Antioquia,Envigado,Estacion_23,2022,5,34.57,20.76,-74.2678,4.5217
Cundinamarca,Soacha,Estacion_28,2018,3,50.71,21.27,-74.6821,6.8493
Bolívar,Cartagena,Estacion_11,2024,2,47.53,20.12,-73.8085,7.6491
Bogotá D.C.,Bogotá,Estacion_25,2023,2,62.37,25.33,-74.9259,9.4763
Santander,Bucaramanga,Estacion_22,2020,3,39.78,24.5,-74.6952,5.1181
Santander,Floridablanca,Estacion_11,2024,12,26.79,12.21,-74.8463,8.2134
Santander,Floridablanca,Estacion_12,2022,1,19.52,8.81,-74.3233,6.485
Santander,Bucaramanga,Estacion_27,2019,8,57.32,29.19,-74.0962,6.6878
Valle del Cauca,Cali,Estacion_14,2023,8,85.63,44.81,-73.712,8.1163
Santander,Floridablanca,Estacion_25,2020,3,35.48,20.9,-73.6158,6.5202
Cundinamarca,Zipaquirá,Estacion_05,2020,5,22.49,12.39,-73.9352,6.6281
Atlántico,Soledad,Estacion_03,2022,11,38.84,21.82,-74.4199,9.2551
Norte de Santander,Cúcuta,Estacion_30,2019,2,33.1,14.14,-74.9072,6.4358
Boyacá,Tunja,Estacion_29,2022,10,11.43,4.85,-73.5157,9.1173
Boyacá,Duitama,Estacion_26,2019,5,59.94,24.05,-74.3054,8.7361
Santander,Bucaramanga,Estacion_27,2023,8,14.73,8.48,-74.1682,7.8364
Norte de Santander,Cúcuta,Estacion_11,2022,12,18.0,10.57,-73.2152,10.9023
Atlántico,Soledad,Estacion_09,2020,5,24.08,14.24,-74.1021,7.9561
Bolívar,Cartagena,Estacion_05,2020,12,22.82,10.8,-74.676,8.0664
Bogotá D.C.,Bogotá,Estacion_07,2021,9,59.51,27.61,-73.0409,10.2034
Norte de Santander,Cúcuta,Estacion_02,2024,12,49.85,31.03,-74.0938,10.0329
Cundinamarca,Zipaquirá,Estacion_30,2019,6,37.77,16.12,-73.9401,7.8033
Cundinamarca,Zipaquirá,Estacion_17,2023,10,60.17,28.0,-74.7834,9.9228
Huila,Neiva,Estacion_22,2024,3,40.1,16.75,-73.5722,7.9388
Huila,Neiva,Estacion_15,2020,3,20.39,9.26,-73.2005,4.1419
Bogotá D.C.,Bogotá,Estacion_24,2024,10,68.14,33.83,-74.3637,9.6112
Norte de Santander,Cúcuta,Estacion_12,2021,1,31.54,15.5,-73.3707,4.2909
Atlántico,Soledad,Estacion_03,2019,11,31.26,14.94,-74.1853,9.5327
Antioquia,Envigado,Estacion_16,2019,12,30.96,16.75,-73.0602,6.0228
Bogotá D.C.,Bogotá,Estacion_14,2021,6,51.03,29.6,-74.6926,9.11
Norte de Santander,Cúcuta,Estacion_02,2018,2,34.52,17.74,-73.3351,10.1925
Atlántico,Soledad,Estacion_01,2022,8,44.45,27.04,-73.8179,7.8632
Bolívar,Cartagena,Estacion_16,2019,11,41.99,17.9,-74.1677,7.9978
Valle del Cauca,Palmira,Estacion_12,2022,3,30.24,12.42,-73.061,8.4609
Bolívar,Cartagena,Estacion_10,2018,1,35.94,19.72,-74.0761,4.4409
Atlántico,Barranquilla,Estacion_12,2023,11,29.35,17.2,-74.8573,4.0608
Antioquia,Medellín,Estacion_17,2020,4,20.98,12.64,-74.918,7.4974
Bogotá D.C.,Bogotá,Estacion_01,2019,3,60.57,32.7,-74.5636,10.8515
Huila,Neiva,Estacion_11,2018,12,40.52,16.57,-73.1546,9.8256
Norte de Santander,Cúcuta,Estacion_24,2021,10,38.95,21.31,-74.9896,6.6742
Bolívar,Cartagena,Estacion_20,2022,8,46.19,28.21,-74.9207,10.8651
Santander,Floridablanca,Estacion_03,2018,7,36.22,15.84,-74.6964,4.7845
Cundinamarca,Zipaquirá,Estacion_25,2019,10,44.36,28.13,-73.9863,6.703
Cundinamarca,Zipaquirá,Estacion_05,2018,2,48.86,30.14,-74.6881,6.2873
Santander,Floridablanca,Estacion_11,2020,1,24.69,15.88,-73.5878,10.4649
Valle del Cauca,Cali,Estacion_28,2022,11,57.98,34.78,-73.727,4.3528
Bolívar,Cartagena,Estacion_20,2024,6,33.16,13.28,-73.2397,6.0608
Santander,Bucaramanga,Estacion_14,2019,4,44.2,18.95,-74.0741,6.2424
Norte de Santander,Cúcuta,Estacion_16,2018,11,32.93,21.09,-74.6927,5.082
Cundinamarca,Soacha,Estacion_23,2019,10,37.54,17.22,-73.4437,6.9072
Cundinamarca,Zipaquirá,Estacion_09,2020,9,27.49,17.07,-74.6442,9.2189
Norte de Santander,Cúcuta,Estacion_16,2019,10,66.3,41.41,-73.7757,5.6127
Huila,Neiva,Estacion_14,2021,8,47.8,28.17,-74.126,7.9736
Bogotá D.C.,Bogotá,Estacion_26,2023,10,70.76,39.09,-74.8599,10.8652
Bogotá D.C.,Bogotá,Estacion_26,2023,8,17.44,8.79,-73.3565,8.1675
Santander,Floridablanca,Estacion_21,2022,5,31.48,15.3,-74.0764,10.6261
Atlántico,Soledad,Estacion_04,2020,4,5.0,3.0,-74.0688,9.2247
Atlántico,Barranquilla,Estacion_17,2024,8,36.04,21.47,-74.653,7.2791
Cundinamarca,Zipaquirá,Estacion_11,2020,12,26.64,14.21,-74.4209,7.4973
Santander,Floridablanca,Estacion_14,2023,5,28.38,11.77,-73.2155,4.2105
Bogotá D.C.,Bogotá,Estacion_21,2018,5,58.55,29.51,-73.4864,10.2474
Huila,Neiva,Estacion_12,2019,9,44.2,28.49,-74.7271,5.7419
Boyacá,Tunja,Estacion_07,2020,7,34.42,17.36,-73.3819,10.9009
Norte de Santander,Cúcuta,Estacion_27,2020,8,28.92,18.09,-74.7025,4.0371
Atlántico,Barranquilla,Estacion_04,2019,4,23.79,14.33,-74.0665,6.777
Huila,Neiva,Estacion_29,2020,11,5.0,3.0,-74.3786,4.624
Antioquia,Bello,Estacion_24,2024,9,45.66,19.5,-74.2391,5.0763
Antioquia,Bello,Estacion_08,2022,5,38.12,18.66,-74.0747,9.057
Cundinamarca,Zipaquirá,Estacion_02,2022,2,39.95,19.74,-73.2033,7.1394
Boyacá,Tunja,Estacion_12,2021,12,14.25,6.19,-73.2565,6.5945
Bogotá D.C.,Bogotá,Estacion_02,2018,11,37.47,17.47,-74.5581,4.2484
Bolívar,Cartagena,Estacion_08,2019,1,29.02,15.71,-74.7079,8.5027
Atlántico,Barranquilla,Estacion_27,2023,9,22.82,10.12,-73.273,10.5397
Cundinamarca,Zipaquirá,Estacion_14,2023,4,32.66,15.59,-74.8417,4.4298
Boyacá,Tunja,Estacion_28,2022,9,28.51,17.57,-73.2402,7.3302
Antioquia,Bello,Estacion_04,2020,3,6.02,3.0,-74.5585,9.5588
Santander,Floridablanca,Estacion_29,2018,5,48.22,30.63,-73.9876,5.4124
Norte de Santander,Cúcuta,Estacion_14,2021,5,32.93,17.62,-73.8099,6.1908
Santander,Bucaramanga,Estacion_12,2022,5,27.21,15.35,-74.4809,7.9035
Huila,Neiva,Estacion_16,2020,3,45.52,23.72,-73.3528,8.5618
Boyacá,Duitama,Estacion_30,2022,9,5.0,3.18,-73.9136,5.3099
Santander,Floridablanca,Estacion_12,2023,5,56.47,26.53,-74.7558,4.066
Santander,Floridablanca,Estacion_04,2018,8,38.59,19.73,-74.3566,5.9584
Atlántico,Barranquilla,Estacion_24,2020,8,29.56,14.66,-74.7439,9.2085
Huila,Neiva,Estacion_28,2024,4,16.94,7.78,-74.3232,5.6887
Bogotá D.C.,Bogotá,Estacion_24,2023,11,73.33,46.61,-73.8103,10.0246
Valle del Cauca,Palmira,Estacion_13,2023,4,38.39,23.25,-73.6636,5.5274
Valle del Cauca,Palmira,Estacion_06,2020,6,28.91,12.45,-73.0004,9.1666
Antioquia,Medellín,Estacion_15,2020,2,29.47,15.4,-73.6659,6.5539
Atlántico,Soledad,Estacion_05,2020,10,29.78,12.56,-74.1425,6.1632
Atlántico,Soledad,Estacion_29,2022,8,29.3,12.23,-73.1364,5.6169
Huila,Neiva,Estacion_12,2023,11,15.19,9.54,-73.172,9.4842
Santander,Bucaramanga,Estacion_11,2021,3,33.32,19.34,-74.0322,8.2764
Santander,Bucaramanga,Estacion_22,2024,4,44.8,26.51,-74.9996,8.1963
Valle del Cauca,Palmira,Estacion_22,2022,11,43.3,22.47,-74.4135,8.6665
Bolívar,Cartagena,Estacion_11,2018,6,38.81,23.19,-74.9057,8.1295
Boyacá,Tunja,Estacion_27,2021,7,56.62,31.37,-74.7923,10.5326
Valle del Cauca,Palmira,Estacion_28,2023,7,29.89,12.54,-74.4287,8.003
Atlántico,Barranquilla,Estacion_25,2018,2,32.82,15.75,-73.4864,8.9526
Boyacá,Duitama,Estacion_01,2019,7,34.93,18.49,-74.2136,8.8523
Bogotá D.C.,Bogotá,Estacion_25,2021,4,39.79,22.73,-73.5206,7.849
Valle del Cauca,Cali,Estacion_20,2023,2,33.8,19.39,-74.8763,7.0815
Atlántico,Soledad,Estacion_03,2023,11,41.17,19.46,-74.4217,6.2492
Santander,Floridablanca,Estacion_30,2024,4,51.47,24.35,-74.3261,8.7282
Bolívar,Cartagena,Estacion_16,2020,2,38.1,21.41,-74.413,6.9408
Boyacá,Tunja,Estacion_17,2019,2,26.83,11.91,-74.2662,10.0155
Atlántico,Soledad,Estacion_07,2018,6,40.83,20.99,-74.2936,8.8125
Cundinamarca,Zipaquirá,Estacion_28,2018,8,44.65,27.98,-74.3269,7.1954
Cundinamarca,Zipaquirá,Estacion_14,2018,7,34.98,19.03,-73.6524,4.135
Boyacá,Tunja,Estacion_14,2018,1,16.75,8.26,-73.281,9.1467
Valle del Cauca,Palmira,Estacion_25,2020,8,58.97,25.17,-73.5817,4.4488
Santander,Bucaramanga,Estacion_22,2024,5,40.39,19.02,-73.3124,6.2285
Cundinamarca,Soacha,Estacion_01,2018,2,50.12,26.97,-73.6272,4.0541
Norte de Santander,Cúcuta,Estacion_04,2021,11,41.51,17.87,-74.569,8.739
Valle del Cauca,Palmira,Estacion_03,2022,2,83.26,45.29,-74.5592,9.8871
Antioquia,Envigado,Estacion_18,2021,10,45.7,18.31,-73.3047,10.6857
Bolívar,Cartagena,Estacion_15,2021,12,46.2,18.57,-73.9772,10.7565
Cundinamarca,Zipaquirá,Estacion_22,2024,6,34.97,15.13,-73.8058,4.6056
Valle del Cauca,Cali,Estacion_06,2022,2,50.82,32.87,-74.1926,7.0554
Antioquia,Bello,Estacion_16,2019,2,42.88,25.38,-74.0782,6.0275
Atlántico,Barranquilla,Estacion_08,2020,3,62.91,36.38,-73.4138,7.4224
Cundinamarca,Soacha,Estacion_26,2024,6,28.79,15.06,-73.6815,4.4383
Norte de Santander,Cúcuta,Estacion_11,2021,7,44.44,24.73,-74.3249,6.6836
Huila,Neiva,Estacion_15,2019,8,46.07,24.59,-74.6114,5.2051
Antioquia,Envigado,Estacion_07,2020,2,42.59,19.53,-74.3325,5.3148
Santander,Floridablanca,Estacion_01,2023,8,27.46,16.79,-73.0776,7.0868
Bolívar,Cartagena,Estacion_21,2023,5,53.64,27.19,-74.3694,8.962
Norte de Santander,Cúcuta,Estacion_04,2022,8,43.5,24.57,-74.7885,4.8897
Boyacá,Duitama,Estacion_17,2022,8,76.25,48.77,-74.441,4.2799
Boyacá,Tunja,Estacion_07,2024,2,29.49,17.43,-74.2415,4.3772
Cundinamarca,Zipaquirá,Estacion_23,2021,10,43.63,23.59,-74.1423,9.2156
Norte de Santander,Cúcuta,Estacion_26,2020,5,17.69,8.09,-74.8264,6.3762
Atlántico,Barranquilla,Estacion_09,2024,2,37.26,15.14,-74.2627,7.2111
Valle del Cauca,Palmira,Estacion_14,2024,7,42.17,25.02,-73.2466,9.726
Bogotá D.C.,Bogotá,Estacion_29,2022,4,67.16,33.17,-73.2901,7.409
Santander,Floridablanca,Estacion_28,2018,1,55.7,31.8,-74.4961,8.0979
Antioquia,Envigado,Estacion_25,2024,2,10.71,5.68,-73.0275,4.3848
Bogotá D.C.,Bogotá,Estacion_22,2020,1,47.96,25.31,-74.0453,8.7892
Bolívar,Cartagena,Estacion_22,2023,3,27.18,16.41,-73.1696,5.4782
Bogotá D.C.,Bogotá,Estacion_13,2021,5,65.44,41.66,-73.1358,7.3242
Norte de Santander,Cúcuta,Estacion_23,2023,10,21.41,11.06,-73.9018,10.9163
Boyacá,Duitama,Estacion_20,2023,6,15.69,6.61,-74.4155,8.1915
Bolívar,Cartagena,Estacion_14,2018,11,39.29,24.24,-74.8917,6.629
Valle del Cauca,Cali,Estacion_21,2023,10,55.29,31.09,-73.2885,9.4685
Atlántico,Barranquilla,Estacion_25,2021,11,28.62,15.15,-74.2046,7.6416
Cundinamarca,Zipaquirá,Estacion_05,2018,1,39.72,25.22,-74.3381,8.4903
Bogotá D.C.,Bogotá,Estacion_30,2019,5,81.9,38.34,-74.6632,9.1403
Cundinamarca,Zipaquirá,Estacion_28,2018,4,36.99,20.0,-73.7996,7.3347
Bogotá D.C.,Bogotá,Estacion_23,2023,10,60.44,34.59,-73.0123,7.7796
Huila,Neiva,Estacion_25,2023,10,22.43,10.75,-73.957,6.9691
Bolívar,Cartagena,Estacion_03,2019,12,36.76,21.61,-74.1027,7.4364
Valle del Cauca,Cali,Estacion_21,2024,4,40.25,16.79,-74.4385,5.5868
Antioquia,Bello,Estacion_24,2019,11,53.21,33.47,-73.7461,8.7877
Santander,Floridablanca,Estacion_08,2018,3,57.67,23.53,-73.4681,8.0388
Bogotá D.C.,Bogotá,Estacion_02,2024,1,33.91,15.93,-73.0459,7.1581
Atlántico,Soledad,Estacion_23,2020,3,55.07,31.98,-74.5645,5.4319
Valle del Cauca,Palmira,Estacion_03,2020,11,33.78,20.28,-73.8553,7.3764
Cundinamarca,Soacha,Estacion_28,2018,8,38.54,23.64,-73.6814,9.1359
Santander,Bucaramanga,Estacion_21,2022,3,18.5,7.86,-73.3687,7.4651
Bolívar,Cartagena,Estacion_18,2024,3,46.96,19.8,-74.0397,6.3596
Bogotá D.C.,Bogotá,Estacion_22,2022,7,55.2,25.18,-74.4523,4.4226
Santander,Floridablanca,Estacion_27,2018,10,53.84,34.64,-74.362,8.2723
Cundinamarca,Soacha,Estacion_16,2018,5,21.38,10.43,-74.897,6.9688
Norte de Santander,Cúcuta,Estacion_25,2022,7,48.38,29.6,-74.1166,6.6042
Bolívar,Cartagena,Estacion_04,2023,8,56.97,24.54,-74.8683,8.1351
Atlántico,Barranquilla,Estacion_16,2021,12,34.97,21.53,-73.0389,8.4585
Bogotá D.C.,Bogotá,Estacion_06,2023,8,52.98,26.81,-74.6783,5.9365
Boyacá,Tunja,Estacion_15,2022,5,35.18,22.6,-74.5612,7.8157
Norte de Santander,Cúcuta,Estacion_14,2024,5,34.94,17.68,-73.0971,9.8345
Santander,Bucaramanga,Estacion_22,2024,9,16.43,9.96,-74.3919,8.5579
Bolívar,Cartagena,Estacion_20,2023,4,46.04,26.46,-74.9846,9.0519
Valle del Cauca,Cali,Estacion_13,2022,7,51.86,26.84,-74.2557,10.9181
Bolívar,Cartagena,Estacion_26,2024,5,34.97,16.85,-73.5897,10.2791
Boyacá,Tunja,Estacion_01,2022,3,32.51,15.34,-74.9639,7.5369
Atlántico,Barranquilla,Estacion_05,2019,6,72.05,46.44,-74.2587,5.8108
Valle del Cauca,Cali,Estacion_14,2021,5,50.96,30.07,-73.856,9.8681
Boyacá,Duitama,Estacion_24,2023,11,11.98,6.12,-74.8039,9.3907
Valle del Cauca,Palmira,Estacion_14,2019,3,55.66,22.3,-73.0399,5.0655
Norte de Santander,Cúcuta,Estacion_16,2018,1,24.29,10.01,-74.4899,7.6793
Norte de Santander,Cúcuta,Estacion_09,2018,11,15.67,8.61,-73.3241,8.2883
Huila,Neiva,Estacion_22,2024,11,39.99,18.23,-73.4091,9.3606
Atlántico,Barranquilla,Estacion_24,2019,9,20.01,10.57,-73.8966,9.5753
Norte de Santander,Cúcuta,Estacion_12,2022,2,40.28,25.78,-74.5792,10.0939
Cundinamarca,Soacha,Estacion_30,2021,6,38.51,18.61,-74.0177,9.7956
Huila,Neiva,Estacion_16,2022,8,42.52,19.48,-73.7364,4.9315
Huila,Neiva,Estacion_13,2022,5,52.93,21.58,-74.6061,5.4603
Santander,Bucaramanga,Estacion_20,2024,10,25.66,14.91,-74.885,6.7623
Valle del Cauca,Cali,Estacion_14,2023,11,41.5,21.26,-74.1193,9.187
Bolívar,Cartagena,Estacion_15,2023,12,42.48,19.42,-73.7965,4.5267
Antioquia,Envigado,Estacion_02,2020,11,24.56,12.47,-73.1008,8.0191
Huila,Neiva,Estacion_07,2018,6,29.58,13.43,-74.0282,4.3003
Cundinamarca,Soacha,Estacion_09,2019,7,52.45,24.15,-74.4407,7.8927
Bolívar,Cartagena,Estacion_07,2021,6,50.85,21.72,-73.9269,9.4595
Antioquia,Envigado,Estacion_18,2024,7,35.17,15.31,-74.3977,6.8015
Boyacá,Duitama,Estacion_06,2020,8,28.83,14.44,-74.5922,7.8551
Bolívar,Cartagena,Estacion_26,2021,11,30.88,12.44,-74.7203,10.5012
Santander,Bucaramanga,Estacion_17,2023,12,22.41,12.86,-73.9507,10.1115
Bogotá D.C.,Bogotá,Estacion_19,2022,10,72.05,45.62,-73.8631,9.4889
Santander,Floridablanca,Estacion_23,2018,6,26.75,11.13,-74.4654,4.2009
Norte de Santander,Cúcuta,Estacion_24,2019,6,31.84,14.91,-73.3273,10.6592
Boyacá,Tunja,Estacion_13,2024,5,17.94,9.95,-74.2165,9.0107
Bolívar,Cartagena,Estacion_24,2022,10,24.12,10.55,-74.7172,7.005
Cundinamarca,Soacha,Estacion_25,2020,4,22.51,10.34,-74.9317,5.0343
Bogotá D.C.,Bogotá,Estacion_15,2024,6,50.69,25.59,-73.2538,10.9279
Bolívar,Cartagena,Estacion_23,2022,4,5.5,3.38,-73.6162,10.2798
Antioquia,Bello,Estacion_12,2019,9,20.54,8.27,-73.1387,7.6101
Antioquia,Medellín,Estacion_25,2018,8,49.04,23.81,-74.9872,4.1771
Huila,Neiva,Estacion_12,2020,9,45.35,24.58,-73.2668,10.2559
Valle del Cauca,Cali,Estacion_28,2020,5,40.61,25.83,-74.3226,5.4849
Valle del Cauca,Cali,Estacion_10,2023,9,69.35,31.03,-73.3966,8.0027
Boyacá,Tunja,Estacion_30,2021,7,33.84,18.31,-74.6019,10.5643
Atlántico,Barranquilla,Estacion_11,2021,10,19.58,10.19,-74.3015,8.6151
Cundinamarca,Zipaquirá,Estacion_23,2018,1,64.27,39.2,-73.3556,5.4607
Antioquia,Envigado,Estacion_26,2018,3,17.85,7.32,-73.3862,8.5369
Antioquia,Bello,Estacion_27,2019,1,32.95,18.84,-73.8442,8.2079
Norte de Santander,Cúcuta,Estacion_03,2020,6,45.9,29.83,-73.9611,8.2175
Huila,Neiva,Estacion_05,2022,10,46.95,30.07,-74.5309,9.4657
Valle del Cauca,Palmira,Estacion_02,2020,3,62.43,38.46,-73.8807,5.3285
Antioquia,Envigado,Estacion_04,2019,11,41.4,20.79,-74.4747,9.1069
Boyacá,Duitama,Estacion_11,2020,10,40.18,25.85,-74.4553,4.1082
Atlántico,Soledad,Estacion_12,2020,8,32.79,13.68,-73.4585,10.3313
Bogotá D.C.,Bogotá,Estacion_09,2022,8,44.2,21.89,-74.5499,10.0053
Bogotá D.C.,Bogotá,Estacion_13,2018,10,70.64,33.71,-73.7477,10.1012
Boyacá,Tunja,Estacion_28,2018,3,52.56,29.86,-73.5485,10.4188
Bogotá D.C.,Bogotá,Estacion_13,2023,6,30.25,15.37,-74.8894,10.8973
Boyacá,Tunja,Estacion_12,2022,1,49.85,27.96,-73.6075,6.9974
Bolívar,Cartagena,Estacion_27,2024,8,9.68,5.26,-73.0653,8.0855
Huila,Neiva,Estacion_16,2020,4,5.22,3.19,-74.9167,5.3349
Valle del Cauca,Cali,Estacion_23,2024,10,63.29,40.06,-73.3839,4.128
Antioquia,Medellín,Estacion_05,2021,7,44.95,18.78,-73.4716,10.0876
Valle del Cauca,Palmira,Estacion_22,2023,4,40.9,17.39,-73.3732,8.0662
Valle del Cauca,Palmira,Estacion_21,2021,11,59.42,33.16,-73.8956,9.4795
Atlántico,Barranquilla,Estacion_20,2022,4,47.86,20.31,-74.4737,10.8477
Atlántico,Soledad,Estacion_18,2024,1,38.93,23.36,-73.5244,5.2647
Bolívar,Cartagena,Estacion_21,2019,6,49.28,24.85,-74.1932,10.2922
Norte de Santander,Cúcuta,Estacion_14,2024,9,56.48,27.3,-73.8924,4.2196
Boyacá,Duitama,Estacion_30,2023,4,39.67,21.27,-74.3447,9.8252
Bogotá D.C.,Bogotá,Estacion_28,2020,5,58.74,35.31,-74.334,7.7832
Norte de Santander,Cúcuta,Estacion_16,2021,10,53.47,34.31,-73.5752,5.9162
Antioquia,Bello,Estacion_29,2022,9,40.11,22.76,-73.3142,10.8782
Antioquia,Bello,Estacion_09,2021,7,29.65,12.55,-73.8068,8.1574
Santander,Bucaramanga,Estacion_15,2018,1,63.49,39.98,-74.1699,4.9905
Cundinamarca,Zipaquirá,Estacion_14,2022,9,35.67,17.5,-73.2867,6.1959
Boyacá,Tunja,Estacion_25,2024,11,30.8,19.49,-74.0074,7.0349
Huila,Neiva,Estacion_20,2022,1,25.3,11.19,-74.5427,5.971
Valle del Cauca,Cali,Estacion_29,2024,9,60.46,30.67,-74.4612,9.9239
Huila,Neiva,Estacion_17,2023,7,44.5,18.88,-74.2301,5.1212
Norte de Santander,Cúcuta,Estacion_13,2019,12,16.83,9.51,-73.4963,5.4053
Boyacá,Tunja,Estacion_21,2019,2,65.65,37.38,-74.6061,7.0168
Antioquia,Bello,Estacion_29,2018,3,22.65,10.12,-74.3866,10.8462
Huila,Neiva,Estacion_15,2019,12,36.16,16.05,-73.4604,10.2222
Antioquia,Bello,Estacion_25,2021,2,5.0,3.0,-74.679,5.1911
Norte de Santander,Cúcuta,Estacion_22,2022,5,9.4,5.31,-74.7598,8.4421
Boyacá,Duitama,Estacion_10,2018,9,19.56,7.96,-74.0968,8.2706
Valle del Cauca,Palmira,Estacion_04,2023,8,55.5,26.94,-74.0298,8.0022
Bogotá D.C.,Bogotá,Estacion_04,2022,4,49.25,20.76,-74.9248,6.2138
Boyacá,Duitama,Estacion_03,2022,11,23.31,10.06,-74.7911,10.4532
Norte de Santander,Cúcuta,Estacion_08,2020,9,34.96,17.71,-73.4534,8.6959
Bogotá D.C.,Bogotá,Estacion_09,2022,2,55.14,26.54,-73.0013,7.4458
Boyacá,Tunja,Estacion_01,2018,6,30.06,15.3,-73.6536,6.6572
Santander,Bucaramanga,Estacion_12,2021,4,39.57,17.69,-74.1491,10.8023
Santander,Bucaramanga,Estacion_24,2022,2,36.73,19.2,-74.8624,8.3305
Bolívar,Cartagena,Estacion_19,2020,8,40.52,22.72,-73.686,6.0936
Boyacá,Tunja,Estacion_10,2022,6,51.14,29.28,-74.2817,7.7255
Atlántico,Soledad,Estacion_28,2019,7,46.51,24.99,-73.0886,7.269
Huila,Neiva,Estacion_14,2023,2,45.17,24.11,-74.5175,7.6432
Antioquia,Bello,Estacion_27,2022,5,20.02,10.66,-73.2848,8.9946
Atlántico,Barranquilla,Estacion_27,2022,10,68.74,41.03,-73.5531,6.6962
Santander,Floridablanca,Estacion_01,2019,1,41.76,23.63,-74.2447,4.0181
Boyacá,Tunja,Estacion_22,2022,10,40.99,21.66,-74.5385,4.3693
Valle del Cauca,Palmira,Estacion_21,2024,7,50.43,32.71,-73.3845,7.1988
Valle del Cauca,Cali,Estacion_26,2021,4,60.13,27.99,-74.5849,10.4176
Cundinamarca,Soacha,Estacion_11,2022,1,17.06,7.93,-74.5324,5.4759
Valle del Cauca,Cali,Estacion_14,2024,11,57.96,37.17,-73.3676,6.4078
Atlántico,Soledad,Estacion_29,2019,5,28.81,17.6,-74.8069,8.7393
Boyacá,Duitama,Estacion_10,2019,7,48.66,20.22,-74.949,7.9317
Bolívar,Cartagena,Estacion_15,2020,1,40.33,23.2,-74.8206,8.5831
Atlántico,Barranquilla,Estacion_30,2024,7,28.24,15.59,-73.2908,8.9084
Cundinamarca,Zipaquirá,Estacion_14,2020,12,60.67,25.02,-73.7182,9.3284
Boyacá,Duitama,Estacion_29,2024,3,31.04,13.4,-73.4951,8.0262
Valle del Cauca,Cali,Estacion_07,2022,5,49.98,30.62,-73.7816,8.3121
Norte de Santander,Cúcuta,Estacion_30,2022,5,13.14,7.11,-74.6888,4.4466
Bolívar,Cartagena,Estacion_28,2021,6,59.09,26.24,-74.4584,7.1164
Boyacá,Duitama,Estacion_12,2020,2,50.18,30.24,-73.6536,8.3255
Boyacá,Duitama,Estacion_07,2022,4,59.73,30.29,-74.1843,6.4294
Bolívar,Cartagena,Estacion_07,2018,12,44.09,24.55,-74.5092,8.5081
Norte de Santander,Cúcuta,Estacion_12,2024,4,35.19,19.72,-73.6394,5.832
Antioquia,Bello,Estacion_10,2023,9,40.89,19.31,-73.449,6.3208
Bolívar,Cartagena,Estacion_19,2022,9,60.95,35.23,-74.5379,6.9746
Norte de Santander,Cúcuta,Estacion_18,2023,3,25.64,12.09,-74.9282,9.9998
Boyacá,Tunja,Estacion_30,2024,6,46.02,20.4,-74.8719,4.4422
Atlántico,Soledad,Estacion_26,2021,7,37.93,22.63,-73.0943,9.0663
Huila,Neiva,Estacion_24,2020,8,33.96,14.45,-74.2841,9.4566
Cundinamarca,Soacha,Estacion_01,2022,1,31.93,19.16,-73.3615,5.1363
Antioquia,Envigado,Estacion_05,2019,10,29.85,14.46,-74.2732,5.2521
Cundinamarca,Soacha,Estacion_05,2019,3,5.0,3.0,-73.0476,10.5484
Cundinamarca,Soacha,Estacion_21,2019,7,23.72,13.9,-73.5069,4.7965
Santander,Floridablanca,Estacion_07,2021,2,32.9,15.81,-73.3305,6.7494
Norte de Santander,Cúcuta,Estacion_16,2022,9,38.5,23.19,-73.4684,10.7201
Antioquia,Envigado,Estacion_12,2024,10,42.6,22.76,-74.6276,10.3446
Cundinamarca,Soacha,Estacion_11,2020,5,40.55,20.42,-73.639,5.4534
Cundinamarca,Soacha,Estacion_03,2018,6,16.75,7.74,-74.5995,7.8374
Boyacá,Duitama,Estacion_11,2020,3,41.64,21.38,-73.024,7.9143
Bolívar,Cartagena,Estacion_21,2024,3,33.82,15.07,-74.5695,7.0065
Bogotá D.C.,Bogotá,Estacion_01,2022,10,55.14,29.42,-73.9823,10.8475
Huila,Neiva,Estacion_01,2021,12,18.71,10.15,-74.216,8.0
Huila,Neiva,Estacion_22,2022,2,28.47,18.5,-73.0036,4.8633
Huila,Neiva,Estacion_18,2024,11,20.58,9.12,-73.0736,4.5843
Bogotá D.C.,Bogotá,Estacion_05,2020,2,54.12,23.18,-73.3038,6.2881
Cundinamarca,Soacha,Estacion_29,2021,4,29.96,18.57,-74.9315,7.5329
Huila,Neiva,Estacion_14,2021,9,43.75,22.23,-73.2249,7.7313
Norte de Santander,Cúcuta,Estacion_07,2018,2,10.06,4.17,-73.6575,6.8357
Antioquia,Bello,Estacion_23,2022,5,56.93,34.76,-74.5865,8.2955
Cundinamarca,Zipaquirá,Estacion_22,2024,5,34.96,16.95,-74.1221,4.4648
Bogotá D.C.,Bogotá,Estacion_22,2018,11,50.54,26.04,-73.8535,4.2904
Norte de Santander,Cúcuta,Estacion_18,2021,10,25.74,12.43,-73.9572,5.4267
Valle del Cauca,Cali,Estacion_04,2020,10,52.07,25.17,-73.5164,5.1818
Norte de Santander,Cúcuta,Estacion_02,2021,3,19.15,11.28,-73.2092,4.7524
Bogotá D.C.,Bogotá,Estacion_02,2023,10,38.26,22.2,-73.5435,8.3318
Antioquia,Bello,Estacion_04,2024,5,34.62,16.95,-74.8808,6.4406
Antioquia,Envigado,Estacion_08,2023,5,22.55,11.72,-74.4545,5.1308
Huila,Neiva,Estacion_30,2019,7,34.08,15.1,-74.1761,7.1656
Boyacá,Duitama,Estacion_23,2019,12,66.44,36.12,-73.2737,5.9977
Atlántico,Soledad,Estacion_01,2024,5,37.42,23.9,-74.0929,8.9549
Santander,Bucaramanga,Estacion_12,2023,4,37.47,23.69,-73.6014,9.7577
Cundinamarca,Zipaquirá,Estacion_25,2023,3,8.76,5.68,-73.9938,5.2385
Huila,Neiva,Estacion_18,2023,9,43.13,18.35,-74.6952,9.4834
Cundinamarca,Zipaquirá,Estacion_04,2020,3,38.41,21.18,-74.0236,5.1298
Huila,Neiva,Estacion_19,2023,1,16.7,9.22,-73.6518,6.5056
Antioquia,Envigado,Estacion_11,2022,2,47.23,21.41,-74.7654,4.3841
Boyacá,Tunja,Estacion_08,2021,10,41.21,21.37,-73.9372,4.36
Atlántico,Soledad,Estacion_25,2021,6,26.02,12.8,-74.0656,7.4464
Bogotá D.C.,Bogotá,Estacion_11,2019,4,45.47,18.27,-73.1501,5.3045
Cundinamarca,Zipaquirá,Estacion_09,2021,5,39.84,25.14,-74.5282,10.4608
Boyacá,Tunja,Estacion_20,2021,9,32.19,14.7,-74.4186,7.7757
Santander,Bucaramanga,Estacion_05,2021,11,29.17,13.87,-74.5755,8.151
Huila,Neiva,Estacion_07,2023,11,37.64,23.94,-73.6172,4.8225
Antioquia,Bello,Estacion_27,2021,11,18.68,10.79,-74.1358,4.6157
Cundinamarca,Zipaquirá,Estacion_14,2023,4,59.8,28.83,-73.5062,6.1104
Valle del Cauca,Cali,Estacion_17,2024,11,55.28,25.1,-74.3824,8.6196
Valle del Cauca,Palmira,Estacion_25,2022,10,54.36,25.22,-73.3023,6.487
Bolívar,Cartagena,Estacion_11,2022,4,45.61,20.25,-73.6619,7.4734
Cundinamarca,Zipaquirá,Estacion_01,2021,5,34.9,14.73,-74.6074,8.8445
Antioquia,Bello,Estacion_09,2018,3,20.01,10.52,-74.9833,10.6258
Boyacá,Tunja,Estacion_04,2021,4,74.18,32.3,-73.7312,10.7104
Santander,Bucaramanga,Estacion_09,2018,1,31.51,20.08,-73.7429,5.407
Cundinamarca,Zipaquirá,Estacion_06,2021,3,28.07,16.35,-74.625,10.1161
Santander,Floridablanca,Estacion_10,2019,7,17.16,10.92,-74.0379,10.6937
Bolívar,Cartagena,Estacion_13,2021,11,36.52,22.42,-74.6282,8.171
Cundinamarca,Soacha,Estacion_01,2024,2,31.3,13.56,-73.7699,7.9266
Norte de Santander,Cúcuta,Estacion_26,2018,8,25.5,10.21,-73.718,6.9192
Bolívar,Cartagena,Estacion_20,2022,7,61.71,29.05,-74.812,7.7805
Antioquia,Bello,Estacion_24,2021,6,47.68,24.11,-74.7536,6.9107
Bogotá D.C.,Bogotá,Estacion_18,2020,10,85.82,34.96,-74.1625,10.1647
Valle del Cauca,Palmira,Estacion_19,2020,12,38.14,18.18,-74.8307,4.0754
Cundinamarca,Zipaquirá,Estacion_03,2023,6,19.34,8.65,-73.5366,10.6723
Bolívar,Cartagena,Estacion_30,2022,9,21.19,10.25,-73.23,6.9649
Bogotá D.C.,Bogotá,Estacion_02,2024,12,63.73,40.72,-73.5266,9.727
Antioquia,Medellín,Estacion_06,2018,3,27.64,14.3,-74.951,9.9009
Valle del Cauca,Cali,Estacion_28,2022,11,59.27,28.61,-73.2557,4.6816
Valle del Cauca,Cali,Estacion_02,2021,3,34.15,14.05,-74.5907,6.6019
Norte de Santander,Cúcuta,Estacion_08,2019,10,13.23,5.52,-73.6025,10.7011
Huila,Neiva,Estacion_25,2023,8,29.27,18.44,-74.5127,9.7659
Bolívar,Cartagena,Estacion_15,2022,8,22.6,12.05,-74.6873,6.7405
Norte de Santander,Cúcuta,Estacion_06,2019,10,45.26,26.82,-73.3804,9.3058
Cundinamarca,Zipaquirá,Estacion_04,2020,5,24.57,12.14,-74.081,5.3857
Cundinamarca,Soacha,Estacion_27,2018,7,10.36,5.51,-74.3812,8.7337
Norte de Santander,Cúcuta,Estacion_26,2022,10,20.99,12.09,-74.7176,5.2122
Huila,Neiva,Estacion_03,2019,1,20.77,12.25,-73.9646,5.6633
Atlántico,Barranquilla,Estacion_10,2018,10,32.94,21.33,-73.5985,8.4308
Huila,Neiva,Estacion_08,2019,1,27.83,15.48,-73.0086,10.9908
Santander,Floridablanca,Estacion_02,2024,5,29.04,12.86,-74.8064,9.8834
Valle del Cauca,Cali,Estacion_05,2023,9,77.66,49.54,-74.4726,10.4821
Cundinamarca,Soacha,Estacion_22,2021,10,40.23,20.2,-74.6423,9.8161
Norte de Santander,Cúcuta,Estacion_28,2018,11,57.16,32.18,-74.5347,5.6837
Antioquia,Medellín,Estacion_16,2018,12,24.91,11.8,-74.9247,7.3308
Valle del Cauca,Cali,Estacion_14,2024,12,71.42,33.35,-73.5626,4.9004
Norte de Santander,Cúcuta,Estacion_17,2020,2,38.55,20.17,-74.8535,9.5927
Cundinamarca,Zipaquirá,Estacion_26,2024,5,24.63,14.25,-74.1789,7.503
Bolívar,Cartagena,Estacion_27,2019,3,26.67,15.95,-74.7991,4.4119
Valle del Cauca,Cali,Estacion_11,2022,11,38.81,22.17,-73.3219,7.8564
Norte de Santander,Cúcuta,Estacion_30,2018,1,47.28,20.47,-73.4682,6.5949
Boyacá,Duitama,Estacion_17,2019,9,43.2,23.68,-74.8053,5.8948
Bogotá D.C.,Bogotá,Estacion_28,2019,12,57.95,28.96,-73.3661,6.7665
Valle del Cauca,Palmira,Estacion_04,2021,9,69.6,35.9,-73.2078,7.8833
Santander,Floridablanca,Estacion_17,2024,11,44.49,23.86,-73.2925,5.3913
Norte de Santander,Cúcuta,Estacion_10,2021,11,5.0,3.12,-73.5057,6.4366
Antioquia,Medellín,Estacion_21,2024,12,31.45,20.37,-73.0203,7.8833
Valle del Cauca,Cali,Estacion_04,2019,2,38.93,22.36,-73.3228,5.2089
Antioquia,Envigado,Estacion_10,2023,4,60.13,28.7,-73.8658,7.7277
Huila,Neiva,Estacion_05,2024,6,38.32,20.72,-74.5579,8.0575
Bogotá D.C.,Bogotá,Estacion_30,2018,10,38.47,17.56,-74.4465,4.0506
Santander,Bucaramanga,Estacion_20,2020,2,40.49,22.94,-74.6038,4.3065
Bogotá D.C.,Bogotá,Estacion_25,2021,7,56.78,24.22,-73.6294,6.8136
Santander,Floridablanca,Estacion_10,2024,12,35.59,19.03,-73.1767,9.5714
Bogotá D.C.,Bogotá,Estacion_05,2022,5,62.15,32.81,-73.9309,8.0187
Huila,Neiva,Estacion_08,2024,5,5.0,3.0,-74.4878,6.286
Bolívar,Cartagena,Estacion_28,2020,8,35.35,21.13,-73.439,6.8695
Atlántico,Soledad,Estacion_05,2018,12,25.82,16.6,-74.8512,4.0533
Santander,Floridablanca,Estacion_04,2021,12,25.89,10.8,-73.7519,4.4378
Bogotá D.C.,Bogotá,Estacion_14,2024,9,30.27,13.95,-74.1243,4.6991
Norte de Santander,Cúcuta,Estacion_26,2022,10,37.98,24.12,-73.5467,10.4586
Bogotá D.C.,Bogotá,Estacion_16,2018,6,68.9,29.08,-73.2076,5.1125
Cundinamarca,Zipaquirá,Estacion_13,2020,7,49.35,20.98,-74.1432,6.7653
Cundinamarca,Zipaquirá,Estacion_04,2020,8,16.96,10.06,-73.1108,10.798
Antioquia,Medellín,Estacion_02,2021,1,53.15,21.5,-74.3248,7.6853
Huila,Neiva,Estacion_25,2020,10,49.0,24.78,-73.7377,9.6582
Cundinamarca,Soacha,Estacion_12,2023,6,45.84,19.23,-74.9434,8.9866
Atlántico,Barranquilla,Estacion_12,2024,10,47.65,28.57,-73.9735,5.8071
Bogotá D.C.,Bogotá,Estacion_03,2022,7,44.07,25.79,-74.6176,4.0703
Santander,Bucaramanga,Estacion_09,2019,3,15.3,8.39,-73.2516,9.8864
Norte de Santander,Cúcuta,Estacion_07,2019,2,34.55,19.97,-74.562,8.0806
Huila,Neiva,Estacion_01,2022,1,33.86,15.92,-74.9051,7.4299
Cundinamarca,Zipaquirá,Estacion_18,2020,12,54.2,30.64,-74.9682,10.242
Bogotá D.C.,Bogotá,Estacion_14,2020,12,34.43,20.95,-74.0998,7.4191
Huila,Neiva,Estacion_20,2020,10,56.31,29.01,-73.7963,4.0486
Cundinamarca,Soacha,Estacion_13,2022,2,42.87,25.48,-73.4746,10.3728
Norte de Santander,Cúcuta,Estacion_25,2022,7,48.52,25.97,-74.2392,6.86
Cundinamarca,Soacha,Estacion_14,2023,4,22.45,11.16,-74.1098,10.7671
Antioquia,Bello,Estacion_30,2023,8,26.58,15.39,-73.6378,8.9462
Valle del Cauca,Palmira,Estacion_20,2018,6,76.23,43.97,-73.735,7.235
Norte de Santander,Cúcuta,Estacion_22,2023,5,41.73,20.11,-74.6723,7.1126
Bolívar,Cartagena,Estacion_12,2018,9,39.65,23.84,-74.0551,10.5241
Bogotá D.C.,Bogotá,Estacion_14,2019,5,38.37,22.47,-73.4029,9.2211
Norte de Santander,Cúcuta,Estacion_15,2022,10,61.79,35.77,-73.2721,4.71
Huila,Neiva,Estacion_30,2022,4,29.69,18.71,-73.3242,4.5648
Valle del Cauca,Cali,Estacion_04,2019,5,56.68,34.23,-73.4205,10.0092
Atlántico,Barranquilla,Estacion_18,2023,2,46.89,22.19,-74.6462,7.3233
Cundinamarca,Soacha,Estacion_26,2020,8,29.91,18.9,-74.6301,6.8739
Valle del Cauca,Palmira,Estacion_30,2019,4,66.26,31.57,-73.4469,6.1692
Norte de Santander,Cúcuta,Estacion_26,2019,3,41.48,25.25,-73.0469,10.5915
Bogotá D.C.,Bogotá,Estacion_10,2022,7,45.48,26.36,-74.6236,9.4727
Bolívar,Cartagena,Estacion_19,2022,2,32.36,18.57,-73.5577,8.2759
Norte de Santander,Cúcuta,Estacion_13,2021,7,37.69,20.49,-74.7638,9.2665
Atlántico,Soledad,Estacion_13,2023,3,36.23,17.38,-73.6138,4.931
Bogotá D.C.,Bogotá,Estacion_05,2022,1,43.52,28.0,-74.3131,4.1631
Bogotá D.C.,Bogotá,Estacion_10,2020,2,70.94,43.48,-73.3333,6.6757
Atlántico,Barranquilla,Estacion_30,2020,12,26.7,13.17,-74.6905,10.19
Valle del Cauca,Cali,Estacion_06,2018,8,52.55,28.49,-73.3552,7.9295
Huila,Neiva,Estacion_11,2019,8,59.36,33.27,-73.5823,8.9169
Bogotá D.C.,Bogotá,Estacion_06,2018,11,62.03,27.18,-73.5363,7.6359
Huila,Neiva,Estacion_27,2024,3,37.37,23.58,-73.1669,6.9431
Bolívar,Cartagena,Estacion_30,2021,7,51.62,31.82,-74.3496,9.8153
Santander,Bucaramanga,Estacion_25,2020,9,31.79,20.48,-73.7914,10.8078
Bogotá D.C.,Bogotá,Estacion_15,2020,8,73.31,46.47,-74.1256,6.4116
Boyacá,Duitama,Estacion_18,2020,7,41.23,24.49,-73.8365,5.9393
Bolívar,Cartagena,Estacion_09,2021,9,22.09,12.6,-73.3051,8.3185
Norte de Santander,Cúcuta,Estacion_03,2021,6,48.7,25.45,-73.2303,6.2837
Antioquia,Envigado,Estacion_15,2021,9,52.52,26.17,-74.4808,8.3895
Santander,Floridablanca,Estacion_18,2021,11,22.37,14.21,-73.4449,8.0893
Antioquia,Medellín,Estacion_07,2018,9,36.18,19.33,-73.2949,10.9852
Valle del Cauca,Palmira,Estacion_16,2024,10,95.58,54.18,-73.989,7.6535
Cundinamarca,Zipaquirá,Estacion_22,2023,5,22.56,13.14,-74.6506,4.0641
Bogotá D.C.,Bogotá,Estacion_16,2022,5,39.17,17.72,-73.4567,6.3132
Norte de Santander,Cúcuta,Estacion_28,2020,2,39.77,19.35,-74.8282,4.4458
Antioquia,Envigado,Estacion_28,2019,12,14.08,7.4,-73.3165,8.3647
Norte de Santander,Cúcuta,Estacion_22,2022,7,32.19,15.41,-74.7839,8.473
Cundinamarca,Zipaquirá,Estacion_26,2018,2,8.11,4.74,-73.8667,8.2986
Bolívar,Cartagena,Estacion_04,2024,12,35.99,17.41,-73.616,5.1547
Cundinamarca,Zipaquirá,Estacion_03,2023,3,33.79,21.12,-74.3303,8.818
Huila,Neiva,Estacion_23,2021,9,49.76,25.53,-73.4122,10.5317
Boyacá,Tunja,Estacion_13,2022,4,57.8,25.72,-73.4038,7.2419
Antioquia,Medellín,Estacion_07,2023,2,62.41,32.77,-74.8803,4.5758
Santander,Bucaramanga,Estacion_02,2023,9,33.98,16.27,-73.2927,6.5194
Bolívar,Cartagena,Estacion_10,2023,11,75.46,34.27,-73.8792,5.6022
Huila,Neiva,Estacion_07,2019,11,33.49,20.03,-73.7308,6.9112
Huila,Neiva,Estacion_20,2022,4,29.65,14.52,-73.9741,4.0695
Santander,Floridablanca,Estacion_20,2022,8,40.34,24.02,-73.2149,7.5733
Boyacá,Duitama,Estacion_05,2021,2,53.96,33.73,-74.6209,4.3733
Valle del Cauca,Palmira,Estacion_30,2020,7,60.91,32.61,-73.771,4.2037
Bogotá D.C.,Bogotá,Estacion_13,2024,1,38.75,20.03,-74.6031,4.3826
Cundinamarca,Soacha,Estacion_30,2024,7,28.9,13.96,-73.2086,10.454
Huila,Neiva,Estacion_06,2020,5,58.16,34.3,-74.2223,10.7119
Atlántico,Barranquilla,Estacion_05,2023,9,24.26,13.87,-74.9142,10.6279
Bolívar,Cartagena,Estacion_19,2019,11,10.47,5.67,-74.9114,7.6097
Antioquia,Medellín,Estacion_05,2018,3,40.67,22.94,-73.0246,8.518
Norte de Santander,Cúcuta,Estacion_03,2019,7,33.45,17.64,-74.9359,6.0346
Antioquia,Envigado,Estacion_13,2023,6,40.51,16.28,-73.4672,10.0173
Bolívar,Cartagena,Estacion_16,2020,2,44.34,24.55,-73.4982,5.4395
Valle del Cauca,Palmira,Estacion_01,2021,4,45.64,21.53,-74.6785,7.2739
Santander,Floridablanca,Estacion_14,2020,11,64.62,29.39,-73.4471,9.7193
Atlántico,Barranquilla,Estacion_07,2019,9,59.78,36.03,-74.5146,9.0068
Bolívar,Cartagena,Estacion_02,2023,6,23.66,12.71,-73.9239,4.5401
Cundinamarca,Zipaquirá,Estacion_25,2020,10,50.15,21.92,-74.4571,4.6522
Valle del Cauca,Cali,Estacion_05,2020,6,55.22,29.02,-73.9606,9.1481
Valle del Cauca,Cali,Estacion_01,2021,9,64.17,37.99,-74.0653,8.6409
Bolívar,Cartagena,Estacion_15,2021,10,39.97,23.02,-73.539,9.0375
Valle del Cauca,Palmira,Estacion_09,2023,6,43.29,24.39,-73.0725,4.4858
Atlántico,Barranquilla,Estacion_12,2024,12,61.64,39.99,-73.3992,9.8368
Atlántico,Barranquilla,Estacion_22,2018,3,30.55,14.48,-73.7972,9.6167
Atlántico,Soledad,Estacion_14,2022,5,49.16,24.23,-74.5725,4.6968
Bogotá D.C.,Bogotá,Estacion_07,2024,6,42.69,18.52,-74.6192,5.3121
Bolívar,Cartagena,Estacion_02,2024,3,30.34,15.86,-74.8581,5.0823
Santander,Bucaramanga,Estacion_04,2023,1,43.82,22.34,-74.6753,9.9787
Norte de Santander,Cúcuta,Estacion_16,2019,7,51.78,33.34,-73.1325,10.236
Santander,Floridablanca,Estacion_02,2021,11,25.81,14.91,-74.9947,9.1376
Antioquia,Envigado,Estacion_27,2021,11,25.81,14.39,-74.4658,9.2158
Atlántico,Soledad,Estacion_14,2019,4,11.93,5.29,-73.2206,10.0343
Norte de Santander,Cúcuta,Estacion_01,2023,1,22.1,14.15,-74.9198,10.1041
Valle del Cauca,Cali,Estacion_02,2020,4,59.28,27.2,-73.563,6.6844
Bogotá D.C.,Bogotá,Estacion_10,2021,7,52.72,26.98,-73.3284,4.1086
Antioquia,Bello,Estacion_16,2024,9,46.41,28.13,-73.2061,8.2969
Antioquia,Medellín,Estacion_29,2021,4,59.79,32.4,-73.4189,6.931
Bogotá D.C.,Bogotá,Estacion_17,2022,11,53.75,31.97,-74.6344,10.637
Atlántico,Barranquilla,Estacion_14,2018,4,20.84,12.66,-74.3032,5.0761
Santander,Floridablanca,Estacion_01,2021,4,46.71,28.44,-74.8784,8.8356
Boyacá,Tunja,Estacion_28,2020,2,46.95,26.54,-73.1125,8.2589
Santander,Floridablanca,Estacion_14,2020,7,20.75,10.36,-73.729,8.621
Santander,Floridablanca,Estacion_20,2024,2,31.64,14.86,-73.5714,6.1351
Bogotá D.C.,Bogotá,Estacion_30,2024,1,60.16,38.55,-74.4738,7.1314
Santander,Floridablanca,Estacion_24,2018,1,28.82,16.99,-74.5195,9.6821
Atlántico,Barranquilla,Estacion_05,2020,12,56.28,32.22,-74.5536,6.9925
Valle del Cauca,Cali,Estacion_28,2019,12,40.34,19.46,-74.7688,5.9316
Bolívar,Cartagena,Estacion_13,2020,8,19.77,11.93,-74.843,8.8882
Bogotá D.C.,Bogotá,Estacion_01,2020,10,42.49,27.48,-73.9407,6.6685
Santander,Floridablanca,Estacion_20,2024,4,19.96,9.01,-74.3972,8.653
Antioquia,Bello,Estacion_02,2019,7,20.31,13.05,-73.7157,6.7224
Atlántico,Barranquilla,Estacion_11,2023,6,19.93,8.21,-74.9623,7.3664
Bolívar,Cartagena,Estacion_15,2020,2,18.26,11.63,-74.576,7.5628
Atlántico,Barranquilla,Estacion_07,2021,1,25.55,11.97,-74.2237,10.5298
Boyacá,Tunja,Estacion_04,2023,4,18.95,10.57,-74.8247,7.5459
Santander,Bucaramanga,Estacion_18,2020,3,28.38,14.21,-74.4404,6.2623
Bogotá D.C.,Bogotá,Estacion_16,2024,8,42.82,26.13,-74.0257,4.2661
Bogotá D.C.,Bogotá,Estacion_12,2019,7,67.91,36.76,-74.8342,7.3109
Atlántico,Barranquilla,Estacion_21,2018,9,38.44,16.87,-74.2239,8.531
Bolívar,Cartagena,Estacion_11,2021,12,15.89,9.33,-74.1315,4.1542
Antioquia,Envigado,Estacion_14,2022,7,21.5,8.66,-73.0607,6.6896
Antioquia,Medellín,Estacion_27,2023,9,42.6,26.24,-73.5877,10.909
Boyacá,Duitama,Estacion_10,2019,6,53.15,28.73,-74.5251,8.0961
Boyacá,Tunja,Estacion_07,2023,7,47.06,25.63,-73.0361,4.9425
Huila,Neiva,Estacion_19,2018,9,70.76,40.44,-74.7598,7.3241
Cundinamarca,Zipaquirá,Estacion_07,2020,6,20.55,13.15,-73.1274,8.6725
Valle del Cauca,Cali,Estacion_01,2021,10,35.73,19.41,-74.6937,9.4163
Norte de Santander,Cúcuta,Estacion_02,2018,4,39.28,16.29,-73.5943,7.8625
Bolívar,Cartagena,Estacion_13,2023,4,21.76,10.09,-74.4203,4.6781
Bogotá D.C.,Bogotá,Estacion_27,2019,5,81.66,34.41,-73.7841,9.2781
Valle del Cauca,Palmira,Estacion_24,2019,8,53.72,32.37,-74.115,9.4838
Santander,Bucaramanga,Estacion_16,2022,11,28.21,17.91,-73.9961,10.5721
Antioquia,Bello,Estacion_22,2021,2,28.1,17.55,-74.0178,8.6583
Antioquia,Medellín,Estacion_08,2020,1,52.69,27.55,-74.5624,4.4623
Santander,Floridablanca,Estacion_15,2024,5,69.45,29.61,-73.7467,4.4645
Santander,Bucaramanga,Estacion_01,2024,1,37.6,22.81,-74.5447,4.4129
Valle del Cauca,Cali,Estacion_09,2024,9,54.3,25.19,-74.9839,4.6556
Atlántico,Barranquilla,Estacion_04,2020,11,15.35,9.52,-73.8396,7.2625
Bolívar,Cartagena,Estacion_09,2020,4,12.35,6.93,-73.5786,10.654
Boyacá,Duitama,Estacion_03,2022,12,62.14,29.68,-73.8782,10.2264
Boyacá,Tunja,Estacion_07,2021,6,20.02,11.12,-74.1137,7.4117
Bogotá D.C.,Bogotá,Estacion_10,2022,8,52.92,30.39,-73.7821,4.1045
Norte de Santander,Cúcuta,Estacion_08,2022,3,12.15,7.42,-74.2483,6.9544
Huila,Neiva,Estacion_18,2023,10,12.36,5.36,-74.1937,8.7846
Huila,Neiva,Estacion_13,2023,10,56.64,34.61,-73.2554,9.1009
Bolívar,Cartagena,Estacion_22,2018,11,49.49,25.05,-73.4305,6.4856
Santander,Floridablanca,Estacion_12,2024,10,11.72,6.01,-73.6728,6.2383
Bolívar,Cartagena,Estacion_14,2021,4,25.5,14.19,-74.9687,10.3171
Boyacá,Tunja,Estacion_24,2024,7,10.16,5.4,-74.6157,9.117
Bolívar,Cartagena,Estacion_27,2019,10,36.18,17.03,-74.8133,8.65
Valle del Cauca,Palmira,Estacion_16,2022,9,67.87,32.88,-74.8956,5.7212
Norte de Santander,Cúcuta,Estacion_09,2024,7,59.74,29.26,-74.8373,7.2194
Atlántico,Barranquilla,Estacion_03,2019,4,35.47,14.21,-74.3355,9.5871
Norte de Santander,Cúcuta,Estacion_26,2023,9,32.42,14.3,-73.5715,8.7333
Valle del Cauca,Palmira,Estacion_11,2024,8,50.56,29.79,-74.8897,7.6584
Atlántico,Soledad,Estacion_27,2023,1,12.45,7.24,-73.3349,8.7062
Bogotá D.C.,Bogotá,Estacion_05,2019,11,64.09,26.97,-73.5182,5.5739
Santander,Floridablanca,Estacion_20,2018,10,40.99,25.11,-74.9939,7.8217
Santander,Floridablanca,Estacion_16,2018,2,23.54,13.55,-73.491,5.1085
Huila,Neiva,Estacion_27,2022,7,35.66,17.6,-73.4249,9.0698
Bogotá D.C.,Bogotá,Estacion_04,2021,3,64.52,38.38,-73.4552,10.7477
Valle del Cauca,Palmira,Estacion_01,2022,10,38.43,16.17,-73.5733,4.9987
Antioquia,Bello,Estacion_28,2024,7,48.2,24.39,-74.8763,8.7384
Huila,Neiva,Estacion_17,2021,2,33.23,19.82,-73.5684,8.0059
Huila,Neiva,Estacion_23,2018,8,35.4,21.33,-73.1799,10.0649
Norte de Santander,Cúcuta,Estacion_05,2019,2,37.27,20.34,-74.2048,6.1923
Atlántico,Soledad,Estacion_13,2018,11,81.79,34.55,-74.5242,4.6293
Bolívar,Cartagena,Estacion_30,2018,5,5.0,3.0,-74.3447,9.646
Valle del Cauca,Cali,Estacion_28,2019,6,70.19,29.39,-73.4124,9.2853
Huila,Neiva,Estacion_12,2023,7,32.28,14.5,-74.6004,7.5877
Santander,Floridablanca,Estacion_11,2018,1,36.82,18.84,-74.4109,5.4615
Valle del Cauca,Palmira,Estacion_28,2023,1,69.04,31.6,-74.4807,4.1378
Cundinamarca,Zipaquirá,Estacion_20,2021,11,42.63,25.36,-74.0402,7.5509
Antioquia,Medellín,Estacion_09,2018,5,37.47,23.87,-74.4491,10.5555
Santander,Bucaramanga,Estacion_22,2024,6,26.82,12.18,-73.1652,7.9952
Santander,Bucaramanga,Estacion_12,2023,2,41.05,26.14,-74.2428,5.4606
Valle del Cauca,Palmira,Estacion_21,2023,7,40.0,23.8,-74.5911,10.4229
Antioquia,Medellín,Estacion_02,2020,10,31.07,13.77,-73.4682,10.9523
Santander,Bucaramanga,Estacion_17,2020,8,29.18,16.86,-73.5342,7.9264
Huila,Neiva,Estacion_21,2018,6,54.51,35.35,-73.2824,5.6739
Valle del Cauca,Cali,Estacion_27,2024,7,53.07,28.96,-74.5599,10.0983
Cundinamarca,Zipaquirá,Estacion_16,2023,2,52.69,33.08,-74.6623,6.0515
Huila,Neiva,Estacion_05,2022,12,49.85,31.28,-74.5762,10.1866
Cundinamarca,Soacha,Estacion_28,2019,9,42.86,27.04,-73.6887,5.1897
Boyacá,Tunja,Estacion_14,2021,10,41.73,17.62,-74.0997,4.8564
Huila,Neiva,Estacion_01,2021,10,37.46,16.3,-73.1024,10.07
Atlántico,Barranquilla,Estacion_23,2020,10,28.77,12.39,-73.5367,6.5296
Antioquia,Bello,Estacion_08,2020,7,47.44,29.15,-73.5609,9.0285
Boyacá,Tunja,Estacion_25,2020,12,56.84,35.95,-73.1784,4.1963
Santander,Bucaramanga,Estacion_09,2024,8,31.69,19.27,-73.8988,7.723
Huila,Neiva,Estacion_03,2022,11,29.39,12.7,-74.4291,7.8318
Antioquia,Bello,Estacion_07,2021,3,33.92,18.0,-73.2935,5.9939
Bolívar,Cartagena,Estacion_05,2023,3,34.23,15.55,-74.7219,4.9672
Valle del Cauca,Palmira,Estacion_07,2021,9,53.85,23.67,-74.4973,6.0553
Valle del Cauca,Palmira,Estacion_27,2022,5,37.35,20.65,-74.4449,7.2592
Antioquia,Bello,Estacion_14,2020,4,34.13,16.59,-73.8276,8.6741
Bogotá D.C.,Bogotá,Estacion_23,2020,3,62.32,28.31,-73.8419,8.4244
Santander,Floridablanca,Estacion_27,2020,11,24.41,14.2,-74.7626,10.6538
Boyacá,Duitama,Estacion_30,2018,9,32.45,18.27,-73.7927,7.3798
Santander,Floridablanca,Estacion_05,2023,9,40.28,22.85,-74.9448,6.9956
Valle del Cauca,Palmira,Estacion_26,2023,1,22.36,11.34,-74.6534,4.1839
Atlántico,Soledad,Estacion_15,2018,5,25.66,16.2,-74.67,7.626
Huila,Neiva,Estacion_14,2018,6,27.01,11.96,-73.9623,9.2949
Atlántico,Barranquilla,Estacion_11,2024,7,11.95,7.35,-73.8807,4.3295
Valle del Cauca,Cali,Estacion_24,2021,11,45.12,18.1,-73.9969,10.2834
Valle del Cauca,Cali,Estacion_19,2024,3,32.02,18.44,-73.8132,9.3711
Atlántico,Soledad,Estacion_22,2020,8,51.51,27.88,-74.5768,9.1083
Bolívar,Cartagena,Estacion_19,2024,10,48.02,19.48,-73.4095,10.3956
Valle del Cauca,Palmira,Estacion_20,2022,3,58.58,35.7,-73.8556,9.5277
Norte de Santander,Cúcuta,Estacion_11,2024,10,26.13,12.09,-74.5766,7.0185
Bogotá D.C.,Bogotá,Estacion_06,2024,3,26.56,14.28,-73.2886,7.2745
Bogotá D.C.,Bogotá,Estacion_08,2021,9,55.84,34.85,-73.9158,5.039
Cundinamarca,Soacha,Estacion_17,2022,9,39.32,23.55,-74.2616,8.0313
Bogotá D.C.,Bogotá,Estacion_04,2020,2,59.48,29.99,-74.2336,4.318
Huila,Neiva,Estacion_23,2020,10,26.91,12.65,-74.7808,9.4548
Antioquia,Bello,Estacion_19,2018,4,11.46,6.02,-74.0233,7.2986
Boyacá,Tunja,Estacion_25,2018,3,50.84,24.35,-73.8484,7.543
Norte de Santander,Cúcuta,Estacion_09,2024,4,21.12,13.37,-73.6246,7.7869
Cundinamarca,Zipaquirá,Estacion_03,2020,5,5.0,3.22,-73.0105,10.0227
Huila,Neiva,Estacion_22,2022,10,35.74,18.63,-73.4247,6.1141
Bolívar,Cartagena,Estacion_02,2021,2,21.75,11.96,-74.8331,8.5095
Bogotá D.C.,Bogotá,Estacion_12,2019,4,41.56,18.17,-73.749,7.2915
Atlántico,Soledad,Estacion_01,2020,11,41.17,17.36,-74.3589,10.736
Norte de Santander,Cúcuta,Estacion_14,2019,2,56.59,32.07,-73.9161,4.3953
Antioquia,Medellín,Estacion_11,2020,3,32.74,20.12,-73.0033,4.787
Norte de Santander,Cúcuta,Estacion_20,2020,10,33.13,14.48,-73.5801,6.2767
Huila,Neiva,Estacion_04,2021,4,27.84,12.76,-73.6916,6.9613
Norte de Santander,Cúcuta,Estacion_09,2019,2,38.28,17.84,-73.0176,9.2113
Antioquia,Envigado,Estacion_18,2018,2,51.09,30.98,-74.9904,6.869
Norte de Santander,Cúcuta,Estacion_06,2020,5,36.37,21.58,-73.0693,7.9799
Boyacá,Tunja,Estacion_22,2022,10,49.71,27.66,-73.9978,8.4921
Bolívar,Cartagena,Estacion_28,2020,2,55.22,26.87,-73.255,6.8049
Norte de Santander,Cúcuta,Estacion_29,2023,4,33.84,15.82,-73.7951,5.796
Huila,Neiva,Estacion_01,2020,10,32.39,17.88,-74.8611,10.6917
Cundinamarca,Zipaquirá,Estacion_13,2022,9,53.1,22.48,-73.9284,5.5116
Atlántico,Barranquilla,Estacion_13,2021,10,43.82,26.28,-74.4239,9.3358
Atlántico,Barranquilla,Estacion_15,2020,1,32.7,15.83,-73.3627,7.9682
Cundinamarca,Zipaquirá,Estacion_01,2022,2,50.18,20.79,-74.7909,8.3669
Boyacá,Tunja,Estacion_01,2024,6,41.03,22.62,-73.3407,4.1783
Cundinamarca,Zipaquirá,Estacion_07,2023,8,32.08,18.37,-73.5744,5.3699
Atlántico,Barranquilla,Estacion_17,2020,12,46.58,23.69,-73.5342,6.3259
Huila,Neiva,Estacion_09,2021,9,41.67,26.99,-73.9656,7.5978
Antioquia,Medellín,Estacion_16,2023,11,40.24,23.56,-73.2536,10.9528
Atlántico,Barranquilla,Estacion_02,2018,10,14.43,6.56,-74.0189,9.4356
Antioquia,Bello,Estacion_24,2021,3,39.69,18.35,-73.5633,6.2894
Norte de Santander,Cúcuta,Estacion_03,2023,12,30.66,13.16,-73.5245,7.2435
Antioquia,Bello,Estacion_28,2018,9,14.53,5.92,-73.005,10.0176
Santander,Bucaramanga,Estacion_09,2021,8,13.66,8.78,-74.8778,10.0887
Valle del Cauca,Palmira,Estacion_20,2021,7,59.01,24.97,-74.3228,6.0878
Boyacá,Duitama,Estacion_26,2021,10,21.27,8.97,-74.2181,5.7799
Huila,Neiva,Estacion_28,2018,11,11.92,6.86,-74.9439,10.1491
Bogotá D.C.,Bogotá,Estacion_10,2023,5,40.22,23.56,-74.2517,9.7978
Cundinamarca,Zipaquirá,Estacion_08,2022,10,53.1,27.3,-73.448,9.687
Atlántico,Barranquilla,Estacion_15,2021,7,34.24,19.7,-73.3063,8.5098
Valle del Cauca,Cali,Estacion_27,2019,2,40.28,23.83,-74.0384,8.1561
Bogotá D.C.,Bogotá,Estacion_30,2020,9,97.54,57.48,-73.4086,7.0636
Atlántico,Soledad,Estacion_08,2020,1,56.19,31.97,-73.7521,9.1445
Bogotá D.C.,Bogotá,Estacion_19,2019,3,26.61,11.78,-73.2869,8.2507
Atlántico,Soledad,Estacion_06,2021,1,41.41,17.44,-73.0052,10.7073
Valle del Cauca,Palmira,Estacion_11,2020,9,76.09,48.89,-74.8028,6.3483
Santander,Bucaramanga,Estacion_27,2021,1,48.14,20.25,-73.0254,10.7955
Norte de Santander,Cúcuta,Estacion_07,2019,11,36.23,20.18,-74.8851,5.1625
Atlántico,Barranquilla,Estacion_09,2024,12,27.09,13.54,-73.5316,4.1195
Bolívar,Cartagena,Estacion_18,2024,12,38.04,16.29,-74.845,6.8253
Norte de Santander,Cúcuta,Estacion_11,2024,7,24.87,11.05,-73.3192,9.1688
Bolívar,Cartagena,Estacion_07,2023,2,36.93,23.39,-73.3029,5.6643
Santander,Bucaramanga,Estacion_04,2020,3,23.56,14.26,-73.259,8.1085
Santander,Floridablanca,Estacion_17,2021,2,27.89,15.42,-73.5627,5.4524
Valle del Cauca,Cali,Estacion_04,2021,9,62.52,33.03,-74.0673,4.6696
Valle del Cauca,Cali,Estacion_27,2023,6,51.15,29.07,-73.2046,10.6354
Boyacá,Tunja,Estacion_06,2018,9,45.04,24.17,-73.0747,8.8468
Santander,Bucaramanga,Estacion_28,2023,2,11.73,6.43,-74.3918,10.9565
Boyacá,Duitama,Estacion_29,2021,7,39.57,23.12,-73.1441,9.2865
Cundinamarca,Soacha,Estacion_12,2019,7,28.32,14.77,-73.5004,4.3024
Santander,Floridablanca,Estacion_23,2021,12,37.11,17.33,-73.7359,10.7769
Boyacá,Duitama,Estacion_12,2024,10,33.33,21.62,-74.9054,4.9133
Santander,Bucaramanga,Estacion_05,2019,8,25.91,10.96,-73.0173,6.1778
Atlántico,Barranquilla,Estacion_24,2024,12,31.12,17.11,-73.7596,8.3882
Valle del Cauca,Cali,Estacion_03,2018,6,51.97,33.63,-74.6766,9.2637
Bogotá D.C.,Bogotá,Estacion_24,2018,7,54.87,22.6,-73.0976,8.8888
Antioquia,Envigado,Estacion_25,2018,8,20.3,12.79,-73.3301,10.0416
Atlántico,Barranquilla,Estacion_02,2018,1,29.37,18.77,-73.468,6.7465
Bogotá D.C.,Bogotá,Estacion_06,2023,1,44.86,21.76,-74.2259,6.9232
Cundinamarca,Zipaquirá,Estacion_03,2018,4,15.7,7.11,-73.6287,5.2711
Bolívar,Cartagena,Estacion_27,2022,3,28.95,16.92,-74.9837,6.3837
Atlántico,Barranquilla,Estacion_10,2020,9,6.01,3.0,-73.4541,6.8645
Cundinamarca,Zipaquirá,Estacion_15,2021,7,26.81,12.83,-74.5733,6.4676
Huila,Neiva,Estacion_18,2022,2,34.56,14.45,-73.2529,9.3984
Boyacá,Tunja,Estacion_09,2021,5,46.0,25.09,-73.6391,10.0981
Antioquia,Medellín,Estacion_13,2018,12,12.42,6.41,-73.6386,4.8438
Valle del Cauca,Cali,Estacion_06,2019,11,54.39,30.99,-73.7313,9.5882
Santander,Floridablanca,Estacion_26,2024,11,40.36,21.44,-73.4297,6.7656
Huila,Neiva,Estacion_10,2020,2,17.2,9.89,-74.6458,8.4052
Bolívar,Cartagena,Estacion_20,2023,10,41.67,24.15,-74.0407,5.5359
Huila,Neiva,Estacion_09,2019,9,39.41,17.04,-74.1936,5.9714
Cundinamarca,Soacha,Estacion_25,2019,4,33.54,15.63,-73.5204,10.658
Valle del Cauca,Palmira,Estacion_24,2022,2,43.65,22.28,-73.3223,4.0735
Cundinamarca,Zipaquirá,Estacion_15,2023,11,42.25,27.07,-74.0783,4.1847
Huila,Neiva,Estacion_09,2021,9,70.26,35.04,-74.8983,7.3521
Atlántico,Barranquilla,Estacion_27,2022,2,36.77,20.06,-74.6194,10.5284
Norte de Santander,Cúcuta,Estacion_17,2024,12,8.83,4.0,-73.1637,6.2432
Bolívar,Cartagena,Estacion_20,2022,5,5.0,3.0,-74.2735,6.7384
Antioquia,Bello,Estacion_04,2023,2,27.86,12.99,-74.7338,10.7843
Boyacá,Duitama,Estacion_25,2023,7,43.96,27.9,-73.4929,10.4818
Bolívar,Cartagena,Estacion_10,2019,9,49.32,29.94,-73.0832,6.1351
Boyacá,Duitama,Estacion_28,2024,6,60.13,28.09,-73.7949,6.4007
Bogotá D.C.,Bogotá,Estacion_10,2020,7,70.74,32.61,-74.4768,6.2703
Boyacá,Tunja,Estacion_03,2019,11,38.67,21.43,-73.6265,7.6487
Norte de Santander,Cúcuta,Estacion_18,2018,4,39.57,16.61,-73.0562,10.7175
Huila,Neiva,Estacion_02,2022,10,11.51,4.67,-73.8682,5.0641
Valle del Cauca,Cali,Estacion_23,2018,3,52.73,33.26,-73.2461,9.6659
Cundinamarca,Zipaquirá,Estacion_30,2024,10,9.25,5.82,-73.6406,10.0956
Atlántico,Barranquilla,Estacion_18,2019,7,45.44,26.21,-74.1033,4.4226
Bogotá D.C.,Bogotá,Estacion_20,2023,8,44.46,24.23,-74.181,6.5574
Huila,Neiva,Estacion_19,2018,12,36.03,15.45,-74.8185,6.5497
Atlántico,Barranquilla,Estacion_04,2019,6,39.02,17.54,-73.5423,6.7219
Huila,Neiva,Estacion_15,2018,7,57.43,29.8,-74.3435,7.0427
Santander,Bucaramanga,Estacion_07,2023,2,33.96,14.6,-73.7609,5.8226
Boyacá,Duitama,Estacion_06,2018,6,44.26,21.85,-73.0386,5.1391
Cundinamarca,Zipaquirá,Estacion_29,2024,6,31.44,19.05,-73.8084,9.5892
Bogotá D.C.,Bogotá,Estacion_17,2024,4,63.83,26.39,-74.682,10.8971
Norte de Santander,Cúcuta,Estacion_26,2022,10,46.57,20.37,-73.5423,7.7245
Norte de Santander,Cúcuta,Estacion_29,2021,9,70.09,38.17,-74.9709,4.218
Boyacá,Tunja,Estacion_17,2020,5,58.45,23.85,-74.6506,5.4792
Cundinamarca,Soacha,Estacion_09,2024,2,28.19,14.32,-73.4252,10.7885
Bolívar,Cartagena,Estacion_15,2023,3,23.34,10.15,-74.9415,10.1247
Boyacá,Tunja,Estacion_06,2023,10,35.25,16.69,-73.4271,10.2058
Bolívar,Cartagena,Estacion_20,2021,8,33.22,13.98,-73.1379,7.5547
Huila,Neiva,Estacion_12,2024,10,17.11,6.95,-74.2824,5.8567
Santander,Floridablanca,Estacion_17,2020,11,41.79,19.93,-73.0643,5.8219
Norte de Santander,Cúcuta,Estacion_16,2024,10,36.93,21.78,-73.3058,4.5427
Cundinamarca,Soacha,Estacion_05,2022,2,44.18,24.65,-73.8354,8.3999
Cundinamarca,Zipaquirá,Estacion_22,2018,5,31.03,17.83,-73.3064,8.8274
Atlántico,Barranquilla,Estacion_25,2022,12,54.61,28.27,-73.7177,4.7004
Antioquia,Bello,Estacion_21,2024,10,32.24,14.39,-73.0909,7.509
Valle del Cauca,Palmira,Estacion_29,2021,8,53.73,26.01,-73.4428,5.9595
Cundinamarca,Zipaquirá,Estacion_25,2021,9,20.07,9.75,-74.1617,8.7871
Antioquia,Bello,Estacion_10,2019,7,74.05,31.72,-73.0853,9.6358
Boyacá,Duitama,Estacion_29,2019,5,52.8,22.06,-74.0116,7.0119
Bolívar,Cartagena,Estacion_16,2022,3,26.57,12.44,-73.5208,5.213
Antioquia,Medellín,Estacion_04,2024,2,54.65,22.23,-73.684,9.6271
Norte de Santander,Cúcuta,Estacion_23,2018,5,11.73,5.48,-74.8935,4.6282
Valle del Cauca,Cali,Estacion_26,2018,11,40.56,19.32,-74.4836,7.9207
Boyacá,Duitama,Estacion_19,2021,2,65.27,30.58,-74.7411,9.4509
Bogotá D.C.,Bogotá,Estacion_24,2018,3,47.73,28.68,-73.922,5.8385
Bolívar,Cartagena,Estacion_17,2018,12,15.12,7.79,-73.7125,6.5412
Santander,Bucaramanga,Estacion_14,2023,5,35.24,15.54,-74.451,8.738
Bolívar,Cartagena,Estacion_06,2021,10,50.22,30.43,-73.6768,6.7894
Cundinamarca,Soacha,Estacion_30,2024,1,20.34,10.6,-73.602,8.002
Valle del Cauca,Cali,Estacion_26,2024,4,45.56,23.21,-74.9491,10.1558
Atlántico,Barranquilla,Estacion_27,2020,12,12.2,5.72,-74.5388,7.0763
Boyacá,Tunja,Estacion_18,2019,10,37.39,16.84,-73.9728,10.9812
Cundinamarca,Soacha,Estacion_05,2022,5,33.11,15.55,-73.1333,5.0754
Norte de Santander,Cúcuta,Estacion_14,2023,3,24.71,15.49,-73.1836,8.3256
Santander,Bucaramanga,Estacion_22,2023,5,19.01,11.44,-74.0844,4.3866
Santander,Floridablanca,Estacion_11,2018,6,36.7,20.24,-74.1984,8.466
Cundinamarca,Soacha,Estacion_29,2022,3,52.34,24.2,-73.9648,4.0797
Bogotá D.C.,Bogotá,Estacion_22,2023,3,35.88,18.67,-73.4155,4.9724
Santander,Floridablanca,Estacion_11,2023,6,24.64,11.1,-73.7808,5.0446
Valle del Cauca,Cali,Estacion_05,2022,9,64.76,41.31,-73.3608,9.735
Valle del Cauca,Cali,Estacion_08,2019,8,59.85,28.5,-74.7236,4.4998
Cundinamarca,Soacha,Estacion_17,2019,9,13.7,5.76,-73.4851,8.0888
Huila,Neiva,Estacion_18,2023,3,31.62,20.48,-74.6718,8.8003
Atlántico,Barranquilla,Estacion_06,2022,12,27.07,17.5,-74.7611,8.0859
Bolívar,Cartagena,Estacion_02,2022,12,58.85,24.92,-73.9819,5.3776
Antioquia,Medellín,Estacion_21,2019,8,56.25,32.56,-73.6381,5.25
Santander,Floridablanca,Estacion_22,2020,5,26.08,12.11,-74.7375,7.3465
Bogotá D.C.,Bogotá,Estacion_17,2022,11,27.05,16.04,-74.6694,5.2257
Boyacá,Duitama,Estacion_07,2018,4,5.0,3.0,-73.9698,9.6408
Bogotá D.C.,Bogotá,Estacion_26,2021,5,50.55,31.65,-73.0096,4.3655
Bogotá D.C.,Bogotá,Estacion_01,2023,8,45.42,29.01,-73.5067,6.6728
Boyacá,Duitama,Estacion_19,2022,8,65.87,38.32,-73.1766,6.2203
Atlántico,Barranquilla,Estacion_08,2020,4,13.97,7.34,-74.0024,10.7917
Bogotá D.C.,Bogotá,Estacion_08,2022,12,81.27,38.42,-73.6502,6.2857
Huila,Neiva,Estacion_22,2024,8,24.43,12.09,-74.7905,8.2834
Bolívar,Cartagena,Estacion_05,2023,11,48.59,27.11,-74.6905,7.7867
Huila,Neiva,Estacion_06,2019,5,25.32,14.29,-73.4913,6.2941
Antioquia,Bello,Estacion_23,2019,8,38.54,23.62,-73.6134,10.5979
Antioquia,Medellín,Estacion_15,2020,11,39.95,19.28,-73.6129,7.1827
Santander,Floridablanca,Estacion_08,2020,2,50.05,28.97,-73.267,5.823
Huila,Neiva,Estacion_26,2023,8,39.18,24.97,-73.598,7.4174
Bolívar,Cartagena,Estacion_08,2018,3,77.74,42.28,-74.7289,8.7216
Bogotá D.C.,Bogotá,Estacion_18,2019,4,43.34,27.07,-74.0404,10.8152
Boyacá,Duitama,Estacion_26,2023,1,44.9,24.98,-74.8905,9.8811
Norte de Santander,Cúcuta,Estacion_07,2024,6,34.54,16.14,-74.7891,10.4511
Bolívar,Cartagena,Estacion_04,2019,12,10.89,4.43,-73.4502,7.8558
Norte de Santander,Cúcuta,Estacion_25,2022,9,23.43,12.29,-74.27,9.9343
Huila,Neiva,Estacion_08,2019,12,43.74,27.06,-74.038,4.273
Huila,Neiva,Estacion_30,2022,4,52.82,32.78,-73.5989,8.0253
Norte de Santander,Cúcuta,Estacion_07,2024,10,38.51,17.12,-74.4471,7.0021
Bolívar,Cartagena,Estacion_30,2019,1,37.36,22.12,-73.9143,9.9612
Huila,Neiva,Estacion_30,2022,5,18.54,9.58,-74.2404,8.2863
Norte de Santander,Cúcuta,Estacion_28,2024,5,30.18,14.13,-74.4518,4.4498
Norte de Santander,Cúcuta,Estacion_03,2018,2,22.69,11.57,-73.0562,6.2605
Bolívar,Cartagena,Estacion_01,2023,2,53.6,34.73,-73.5062,7.678
Valle del Cauca,Palmira,Estacion_17,2020,3,49.09,28.62,-73.145,10.472
Valle del Cauca,Palmira,Estacion_23,2024,6,45.2,25.85,-73.3148,5.1762
Valle del Cauca,Cali,Estacion_03,2024,2,42.8,21.25,-73.0837,5.637
Valle del Cauca,Palmira,Estacion_15,2021,6,46.8,23.86,-74.0698,7.2631
Huila,Neiva,Estacion_14,2018,6,47.82,30.52,-73.1629,6.3195
Bolívar,Cartagena,Estacion_29,2024,1,66.63,36.88,-73.4152,5.6259
Norte de Santander,Cúcuta,Estacion_26,2023,10,28.34,16.26,-73.4867,6.8039
Valle del Cauca,Cali,Estacion_19,2018,8,52.04,23.33,-73.4629,6.2795
Huila,Neiva,Estacion_30,2022,2,37.07,15.12,-73.3007,7.2962
Atlántico,Barranquilla,Estacion_27,2022,3,36.23,21.13,-74.5933,8.4756
Antioquia,Envigado,Estacion_18,2021,11,34.69,15.47,-74.3646,9.1319
Antioquia,Envigado,Estacion_07,2019,10,24.77,14.08,-74.6782,10.8096
Santander,Floridablanca,Estacion_28,2020,5,27.53,17.67,-73.4626,10.3853
Valle del Cauca,Palmira,Estacion_17,2021,12,42.25,18.75,-74.4346,7.0658
Bolívar,Cartagena,Estacion_15,2020,1,22.47,11.16,-73.8631,8.045
Santander,Bucaramanga,Estacion_28,2018,11,43.17,25.6,-74.7588,7.3067
Huila,Neiva,Estacion_07,2021,7,51.54,24.7,-73.5589,9.9975
Atlántico,Barranquilla,Estacion_18,2021,9,44.84,27.57,-74.0125,4.2036
Antioquia,Medellín,Estacion_17,2018,3,68.85,43.0,-74.5655,9.5862
Norte de Santander,Cúcuta,Estacion_12,2021,8,23.16,9.7,-74.654,10.3242
Valle del Cauca,Cali,Estacion_23,2020,12,57.77,24.99,-73.0648,7.5524
Santander,Floridablanca,Estacion_08,2021,11,41.0,18.28,-73.9178,10.1835
Norte de Santander,Cúcuta,Estacion_01,2023,2,44.42,25.51,-74.8833,5.8576
Valle del Cauca,Cali,Estacion_19,2018,9,36.93,21.81,-74.7646,6.0414
Huila,Neiva,Estacion_22,2021,7,53.75,28.39,-74.948,10.8007
Bolívar,Cartagena,Estacion_20,2023,5,23.38,9.65,-73.7812,10.1289
Bolívar,Cartagena,Estacion_03,2019,8,7.76,4.14,-73.3951,7.7131
Santander,Bucaramanga,Estacion_23,2022,12,50.91,25.21,-73.8733,10.007
Antioquia,Envigado,Estacion_10,2024,6,42.87,22.6,-73.0382,10.9432
Cundinamarca,Zipaquirá,Estacion_08,2024,9,38.6,18.68,-73.1868,5.8366
Boyacá,Duitama,Estacion_18,2020,11,19.44,10.6,-74.5718,5.7653
Antioquia,Medellín,Estacion_27,2021,6,57.29,35.3,-73.9024,8.9548
Huila,Neiva,Estacion_06,2019,6,11.13,6.42,-74.9054,10.3646
Boyacá,Tunja,Estacion_29,2023,2,39.15,22.14,-73.2277,5.2926
Bolívar,Cartagena,Estacion_12,2020,5,26.42,12.98,-74.3703,4.0832
Bogotá D.C.,Bogotá,Estacion_19,2020,9,29.49,13.65,-74.1441,10.7674
Valle del Cauca,Cali,Estacion_20,2021,8,44.39,28.41,-74.3613,4.5634
Atlántico,Barranquilla,Estacion_13,2021,3,19.24,9.64,-74.0343,10.4544
Bogotá D.C.,Bogotá,Estacion_15,2019,8,57.74,24.7,-74.2197,7.7297
Atlántico,Soledad,Estacion_03,2020,11,26.01,14.75,-74.2883,5.7559
Valle del Cauca,Cali,Estacion_30,2022,6,55.24,32.42,-74.4384,6.1053
Santander,Bucaramanga,Estacion_26,2019,9,37.0,16.87,-74.344,6.8108
Valle del Cauca,Cali,Estacion_27,2022,4,78.23,40.83,-74.3999,10.5698
Norte de Santander,Cúcuta,Estacion_07,2021,10,30.05,13.84,-73.9194,4.3233
Norte de Santander,Cúcuta,Estacion_13,2018,8,71.18,43.54,-74.5423,8.694
Antioquia,Bello,Estacion_12,2022,4,36.36,15.27,-74.679,10.5049
Antioquia,Medellín,Estacion_18,2023,5,30.35,17.03,-73.489,5.7566
Huila,Neiva,Estacion_04,2024,3,43.91,22.19,-74.8997,7.748
Huila,Neiva,Estacion_12,2020,9,38.88,20.15,-73.7979,7.3381
Norte de Santander,Cúcuta,Estacion_14,2023,7,25.93,13.71,-74.9137,6.8326
Antioquia,Medellín,Estacion_19,2022,9,23.39,11.13,-74.0505,9.5386
Antioquia,Bello,Estacion_21,2021,9,30.93,18.29,-74.4133,7.2296
Bolívar,Cartagena,Estacion_01,2021,1,13.81,6.7,-74.3214,9.0514
Atlántico,Soledad,Estacion_18,2024,6,32.2,19.82,-74.4328,10.6087
Atlántico,Barranquilla,Estacion_28,2021,12,30.88,19.76,-73.548,6.2523
Boyacá,Tunja,Estacion_16,2021,1,39.66,24.92,-73.1392,6.41
Cundinamarca,Soacha,Estacion_13,2021,10,29.32,12.14,-74.2651,7.1542
Huila,Neiva,Estacion_01,2018,9,32.57,15.68,-74.2039,9.715
Cundinamarca,Zipaquirá,Estacion_30,2023,7,74.62,37.34,-74.3819,9.4534
Valle del Cauca,Cali,Estacion_16,2020,6,65.34,34.94,-73.9695,5.4115
Atlántico,Barranquilla,Estacion_21,2018,5,16.03,7.85,-74.4287,6.2729
Huila,Neiva,Estacion_17,2024,11,24.34,10.79,-74.984,10.5604
Cundinamarca,Zipaquirá,Estacion_14,2020,4,33.88,21.31,-73.4623,4.2448
Bogotá D.C.,Bogotá,Estacion_05,2024,9,79.56,31.83,-74.9608,10.2712
Cundinamarca,Zipaquirá,Estacion_14,2024,2,32.62,18.9,-73.35,9.5731
Santander,Bucaramanga,Estacion_13,2019,8,35.51,20.37,-73.4437,6.4198
Valle del Cauca,Palmira,Estacion_30,2024,3,31.89,19.24,-73.8522,6.5309
Atlántico,Soledad,Estacion_07,2021,6,55.02,35.58,-73.0396,5.0939
Bolívar,Cartagena,Estacion_19,2021,7,34.03,16.81,-74.4227,8.2423
Atlántico,Barranquilla,Estacion_17,2018,2,5.0,3.03,-74.9031,9.258
Bogotá D.C.,Bogotá,Estacion_15,2021,5,47.24,30.6,-73.1797,5.8573
Antioquia,Bello,Estacion_24,2020,1,37.79,19.42,-73.4819,10.4322
Antioquia,Medellín,Estacion_07,2019,2,53.29,24.33,-73.8029,6.6412
Antioquia,Bello,Estacion_10,2018,11,11.96,4.87,-73.4925,8.4613
Bolívar,Cartagena,Estacion_04,2020,2,20.99,12.26,-73.6105,7.6978
Huila,Neiva,Estacion_30,2019,10,48.2,27.93,-73.6521,10.1466
Valle del Cauca,Palmira,Estacion_17,2021,1,65.32,41.46,-73.4437,6.8919
Boyacá,Duitama,Estacion_30,2020,11,50.43,28.57,-74.9664,4.9882
Huila,Neiva,Estacion_09,2023,10,31.96,15.35,-73.2299,6.3582
Boyacá,Tunja,Estacion_01,2018,10,21.46,10.66,-74.4568,9.1127
Bogotá D.C.,Bogotá,Estacion_26,2022,5,68.89,37.33,-74.4804,5.0347
Antioquia,Medellín,Estacion_05,2018,11,32.4,19.13,-73.9912,8.6636
Bogotá D.C.,Bogotá,Estacion_03,2019,12,47.22,20.44,-74.7176,10.4243
Bogotá D.C.,Bogotá,Estacion_10,2021,9,49.89,25.84,-74.7115,4.2831
Bogotá D.C.,Bogotá,Estacion_18,2021,6,54.88,31.66,-73.118,7.6205
Valle del Cauca,Cali,Estacion_06,2022,1,72.47,40.64,-73.3864,5.9825
Antioquia,Bello,Estacion_03,2018,6,49.35,22.39,-73.5358,8.3404
Cundinamarca,Soacha,Estacion_15,2018,7,31.64,14.64,-73.9673,7.4473
Atlántico,Soledad,Estacion_25,2022,12,42.33,26.51,-73.6662,8.618
Boyacá,Tunja,Estacion_15,2020,11,52.81,22.96,-74.3917,7.3819
Bogotá D.C.,Bogotá,Estacion_17,2019,12,87.44,45.08,-74.5027,5.1907
Boyacá,Tunja,Estacion_18,2019,8,36.68,22.4,-74.3861,7.9095
Valle del Cauca,Palmira,Estacion_25,2024,3,60.45,36.03,-74.3918,5.4764
Atlántico,Barranquilla,Estacion_29,2019,1,24.86,10.39,-73.2084,6.8759
Cundinamarca,Zipaquirá,Estacion_12,2024,1,35.03,19.29,-74.3465,6.066
Antioquia,Envigado,Estacion_11,2023,3,40.1,16.66,-73.8304,4.7359
Bogotá D.C.,Bogotá,Estacion_23,2018,5,45.91,27.13,-73.8322,4.3738
Huila,Neiva,Estacion_27,2020,1,24.53,13.88,-73.3224,8.8781
Bogotá D.C.,Bogotá,Estacion_29,2021,9,45.85,24.32,-74.3936,5.1393
Valle del Cauca,Palmira,Estacion_15,2021,9,68.0,32.9,-73.6138,9.8902
Santander,Floridablanca,Estacion_05,2022,3,21.3,8.98,-74.5796,9.6261
Valle del Cauca,Palmira,Estacion_27,2021,5,54.64,23.74,-74.6259,9.9332
Antioquia,Bello,Estacion_13,2018,10,48.63,21.77,-73.4159,10.8286
Huila,Neiva,Estacion_03,2023,5,31.58,14.07,-74.9565,10.409
Atlántico,Soledad,Estacion_15,2021,8,29.56,13.7,-74.4202,5.7177
Cundinamarca,Soacha,Estacion_13,2019,4,29.71,19.27,-73.1602,6.3656
Boyacá,Tunja,Estacion_07,2023,8,38.89,20.25,-74.0641,7.0223
Bogotá D.C.,Bogotá,Estacion_11,2022,6,64.63,33.19,-73.3923,10.9389
Santander,Floridablanca,Estacion_28,2022,10,48.76,27.27,-73.8915,7.4253
Bogotá D.C.,Bogotá,Estacion_23,2021,9,57.83,37.58,-73.1381,10.4381
Santander,Bucaramanga,Estacion_19,2022,12,40.78,20.49,-73.7519,7.2199
Bogotá D.C.,Bogotá,Estacion_13,2018,2,76.51,37.24,-73.4555,6.5467
Antioquia,Medellín,Estacion_16,2020,10,29.59,15.69,-73.4095,8.2405
Cundinamarca,Soacha,Estacion_03,2020,9,29.55,15.72,-74.945,7.416
Norte de Santander,Cúcuta,Estacion_27,2019,10,33.19,13.93,-74.6278,6.9025
Atlántico,Barranquilla,Estacion_12,2024,7,35.51,15.7,-73.2536,5.3028
Cundinamarca,Soacha,Estacion_12,2023,2,37.67,22.3,-74.0371,8.2707
Boyacá,Duitama,Estacion_08,2020,3,19.98,12.26,-73.2474,9.5107
Antioquia,Envigado,Estacion_27,2020,12,16.26,6.51,-74.738,5.731
Bolívar,Cartagena,Estacion_02,2024,12,41.42,21.47,-74.5072,6.3806
Bolívar,Cartagena,Estacion_20,2024,3,41.89,25.26,-73.3862,5.4197
Santander,Bucaramanga,Estacion_11,2021,12,41.51,19.21,-73.4006,10.9579
Antioquia,Bello,Estacion_05,2024,2,33.25,15.63,-73.0286,5.4667
Antioquia,Medellín,Estacion_17,2023,7,13.45,7.94,-73.5394,10.1008
Antioquia,Envigado,Estacion_18,2021,9,44.55,18.04,-74.3611,10.4544
Boyacá,Tunja,Estacion_04,2022,2,31.19,14.21,-74.8098,6.5131
Bolívar,Cartagena,Estacion_30,2022,10,23.47,9.99,-74.2842,9.9258
Bogotá D.C.,Bogotá,Estacion_09,2023,1,51.77,31.76,-74.4917,10.1954
Antioquia,Envigado,Estacion_18,2024,11,29.08,15.9,-74.6163,7.8383
Antioquia,Medellín,Estacion_03,2020,6,40.25,25.2,-73.1144,9.2758
Santander,Bucaramanga,Estacion_25,2021,3,40.37,20.6,-73.936,5.7514
Boyacá,Duitama,Estacion_11,2022,5,7.82,3.23,-74.7357,7.1044
Bolívar,Cartagena,Estacion_22,2018,3,70.43,35.63,-74.1324,7.3943
Boyacá,Tunja,Estacion_15,2022,4,59.34,34.88,-73.5398,5.9861
Santander,Floridablanca,Estacion_29,2018,12,36.41,18.57,-74.4057,5.0062
Bogotá D.C.,Bogotá,Estacion_01,2021,4,51.91,24.6,-73.3314,7.4297
Bogotá D.C.,Bogotá,Estacion_06,2020,8,96.54,43.09,-74.5419,10.8842
Boyacá,Tunja,Estacion_23,2020,10,5.0,3.07,-74.7489,6.1805
Norte de Santander,Cúcuta,Estacion_17,2022,9,46.57,27.34,-73.1972,5.1611
Boyacá,Tunja,Estacion_11,2018,3,16.57,10.59,-74.6361,10.5388
Santander,Floridablanca,Estacion_21,2022,1,41.41,21.66,-74.7786,10.4947
Bogotá D.C.,Bogotá,Estacion_17,2021,11,72.63,42.28,-74.7192,5.277
Antioquia,Envigado,Estacion_29,2023,11,47.87,19.69,-73.5321,4.0855
Valle del Cauca,Cali,Estacion_22,2020,3,79.81,51.87,-74.6245,8.7453
Norte de Santander,Cúcuta,Estacion_21,2019,9,24.26,14.82,-74.2822,4.2302
Bogotá D.C.,Bogotá,Estacion_04,2020,11,87.81,40.39,-74.6035,6.6431
Huila,Neiva,Estacion_21,2024,4,23.61,11.66,-73.7544,6.1294
Antioquia,Envigado,Estacion_19,2021,9,42.52,24.39,-74.3578,8.8565
Atlántico,Soledad,Estacion_10,2024,6,33.28,14.66,-74.2203,7.4813
Bolívar,Cartagena,Estacion_19,2020,3,23.82,12.75,-74.8225,8.5313
Norte de Santander,Cúcuta,Estacion_04,2021,7,25.92,12.31,-73.4141,9.6732
Huila,Neiva,Estacion_04,2020,5,41.59,24.24,-74.2418,5.2056
Huila,Neiva,Estacion_15,2018,6,29.88,16.24,-74.8587,8.722
Santander,Bucaramanga,Estacion_28,2021,6,24.57,13.78,-73.0251,6.7772
Antioquia,Medellín,Estacion_30,2021,8,24.15,14.0,-73.0478,10.2388
Bolívar,Cartagena,Estacion_26,2019,6,10.24,4.36,-73.973,5.8249
Boyacá,Duitama,Estacion_06,2024,10,37.68,20.73,-74.1561,6.315
Boyacá,Tunja,Estacion_05,2023,4,47.43,29.0,-73.8122,10.9148
Bolívar,Cartagena,Estacion_02,2020,10,21.23,12.42,-74.2719,9.3395
Antioquia,Medellín,Estacion_09,2022,9,41.81,23.87,-74.5397,10.4489
Santander,Bucaramanga,Estacion_10,2021,8,43.72,23.84,-73.5234,5.4328
Huila,Neiva,Estacion_12,2023,3,7.47,4.57,-74.7982,6.0038
Huila,Neiva,Estacion_30,2021,4,35.48,20.03,-73.7738,7.6347
Atlántico,Barranquilla,Estacion_25,2023,2,13.59,7.82,-73.6232,7.6028
Bolívar,Cartagena,Estacion_29,2024,5,37.93,24.53,-73.3325,10.4179
Atlántico,Barranquilla,Estacion_01,2021,2,18.91,10.08,-73.0487,6.8275
Santander,Floridablanca,Estacion_27,2018,11,27.05,15.91,-74.0038,10.6599
Antioquia,Envigado,Estacion_23,2024,8,32.5,18.58,-73.573,6.3998
Huila,Neiva,Estacion_09,2024,1,27.93,15.21,-73.8341,9.989
Huila,Neiva,Estacion_23,2023,10,44.63,23.81,-74.3632,9.5196
Antioquia,Bello,Estacion_10,2019,7,41.97,26.17,-74.3794,6.0765
Antioquia,Medellín,Estacion_27,2019,9,38.83,22.13,-73.2956,9.9265
Norte de Santander,Cúcuta,Estacion_21,2021,1,30.55,14.02,-74.0942,5.9326
Antioquia,Envigado,Estacion_19,2018,1,33.25,13.55,-73.708,8.0768
Valle del Cauca,Palmira,Estacion_13,2018,2,82.69,40.49,-73.665,7.9868
Bolívar,Cartagena,Estacion_13,2024,4,10.22,4.34,-74.3301,7.5839
Bogotá D.C.,Bogotá,Estacion_14,2021,1,44.32,24.13,-73.349,7.1427
Bogotá D.C.,Bogotá,Estacion_11,2020,11,68.06,41.42,-74.4583,9.2192
Norte de Santander,Cúcuta,Estacion_08,2024,6,18.93,11.4,-73.9945,7.3966
Huila,Neiva,Estacion_18,2023,7,27.62,13.0,-73.47,7.6288
Santander,Bucaramanga,Estacion_06,2018,3,36.48,14.91,-73.7955,8.5022
Bolívar,Cartagena,Estacion_23,2021,3,54.42,28.08,-74.5484,4.9747
Santander,Bucaramanga,Estacion_13,2018,2,35.99,19.06,-73.2313,7.3196
Boyacá,Duitama,Estacion_04,2024,7,72.17,31.79,-73.7588,5.9613
Boyacá,Duitama,Estacion_17,2021,1,34.64,17.59,-74.1763,5.8684
Huila,Neiva,Estacion_17,2019,9,30.08,18.58,-73.7397,6.8345
Bogotá D.C.,Bogotá,Estacion_14,2024,7,37.36,19.19,-73.4298,7.687
Boyacá,Tunja,Estacion_24,2019,5,34.63,19.2,-73.4676,9.5921
Huila,Neiva,Estacion_02,2019,11,30.39,16.8,-73.8737,4.8812
Bogotá D.C.,Bogotá,Estacion_26,2022,12,59.87,38.68,-73.7352,9.0497
Santander,Bucaramanga,Estacion_28,2024,12,40.58,18.26,-73.527,4.0599
Atlántico,Soledad,Estacion_03,2021,2,48.91,26.29,-74.3561,10.1622
Bogotá D.C.,Bogotá,Estacion_10,2021,2,55.99,27.13,-74.3468,6.2226
Cundinamarca,Soacha,Estacion_23,2021,12,31.05,18.27,-74.2185,10.8275
Norte de Santander,Cúcuta,Estacion_07,2022,3,42.85,26.62,-74.5784,4.4068
Santander,Bucaramanga,Estacion_04,2018,4,8.77,4.59,-73.5009,10.7722
Norte de Santander,Cúcuta,Estacion_29,2018,5,24.82,15.75,-73.5257,7.4887
Bogotá D.C.,Bogotá,Estacion_06,2019,4,37.29,19.09,-73.5968,9.683
Atlántico,Soledad,Estacion_21,2021,12,33.31,14.0,-73.7993,8.1276
Huila,Neiva,Estacion_20,2019,1,14.85,6.19,-74.5817,4.1014
Santander,Floridablanca,Estacion_29,2021,5,29.97,18.65,-74.9013,9.0687
Bolívar,Cartagena,Estacion_20,2023,2,13.48,8.51,-74.8383,5.581
Valle del Cauca,Cali,Estacion_07,2024,7,32.49,17.43,-74.7044,7.0285
Atlántico,Barranquilla,Estacion_08,2022,1,23.02,13.17,-73.5715,5.5267
Atlántico,Barranquilla,Estacion_27,2019,7,34.93,21.25,-74.6025,8.9209
Antioquia,Bello,Estacion_24,2018,5,10.12,5.31,-74.1719,8.2408
Boyacá,Duitama,Estacion_03,2023,12,31.97,13.68,-74.8505,6.786
Huila,Neiva,Estacion_22,2019,10,41.49,18.51,-73.1385,4.4445
Huila,Neiva,Estacion_24,2022,10,27.83,16.1,-73.9548,8.0664
Valle del Cauca,Cali,Estacion_03,2024,1,30.46,16.44,-73.4132,8.819
Bogotá D.C.,Bogotá,Estacion_06,2019,3,57.25,35.06,-73.1669,7.484
Bolívar,Cartagena,Estacion_26,2018,2,26.79,14.9,-73.4777,5.8722
Bogotá D.C.,Bogotá,Estacion_10,2024,5,52.25,22.71,-73.8037,6.1006
Bolívar,Cartagena,Estacion_18,2020,8,48.66,28.57,-74.9133,5.506
Valle del Cauca,Cali,Estacion_03,2018,10,60.8,37.48,-74.9788,8.4886
Huila,Neiva,Estacion_25,2022,12,41.48,24.99,-73.1426,5.6788
Santander,Bucaramanga,Estacion_01,2023,12,63.35,30.1,-74.3036,6.2542
Cundinamarca,Soacha,Estacion_04,2018,7,5.0,3.0,-74.1524,7.9225
Santander,Bucaramanga,Estacion_18,2021,8,41.65,26.25,-73.778,4.6119
Bolívar,Cartagena,Estacion_21,2022,8,7.36,4.24,-73.874,6.9193
Bogotá D.C.,Bogotá,Estacion_06,2024,10,26.59,11.22,-73.1016,8.8196
Santander,Bucaramanga,Estacion_02,2023,1,36.27,19.29,-73.1042,6.4086
Huila,Neiva,Estacion_07,2018,7,30.84,15.52,-74.6779,9.8733
Antioquia,Bello,Estacion_29,2019,9,41.17,21.76,-73.0295,6.17
Cundinamarca,Soacha,Estacion_27,2020,5,32.11,19.61,-73.988,8.5025
Huila,Neiva,Estacion_22,2018,8,36.61,21.49,-74.9713,5.8148
Bogotá D.C.,Bogotá,Estacion_16,2019,1,75.06,45.45,-74.3371,4.8881
Atlántico,Barranquilla,Estacion_06,2024,12,17.0,9.02,-74.4914,4.8096
Atlántico,Barranquilla,Estacion_11,2022,11,43.76,27.59,-74.8808,7.3622
Bolívar,Cartagena,Estacion_01,2019,4,38.12,23.11,-74.3647,4.9758
Boyacá,Tunja,Estacion_14,2019,8,32.7,19.71,-73.4321,7.3135
Bogotá D.C.,Bogotá,Estacion_06,2022,7,63.58,29.63,-74.2389,6.1812
Boyacá,Duitama,Estacion_08,2024,12,23.96,13.87,-73.7043,7.521
Valle del Cauca,Palmira,Estacion_27,2020,11,80.74,47.01,-73.6981,8.3834
Atlántico,Barranquilla,Estacion_08,2018,5,39.27,24.35,-73.6673,9.8972
Boyacá,Tunja,Estacion_17,2018,6,25.41,14.37,-73.0289,5.6534
Bogotá D.C.,Bogotá,Estacion_05,2022,3,36.61,21.36,-73.8069,8.1789
Huila,Neiva,Estacion_19,2023,5,56.98,33.81,-74.1135,5.3708
Atlántico,Barranquilla,Estacion_06,2024,10,51.06,25.29,-73.2802,6.4699
Cundinamarca,Zipaquirá,Estacion_28,2023,1,18.27,11.22,-73.2171,4.0683
Norte de Santander,Cúcuta,Estacion_12,2019,9,28.23,18.02,-73.6516,8.0359
Valle del Cauca,Palmira,Estacion_20,2020,2,23.94,10.68,-73.444,5.9599
Boyacá,Tunja,Estacion_18,2019,11,10.82,4.6,-74.1305,8.406
Bogotá D.C.,Bogotá,Estacion_24,2020,1,81.78,44.77,-73.9871,5.5807
Bogotá D.C.,Bogotá,Estacion_15,2024,8,61.2,34.14,-74.8,4.2182
Atlántico,Barranquilla,Estacion_28,2021,4,8.8,4.2,-73.7863,7.9541
Atlántico,Barranquilla,Estacion_04,2020,6,39.51,24.2,-73.4277,10.0459
Boyacá,Tunja,Estacion_04,2021,6,59.98,25.96,-73.0313,9.7751
Cundinamarca,Soacha,Estacion_26,2019,11,65.71,41.03,-73.7179,4.3294
Valle del Cauca,Palmira,Estacion_19,2019,8,105.02,50.78,-73.9206,7.7313
Boyacá,Tunja,Estacion_21,2018,3,45.37,26.61,-74.9744,8.6968
Huila,Neiva,Estacion_12,2023,8,48.44,31.28,-73.9664,5.8283
Valle del Cauca,Cali,Estacion_12,2018,11,34.81,15.32,-74.1324,5.2687
Santander,Bucaramanga,Estacion_28,2022,12,26.58,14.02,-74.8547,9.0536
Santander,Floridablanca,Estacion_16,2021,11,26.9,15.08,-74.1678,9.5066
Atlántico,Barranquilla,Estacion_01,2020,6,29.75,18.06,-73.3284,9.6054
Bolívar,Cartagena,Estacion_26,2020,6,41.53,24.29,-74.9778,5.5338
Huila,Neiva,Estacion_18,2018,6,27.82,17.42,-73.8753,7.5806
Valle del Cauca,Palmira,Estacion_17,2021,5,49.55,31.61,-74.7772,5.8421
Bogotá D.C.,Bogotá,Estacion_20,2018,4,70.42,29.06,-74.7875,8.8096
Bogotá D.C.,Bogotá,Estacion_20,2018,2,61.81,30.5,-73.8579,7.7631
Cundinamarca,Soacha,Estacion_03,2024,7,43.44,27.22,-74.4953,6.1396
Santander,Bucaramanga,Estacion_02,2020,4,31.32,18.42,-73.1933,10.8072
Boyacá,Tunja,Estacion_26,2022,3,46.06,28.73,-73.8908,7.6977
Norte de Santander,Cúcuta,Estacion_30,2021,2,36.77,15.49,-73.2306,8.7889
Norte de Santander,Cúcuta,Estacion_16,2019,3,51.49,32.3,-74.7559,6.6659
Boyacá,Duitama,Estacion_10,2019,9,25.59,15.46,-74.5706,10.3835
Norte de Santander,Cúcuta,Estacion_06,2018,4,60.89,38.93,-74.6663,7.6769
Valle del Cauca,Cali,Estacion_16,2018,5,49.66,25.78,-73.6112,4.1989
Cundinamarca,Zipaquirá,Estacion_11,2022,6,27.95,15.49,-74.4754,7.918
Bogotá D.C.,Bogotá,Estacion_08,2023,12,46.54,22.74,-74.4412,7.7544
Bogotá D.C.,Bogotá,Estacion_24,2023,2,52.44,29.62,-73.9561,5.2308
Atlántico,Soledad,Estacion_21,2024,5,38.79,21.07,-73.6866,7.4815
Antioquia,Envigado,Estacion_28,2023,2,32.37,18.79,-73.3464,5.0097
Bogotá D.C.,Bogotá,Estacion_05,2018,12,45.13,22.01,-74.1243,9.5744
Atlántico,Soledad,Estacion_02,2019,6,50.02,24.04,-73.4901,9.2508
Cundinamarca,Soacha,Estacion_10,2023,9,43.6,26.76,-73.7068,7.2435
Bolívar,Cartagena,Estacion_18,2018,12,43.04,22.06,-74.4966,4.9451
Atlántico,Soledad,Estacion_14,2020,3,20.98,8.94,-74.482,8.154
Norte de Santander,Cúcuta,Estacion_25,2021,5,32.1,15.38,-74.0948,6.612
Boyacá,Tunja,Estacion_12,2018,8,26.2,11.97,-73.3366,9.5858
Cundinamarca,Zipaquirá,Estacion_28,2024,4,39.18,19.33,-73.1042,7.4682
Valle del Cauca,Cali,Estacion_10,2021,4,62.95,34.74,-74.3427,5.4429
Bogotá D.C.,Bogotá,Estacion_06,2024,9,60.58,30.18,-74.7016,4.4637
Valle del Cauca,Palmira,Estacion_12,2023,6,68.61,39.16,-73.7936,6.7707
Bolívar,Cartagena,Estacion_11,2019,2,28.79,14.4,-73.9594,6.0852
Valle del Cauca,Palmira,Estacion_26,2020,1,36.44,16.43,-73.1804,8.2913
Cundinamarca,Zipaquirá,Estacion_16,2024,10,17.81,11.3,-74.2723,8.3463
Boyacá,Duitama,Estacion_06,2024,2,34.36,19.8,-74.1665,9.8177
Bolívar,Cartagena,Estacion_17,2022,10,22.57,13.7,-73.2166,10.5086
Bolívar,Cartagena,Estacion_03,2019,7,41.05,20.4,-74.5624,9.544
Antioquia,Envigado,Estacion_24,2023,8,37.63,21.16,-73.172,10.916
Huila,Neiva,Estacion_26,2018,5,33.35,14.83,-73.4639,6.3914
Atlántico,Soledad,Estacion_24,2024,7,52.05,28.48,-73.1054,8.1874
Cundinamarca,Soacha,Estacion_15,2021,3,38.13,20.74,-73.683,4.35
Cundinamarca,Soacha,Estacion_02,2018,8,23.43,12.83,-73.104,5.2103
Atlántico,Barranquilla,Estacion_16,2022,8,35.67,17.52,-74.1625,8.3548
Antioquia,Medellín,Estacion_17,2021,9,12.85,8.02,-74.793,6.6882
Cundinamarca,Zipaquirá,Estacion_15,2019,6,34.52,14.22,-73.3103,9.577
Huila,Neiva,Estacion_07,2020,5,27.53,16.39,-74.1762,6.4023
Bogotá D.C.,Bogotá,Estacion_20,2020,8,47.69,28.17,-73.8152,8.0979
Cundinamarca,Soacha,Estacion_13,2024,7,27.19,16.75,-73.1846,8.916
Huila,Neiva,Estacion_18,2021,10,41.08,20.48,-73.0187,6.683
Cundinamarca,Zipaquirá,Estacion_15,2024,7,29.8,13.64,-74.2497,5.6121
Boyacá,Tunja,Estacion_16,2019,7,61.45,31.54,-74.2644,5.7978
Norte de Santander,Cúcuta,Estacion_04,2023,4,36.91,23.56,-74.5371,7.5035
Bogotá D.C.,Bogotá,Estacion_03,2021,6,77.72,31.17,-73.0288,8.4951
Huila,Neiva,Estacion_16,2021,11,21.59,13.6,-73.6866,9.0843
Norte de Santander,Cúcuta,Estacion_04,2022,3,18.54,9.34,-74.4781,10.2128
Norte de Santander,Cúcuta,Estacion_05,2022,1,51.74,22.57,-73.1884,5.2568
Santander,Floridablanca,Estacion_27,2021,7,55.06,26.51,-74.0541,9.7931
Norte de Santander,Cúcuta,Estacion_13,2021,3,46.59,28.53,-74.2903,7.4851
Bogotá D.C.,Bogotá,Estacion_30,2019,9,60.16,26.7,-73.0288,8.7148
Norte de Santander,Cúcuta,Estacion_01,2022,10,25.71,14.86,-74.6255,6.7677
Huila,Neiva,Estacion_15,2021,5,22.3,11.4,-73.2365,5.1724
Atlántico,Soledad,Estacion_19,2022,5,28.43,18.13,-73.6418,8.7615
Bolívar,Cartagena,Estacion_24,2024,6,32.32,19.01,-74.7332,5.8751
Cundinamarca,Zipaquirá,Estacion_26,2019,10,43.26,27.58,-74.0814,8.1585
Santander,Floridablanca,Estacion_04,2022,10,38.26,19.41,-73.9188,7.4308
Antioquia,Envigado,Estacion_02,2018,2,29.92,18.83,-73.8618,7.2891
Cundinamarca,Soacha,Estacion_02,2019,3,56.61,26.18,-73.5994,6.1557
Valle del Cauca,Cali,Estacion_17,2019,3,50.59,24.28,-74.718,8.217
Antioquia,Medellín,Estacion_09,2020,11,32.26,17.95,-74.7043,10.1768
Bogotá D.C.,Bogotá,Estacion_12,2020,11,48.08,26.17,-74.7882,10.1882
Huila,Neiva,Estacion_11,2020,6,47.47,20.15,-73.4472,6.2365
Huila,Neiva,Estacion_14,2020,10,54.45,34.58,-74.9478,8.1961
Valle del Cauca,Palmira,Estacion_05,2022,10,64.81,28.4,-73.063,8.6452
Atlántico,Barranquilla,Estacion_10,2023,4,21.54,13.22,-74.1893,6.0958
Valle del Cauca,Palmira,Estacion_17,2022,10,53.83,32.48,-74.9573,8.1838
Norte de Santander,Cúcuta,Estacion_18,2022,3,39.1,17.82,-73.3134,4.5002
Santander,Floridablanca,Estacion_19,2018,8,40.8,23.05,-74.4922,7.7829
Huila,Neiva,Estacion_29,2021,12,39.0,20.79,-73.9443,7.6032
Norte de Santander,Cúcuta,Estacion_07,2022,2,51.92,31.1,-74.0321,9.5142
Boyacá,Tunja,Estacion_22,2022,12,56.05,29.42,-74.8483,8.8483
Huila,Neiva,Estacion_07,2023,5,79.09,43.05,-73.7172,4.3768
Huila,Neiva,Estacion_24,2024,8,23.92,10.78,-73.114,4.0225
Bogotá D.C.,Bogotá,Estacion_29,2018,5,33.9,21.25,-73.4505,6.9249
Huila,Neiva,Estacion_21,2020,2,11.13,6.64,-73.3551,9.3595
Atlántico,Barranquilla,Estacion_30,2018,1,53.18,30.35,-73.0424,6.5499
Cundinamarca,Soacha,Estacion_23,2023,4,20.65,13.11,-74.4809,7.4009
Antioquia,Envigado,Estacion_08,2020,3,39.34,18.54,-73.7105,6.7775
Boyacá,Duitama,Estacion_08,2019,12,31.73,15.2,-73.5834,5.7522
Boyacá,Duitama,Estacion_03,2021,4,41.18,18.8,-74.7684,8.0684
Huila,Neiva,Estacion_09,2021,12,27.95,16.07,-73.0186,7.2372
Bogotá D.C.,Bogotá,Estacion_11,2023,12,57.71,36.21,-73.9586,5.8963
Bolívar,Cartagena,Estacion_16,2019,5,38.97,16.13,-73.8701,10.3363
Boyacá,Duitama,Estacion_04,2019,3,17.2,6.9,-73.2923,8.676
Antioquia,Bello,Estacion_30,2018,9,50.92,32.42,-73.4926,4.9228
Huila,Neiva,Estacion_02,2022,3,50.69,22.9,-74.0707,5.7713
Boyacá,Tunja,Estacion_07,2023,9,55.12,27.69,-74.9679,5.1506
Santander,Bucaramanga,Estacion_02,2021,3,25.33,11.87,-74.753,8.0144
Antioquia,Envigado,Estacion_15,2023,11,34.77,22.56,-73.9261,6.3513
Norte de Santander,Cúcuta,Estacion_16,2022,12,35.74,22.11,-73.7093,5.081
Norte de Santander,Cúcuta,Estacion_07,2023,12,49.63,23.52,-73.1473,9.7063
Boyacá,Duitama,Estacion_30,2023,2,54.23,35.14,-73.1311,8.2431
Boyacá,Duitama,Estacion_26,2024,3,56.35,34.98,-74.7892,8.8762
Huila,Neiva,Estacion_07,2018,7,43.4,26.14,-74.0561,7.875
Boyacá,Duitama,Estacion_25,2018,4,24.4,11.4,-74.7731,10.6226
Valle del Cauca,Cali,Estacion_21,2022,11,52.1,31.93,-73.8981,8.6924
Valle del Cauca,Palmira,Estacion_15,2022,7,45.11,27.45,-74.42,6.4882
Norte de Santander,Cúcuta,Estacion_11,2020,9,21.51,11.37,-73.3583,10.6478
Bogotá D.C.,Bogotá,Estacion_19,2018,5,47.1,28.07,-74.0499,7.6967
Huila,Neiva,Estacion_20,2023,9,43.53,20.46,-74.9978,4.2714
Cundinamarca,Soacha,Estacion_19,2023,6,25.48,13.99,-74.9031,8.757
Valle del Cauca,Cali,Estacion_19,2022,10,37.87,22.45,-74.0701,5.358
Norte de Santander,Cúcuta,Estacion_11,2019,1,28.5,12.56,-73.8402,5.4475
Cundinamarca,Zipaquirá,Estacion_15,2018,6,46.05,19.99,-74.5319,6.1531
Valle del Cauca,Palmira,Estacion_19,2023,2,70.36,30.67,-74.5593,5.7401
Boyacá,Duitama,Estacion_25,2023,12,60.11,30.39,-74.0276,5.2413
Antioquia,Medellín,Estacion_22,2024,2,37.75,15.93,-73.3197,9.8475
Boyacá,Duitama,Estacion_21,2020,5,24.13,11.77,-74.7086,6.0906
Cundinamarca,Soacha,Estacion_01,2023,12,20.62,8.61,-73.3361,4.6553
Bogotá D.C.,Bogotá,Estacion_04,2019,8,36.48,16.7,-73.1192,8.4391
Boyacá,Tunja,Estacion_23,2020,11,36.91,23.53,-74.2125,7.128
Bolívar,Cartagena,Estacion_02,2020,1,35.39,20.13,-74.4033,5.9865
Bogotá D.C.,Bogotá,Estacion_06,2018,8,62.72,40.06,-73.0743,10.9512
Atlántico,Soledad,Estacion_07,2021,2,32.86,13.41,-74.6873,4.1109
Atlántico,Barranquilla,Estacion_30,2019,9,49.13,31.65,-73.9277,6.9739
Bolívar,Cartagena,Estacion_12,2021,5,18.39,11.08,-73.9968,8.6933
Cundinamarca,Soacha,Estacion_07,2024,3,47.17,19.28,-74.4355,9.2084
Cundinamarca,Zipaquirá,Estacion_07,2018,10,52.71,21.11,-73.9497,10.6254
Bogotá D.C.,Bogotá,Estacion_25,2020,7,33.59,17.76,-73.2345,4.3979
Valle del Cauca,Palmira,Estacion_23,2024,4,63.07,32.51,-73.4392,4.6241
Cundinamarca,Zipaquirá,Estacion_06,2020,1,29.97,15.8,-73.9655,5.2303
Valle del Cauca,Palmira,Estacion_21,2019,10,41.23,23.94,-73.051,8.6999
Bolívar,Cartagena,Estacion_05,2019,8,45.37,19.93,-73.2701,8.1397
Valle del Cauca,Cali,Estacion_21,2018,4,46.65,23.25,-73.966,8.7963
Santander,Floridablanca,Estacion_01,2020,7,47.72,26.11,-73.1776,10.3802
Santander,Floridablanca,Estacion_01,2020,12,28.86,16.35,-74.6642,4.5843
Cundinamarca,Soacha,Estacion_07,2020,4,15.13,8.43,-73.9553,9.2639
Valle del Cauca,Palmira,Estacion_18,2018,3,39.88,20.36,-74.0493,4.3327
Santander,Bucaramanga,Estacion_10,2019,5,48.54,20.73,-74.7071,8.7411
Boyacá,Duitama,Estacion_05,2021,2,38.47,19.27,-74.5074,10.1507
Bogotá D.C.,Bogotá,Estacion_06,2020,8,54.84,34.18,-73.0564,4.0715
Boyacá,Tunja,Estacion_03,2024,4,22.24,11.84,-74.0756,7.3442
Cundinamarca,Soacha,Estacion_16,2021,12,23.51,12.23,-73.4238,6.1359
Valle del Cauca,Palmira,Estacion_06,2021,9,38.92,20.81,-74.0169,6.8856
Antioquia,Medellín,Estacion_25,2023,9,56.3,24.56,-73.0496,5.1162
Huila,Neiva,Estacion_15,2022,10,25.04,16.22,-73.3175,4.5128
Santander,Bucaramanga,Estacion_14,2023,9,27.74,11.94,-73.3062,6.4289
Antioquia,Envigado,Estacion_01,2020,1,19.2,12.41,-74.7136,9.5382
Cundinamarca,Zipaquirá,Estacion_17,2018,1,28.85,14.27,-74.6806,7.221
Cundinamarca,Zipaquirá,Estacion_30,2021,10,45.13,25.93,-73.4346,9.1741
Boyacá,Tunja,Estacion_30,2019,1,62.7,30.35,-74.7783,9.5407
Norte de Santander,Cúcuta,Estacion_24,2021,9,13.0,6.71,-74.0331,4.7951
Huila,Neiva,Estacion_05,2018,12,46.9,20.53,-74.5212,6.662
Bolívar,Cartagena,Estacion_13,2020,4,32.32,19.49,-73.9199,6.3174
Cundinamarca,Soacha,Estacion_30,2019,6,29.85,14.14,-74.5483,8.5484
Antioquia,Medellín,Estacion_19,2018,5,17.93,10.81,-74.5619,7.8592
Huila,Neiva,Estacion_05,2020,1,55.79,27.05,-74.9218,5.9429
Boyacá,Tunja,Estacion_24,2024,1,32.66,19.3,-74.9746,7.8931
Bogotá D.C.,Bogotá,Estacion_19,2019,11,27.52,14.99,-73.0829,7.5273
Boyacá,Tunja,Estacion_06,2019,6,37.36,15.98,-74.1766,9.2429
Cundinamarca,Soacha,Estacion_06,2024,9,30.48,16.83,-73.1193,5.2736
Antioquia,Bello,Estacion_20,2022,10,24.06,12.24,-73.6858,8.633
Antioquia,Envigado,Estacion_16,2022,2,43.61,27.85,-73.1301,10.4509
Santander,Bucaramanga,Estacion_13,2024,2,34.66,15.95,-74.5592,10.6397
Cundinamarca,Zipaquirá,Estacion_10,2022,4,29.34,13.81,-73.5981,5.601
Atlántico,Soledad,Estacion_21,2019,7,50.71,29.76,-74.4635,6.3882
Cundinamarca,Zipaquirá,Estacion_24,2024,2,29.08,12.42,-74.3418,6.4509
Norte de Santander,Cúcuta,Estacion_29,2021,1,22.88,12.99,-74.2599,7.5797
Cundinamarca,Zipaquirá,Estacion_01,2024,12,26.62,17.12,-74.058,7.8142
Huila,Neiva,Estacion_28,2018,5,34.89,14.1,-74.4153,7.7886
Bogotá D.C.,Bogotá,Estacion_15,2022,8,39.03,22.44,-73.1103,10.3175
Atlántico,Barranquilla,Estacion_04,2024,10,47.68,28.49,-73.8306,6.7669
Boyacá,Tunja,Estacion_04,2021,5,25.5,15.78,-73.6952,6.2002
Huila,Neiva,Estacion_07,2024,9,23.85,11.35,-74.5473,7.9021
Cundinamarca,Zipaquirá,Estacion_04,2024,5,40.79,20.13,-73.2183,6.4758
Boyacá,Duitama,Estacion_07,2022,2,26.36,13.52,-73.1214,10.9294
Valle del Cauca,Cali,Estacion_12,2021,2,61.0,24.73,-73.0219,8.3898
Valle del Cauca,Palmira,Estacion_28,2021,4,50.27,29.87,-74.4319,8.2152
Atlántico,Soledad,Estacion_13,2022,8,31.34,17.86,-74.2332,8.0833
Cundinamarca,Zipaquirá,Estacion_28,2021,2,6.85,3.89,-74.0353,10.7944
Santander,Bucaramanga,Estacion_19,2021,2,29.04,18.77,-73.8515,8.4717
Bolívar,Cartagena,Estacion_04,2018,8,20.16,12.21,-74.4337,5.9554
Cundinamarca,Soacha,Estacion_05,2018,1,68.67,37.57,-73.2272,9.6941
Valle del Cauca,Palmira,Estacion_20,2021,10,80.45,47.78,-73.4237,7.5303
Atlántico,Barranquilla,Estacion_06,2024,3,26.83,13.28,-74.5841,7.4449
Antioquia,Envigado,Estacion_14,2024,9,39.5,21.54,-73.1086,9.2806
Bogotá D.C.,Bogotá,Estacion_14,2021,9,64.07,32.82,-74.1558,4.8442
Boyacá,Duitama,Estacion_19,2018,11,27.43,16.5,-74.9703,5.1038
Norte de Santander,Cúcuta,Estacion_22,2024,10,57.48,33.74,-74.4889,6.4974
Antioquia,Bello,Estacion_09,2021,1,27.87,11.44,-74.1369,8.8663
Cundinamarca,Zipaquirá,Estacion_30,2019,9,35.56,17.17,-74.5996,4.2209
Boyacá,Duitama,Estacion_16,2023,11,19.86,12.23,-74.3288,5.2764
Valle del Cauca,Cali,Estacion_28,2023,1,44.4,22.03,-73.4112,9.0473
Huila,Neiva,Estacion_21,2021,5,27.08,11.75,-74.8876,7.5532
Bogotá D.C.,Bogotá,Estacion_30,2020,3,35.23,17.43,-73.533,7.8462
Valle del Cauca,Cali,Estacion_30,2021,1,46.67,30.27,-73.716,4.1927
Norte de Santander,Cúcuta,Estacion_26,2021,10,58.64,29.14,-74.7512,10.6895
Bolívar,Cartagena,Estacion_05,2019,1,32.79,17.28,-73.0404,6.7807
Boyacá,Tunja,Estacion_24,2023,11,58.06,32.4,-74.8079,8.6909
Boyacá,Tunja,Estacion_27,2019,7,42.01,18.56,-73.0804,10.7158
Bogotá D.C.,Bogotá,Estacion_28,2018,11,23.13,9.83,-73.2844,8.9637
Boyacá,Tunja,Estacion_28,2022,7,44.85,20.86,-73.8987,10.2506
Norte de Santander,Cúcuta,Estacion_23,2020,7,17.17,6.9,-73.6557,9.2729
Valle del Cauca,Palmira,Estacion_23,2021,5,78.02,47.92,-73.1491,6.1753
Santander,Bucaramanga,Estacion_22,2021,6,37.4,18.48,-73.3044,4.6254
Huila,Neiva,Estacion_06,2018,4,54.84,29.94,-74.6388,6.6145
Antioquia,Envigado,Estacion_28,2022,8,71.23,42.92,-74.8358,9.3482
Valle del Cauca,Cali,Estacion_13,2020,9,40.95,20.25,-74.048,4.2372
Boyacá,Tunja,Estacion_24,2018,10,5.0,3.0,-73.9517,5.4978
Bogotá D.C.,Bogotá,Estacion_09,2020,11,43.42,26.46,-73.798,4.5772
Atlántico,Barranquilla,Estacion_09,2019,1,34.0,14.34,-73.8773,8.1
Boyacá,Tunja,Estacion_16,2019,2,51.71,32.02,-74.2978,6.8779
Valle del Cauca,Cali,Estacion_09,2018,3,61.6,38.87,-73.5449,8.8963
Norte de Santander,Cúcuta,Estacion_04,2018,2,53.01,31.87,-73.838,8.2311
Valle del Cauca,Cali,Estacion_06,2020,10,40.44,25.03,-74.4904,9.9987
Bogotá D.C.,Bogotá,Estacion_14,2018,6,38.55,15.93,-73.8181,9.7886
Santander,Floridablanca,Estacion_03,2022,4,30.82,18.1,-73.8784,6.4393
Boyacá,Tunja,Estacion_10,2019,3,44.07,25.43,-74.6591,6.4504
Bogotá D.C.,Bogotá,Estacion_03,2022,3,20.7,11.58,-73.8952,4.7971
Bolívar,Cartagena,Estacion_17,2021,2,38.32,20.29,-74.3862,10.0346
Valle del Cauca,Palmira,Estacion_05,2018,12,70.04,36.15,-73.5064,7.0156
Huila,Neiva,Estacion_19,2019,6,17.69,7.9,-73.2302,9.8945
Huila,Neiva,Estacion_20,2018,12,37.39,17.4,-74.1391,8.0326
Huila,Neiva,Estacion_29,2024,2,33.88,14.28,-73.0228,7.3609
Valle del Cauca,Palmira,Estacion_24,2018,7,44.07,21.88,-73.6193,5.2662
Bolívar,Cartagena,Estacion_05,2019,12,33.9,14.96,-74.6759,4.1159
Atlántico,Barranquilla,Estacion_18,2019,3,39.02,15.79,-73.4302,10.4385
Antioquia,Bello,Estacion_23,2019,11,49.17,26.26,-73.3363,5.7864
Antioquia,Bello,Estacion_26,2024,4,48.66,31.5,-73.6454,8.9476
Norte de Santander,Cúcuta,Estacion_08,2018,8,37.67,20.61,-74.7147,7.7867
Bolívar,Cartagena,Estacion_17,2021,8,29.5,12.34,-73.171,10.8119
Bogotá D.C.,Bogotá,Estacion_05,2024,4,30.24,12.27,-73.825,4.0983
Bolívar,Cartagena,Estacion_20,2021,5,33.95,14.91,-74.0789,7.1972
Bogotá D.C.,Bogotá,Estacion_17,2024,6,66.19,36.19,-73.0256,5.3176
Norte de Santander,Cúcuta,Estacion_28,2020,2,44.08,20.12,-73.2768,7.2239
Santander,Floridablanca,Estacion_18,2023,11,23.16,13.87,-74.2827,5.9684
Valle del Cauca,Cali,Estacion_07,2020,5,65.61,32.36,-73.8872,7.5439
Boyacá,Duitama,Estacion_30,2018,1,14.78,8.25,-74.7931,4.672
Bogotá D.C.,Bogotá,Estacion_09,2022,6,45.38,22.0,-73.3298,9.5021
Huila,Neiva,Estacion_10,2023,7,28.84,14.77,-74.7305,9.7395
Santander,Floridablanca,Estacion_28,2021,8,16.82,8.12,-73.1081,9.3099
Norte de Santander,Cúcuta,Estacion_24,2021,7,21.0,9.08,-74.0569,4.5579
Antioquia,Medellín,Estacion_28,2023,2,31.69,18.96,-74.6977,10.8215
Norte de Santander,Cúcuta,Estacion_09,2024,5,12.41,5.59,-74.1619,8.8469
Boyacá,Tunja,Estacion_13,2020,10,47.16,20.22,-73.7709,7.4545
Santander,Floridablanca,Estacion_11,2018,10,30.52,16.6,-74.6384,9.2475
Cundinamarca,Zipaquirá,Estacion_03,2024,10,23.46,9.46,-74.0424,5.9017
Norte de Santander,Cúcuta,Estacion_06,2020,3,33.19,20.88,-74.0719,8.1964
Bogotá D.C.,Bogotá,Estacion_23,2023,5,72.66,37.92,-74.6025,8.0602
Norte de Santander,Cúcuta,Estacion_12,2019,6,16.1,7.26,-73.5482,10.7458
Boyacá,Duitama,Estacion_30,2018,4,30.96,13.86,-74.8616,9.0089
Cundinamarca,Zipaquirá,Estacion_30,2020,4,41.39,20.85,-74.5612,6.4918
Cundinamarca,Zipaquirá,Estacion_18,2022,4,42.1,23.75,-74.0064,9.7666
Bolívar,Cartagena,Estacion_25,2018,5,37.42,19.62,-74.7585,7.5897
Santander,Bucaramanga,Estacion_15,2024,2,54.14,31.64,-73.5513,6.9783
Cundinamarca,Zipaquirá,Estacion_30,2020,6,32.31,19.86,-74.6753,5.8258
Atlántico,Soledad,Estacion_16,2021,10,8.65,4.33,-73.5176,8.8561
Santander,Bucaramanga,Estacion_14,2021,9,54.29,25.79,-74.3199,5.1307
Atlántico,Soledad,Estacion_19,2019,1,29.44,18.17,-73.1023,4.2107
Antioquia,Envigado,Estacion_22,2024,9,27.66,12.38,-73.9129,5.3237
Bogotá D.C.,Bogotá,Estacion_02,2023,1,57.65,36.99,-73.7458,6.3901
Valle del Cauca,Cali,Estacion_18,2021,11,63.6,38.5,-74.8603,4.7562
Atlántico,Soledad,Estacion_22,2020,1,52.04,29.8,-73.8147,10.6203
Bogotá D.C.,Bogotá,Estacion_24,2018,9,56.6,35.49,-74.5174,4.2507
Antioquia,Envigado,Estacion_26,2022,5,30.8,16.84,-73.3371,4.4477
Atlántico,Barranquilla,Estacion_06,2022,6,16.91,10.62,-73.357,5.6111
Cundinamarca,Soacha,Estacion_27,2019,4,58.43,28.27,-73.2571,9.0933
Antioquia,Bello,Estacion_21,2022,11,56.01,24.05,-73.8837,10.7049
Huila,Neiva,Estacion_08,2018,12,58.49,28.11,-74.9594,7.1736
Huila,Neiva,Estacion_12,2023,9,49.19,30.34,-73.8502,8.6742
Boyacá,Duitama,Estacion_05,2019,4,43.7,17.86,-74.4888,8.0369
Bolívar,Cartagena,Estacion_17,2022,6,33.51,20.03,-74.229,10.0166
Santander,Floridablanca,Estacion_17,2019,10,25.16,12.1,-74.1942,5.4407
Bolívar,Cartagena,Estacion_08,2019,1,58.39,27.33,-74.8018,8.6733
Valle del Cauca,Cali,Estacion_10,2023,3,56.78,33.29,-73.3376,10.8725
Valle del Cauca,Cali,Estacion_19,2020,1,47.13,22.9,-74.8969,8.6465
Norte de Santander,Cúcuta,Estacion_18,2021,12,27.81,15.69,-74.8046,6.7049
Cundinamarca,Zipaquirá,Estacion_21,2019,8,38.97,18.13,-73.6195,8.4817
Bolívar,Cartagena,Estacion_25,2021,12,36.14,17.78,-74.4895,6.6162
Atlántico,Soledad,Estacion_12,2023,5,26.89,11.78,-73.9291,8.963
Bolívar,Cartagena,Estacion_13,2018,1,38.94,21.53,-74.3863,10.348
Huila,Neiva,Estacion_19,2018,11,39.06,17.84,-73.8902,6.5815
Santander,Bucaramanga,Estacion_18,2024,6,40.91,22.73,-73.1629,4.397
Santander,Floridablanca,Estacion_11,2021,1,20.96,10.32,-73.6593,8.1827
Boyacá,Duitama,Estacion_24,2023,10,30.23,18.32,-73.0849,6.5239
Cundinamarca,Soacha,Estacion_06,2019,5,77.76,45.78,-74.3443,5.2512
Bogotá D.C.,Bogotá,Estacion_01,2023,2,55.02,28.65,-74.67,9.0276
Santander,Bucaramanga,Estacion_01,2018,3,34.53,20.52,-74.9157,6.1039
Santander,Bucaramanga,Estacion_06,2018,9,18.38,11.6,-74.4058,10.0537
Antioquia,Envigado,Estacion_20,2022,11,24.5,12.94,-74.578,4.7727
Atlántico,Soledad,Estacion_05,2019,1,47.78,27.68,-74.0861,6.2077
Antioquia,Envigado,Estacion_07,2021,12,49.78,23.07,-74.0053,10.3693
Huila,Neiva,Estacion_07,2023,11,41.81,20.52,-73.1402,6.2466
Boyacá,Tunja,Estacion_26,2020,6,21.27,10.32,-74.3702,4.7376
Santander,Bucaramanga,Estacion_14,2018,5,19.35,8.9,-74.0138,10.2293
Atlántico,Barranquilla,Estacion_18,2022,5,20.75,8.47,-73.2978,8.5523
Santander,Floridablanca,Estacion_24,2019,6,29.52,17.32,-73.2287,4.3486
Cundinamarca,Soacha,Estacion_08,2024,8,26.48,15.11,-74.7982,10.6944
Bogotá D.C.,Bogotá,Estacion_28,2021,4,68.65,36.39,-74.3354,6.4305
Boyacá,Tunja,Estacion_30,2022,7,25.41,15.54,-73.1591,7.3188
Norte de Santander,Cúcuta,Estacion_20,2022,6,49.3,31.39,-74.2072,5.6479
Boyacá,Tunja,Estacion_12,2018,9,36.04,14.69,-74.0844,6.5395
Bolívar,Cartagena,Estacion_04,2020,3,47.83,29.72,-73.821,4.144
Atlántico,Soledad,Estacion_19,2019,7,22.83,10.01,-74.7948,4.2018
Boyacá,Duitama,Estacion_25,2022,9,31.55,12.94,-73.7464,10.6013
Santander,Floridablanca,Estacion_01,2021,6,39.9,21.74,-74.9588,6.9609
Cundinamarca,Soacha,Estacion_10,2022,2,46.86,23.61,-73.268,6.6165
Boyacá,Duitama,Estacion_15,2019,12,24.61,11.91,-74.4085,6.9139
Valle del Cauca,Cali,Estacion_07,2018,10,54.52,35.29,-74.5768,8.8864
Antioquia,Envigado,Estacion_02,2022,2,63.63,26.1,-73.9146,7.299
Norte de Santander,Cúcuta,Estacion_29,2018,8,61.06,35.73,-73.435,7.9132
Norte de Santander,Cúcuta,Estacion_28,2022,12,13.76,7.06,-74.9783,10.4757
Cundinamarca,Zipaquirá,Estacion_17,2023,9,49.84,23.65,-74.6001,5.3737
Antioquia,Bello,Estacion_11,2018,10,24.67,13.15,-73.6723,7.4327
Santander,Bucaramanga,Estacion_04,2024,5,32.15,13.3,-74.3902,10.9704
Atlántico,Soledad,Estacion_13,2022,9,25.53,14.4,-73.9695,5.9732
Huila,Neiva,Estacion_27,2019,8,28.0,12.45,-74.265,7.6207
Antioquia,Bello,Estacion_25,2019,11,51.76,28.09,-74.6944,4.124
Atlántico,Barranquilla,Estacion_27,2019,1,27.9,12.29,-74.7767,9.0436
Valle del Cauca,Palmira,Estacion_22,2022,7,55.18,26.97,-73.6207,6.5443
Bogotá D.C.,Bogotá,Estacion_04,2023,9,49.07,28.27,-73.2025,9.9382
Cundinamarca,Soacha,Estacion_10,2019,7,37.1,17.68,-74.1762,7.3423
Bogotá D.C.,Bogotá,Estacion_21,2024,12,38.43,15.52,-74.9195,8.4218
Valle del Cauca,Palmira,Estacion_29,2020,10,82.22,42.68,-73.3104,10.9816
Huila,Neiva,Estacion_13,2020,3,55.71,27.46,-74.0167,9.2122
Antioquia,Bello,Estacion_16,2024,10,36.59,21.74,-74.1164,10.9402
Cundinamarca,Zipaquirá,Estacion_13,2019,4,34.31,17.98,-73.0895,5.3404
Santander,Bucaramanga,Estacion_20,2018,1,36.73,14.98,-74.951,5.7553
Bogotá D.C.,Bogotá,Estacion_26,2019,8,24.34,14.55,-74.2218,6.7851
Valle del Cauca,Palmira,Estacion_22,2022,6,68.82,32.66,-74.8057,9.1232
Santander,Floridablanca,Estacion_06,2018,8,32.5,20.9,-74.6492,9.5253
Santander,Bucaramanga,Estacion_03,2023,10,34.14,21.22,-73.0348,7.3099
Huila,Neiva,Estacion_07,2021,8,57.0,24.38,-74.8598,6.9228
Santander,Bucaramanga,Estacion_21,2019,7,51.03,29.19,-74.7462,10.1588
Santander,Bucaramanga,Estacion_10,2020,11,18.57,11.68,-74.3117,8.1337
Atlántico,Barranquilla,Estacion_07,2018,10,50.08,22.81,-73.1578,5.1306
Santander,Bucaramanga,Estacion_30,2022,9,27.0,13.23,-74.6883,4.4165
Huila,Neiva,Estacion_21,2023,4,29.31,18.64,-74.2202,5.4668
Santander,Floridablanca,Estacion_09,2021,5,67.39,36.55,-73.2973,7.9736
Atlántico,Barranquilla,Estacion_03,2018,2,48.74,29.7,-73.5614,10.8506
Norte de Santander,Cúcuta,Estacion_12,2024,10,30.44,14.88,-73.9189,4.5058
Atlántico,Soledad,Estacion_26,2023,9,20.44,10.77,-73.8947,5.2115
Valle del Cauca,Cali,Estacion_12,2018,2,46.22,25.26,-73.5794,5.2086
Santander,Floridablanca,Estacion_12,2021,1,39.3,21.08,-74.7946,9.7301
Antioquia,Envigado,Estacion_07,2024,3,51.34,24.11,-74.8923,7.3663
Bogotá D.C.,Bogotá,Estacion_10,2018,5,54.88,34.99,-73.5828,8.7643
Boyacá,Tunja,Estacion_15,2024,4,44.65,26.32,-74.6124,4.4703
Boyacá,Duitama,Estacion_27,2022,8,22.25,9.4,-73.3313,9.1567
Antioquia,Bello,Estacion_13,2024,6,45.27,21.91,-73.6544,4.6507
Bolívar,Cartagena,Estacion_26,2022,7,34.98,15.89,-74.894,4.7961
Antioquia,Bello,Estacion_16,2024,3,40.99,25.41,-74.6529,8.7269
Huila,Neiva,Estacion_11,2019,2,13.41,6.43,-74.2311,9.5479
Antioquia,Envigado,Estacion_22,2018,6,25.78,12.04,-74.979,7.6332
Atlántico,Barranquilla,Estacion_22,2023,10,33.71,20.07,-73.2485,9.3265
Cundinamarca,Soacha,Estacion_23,2022,10,43.75,17.91,-73.7411,7.2413
Norte de Santander,Cúcuta,Estacion_11,2023,10,31.39,13.38,-73.231,4.1543
Norte de Santander,Cúcuta,Estacion_17,2023,2,24.88,12.03,-73.1834,8.8586
Antioquia,Bello,Estacion_28,2021,2,23.3,12.07,-73.649,7.6817
Cundinamarca,Zipaquirá,Estacion_16,2024,9,41.09,21.93,-74.7635,6.9782
Valle del Cauca,Cali,Estacion_07,2022,6,63.01,29.91,-74.8793,10.0892
Boyacá,Duitama,Estacion_30,2023,2,49.34,27.96,-73.1197,6.7928
Huila,Neiva,Estacion_03,2018,9,28.8,14.26,-73.4331,9.9326
Norte de Santander,Cúcuta,Estacion_07,2020,9,32.85,21.26,-73.881,6.2427
Santander,Floridablanca,Estacion_28,2021,8,19.49,11.19,-74.2387,6.2152
Bogotá D.C.,Bogotá,Estacion_07,2018,4,72.01,33.97,-74.6313,6.6948
Atlántico,Soledad,Estacion_19,2022,6,5.0,3.02,-73.7298,8.2822
Boyacá,Duitama,Estacion_01,2018,2,44.24,22.37,-73.0421,6.4335
Valle del Cauca,Cali,Estacion_24,2020,11,61.46,31.42,-73.1316,8.2991
Atlántico,Barranquilla,Estacion_07,2022,2,31.69,19.82,-73.539,6.7472
Bogotá D.C.,Bogotá,Estacion_01,2022,7,77.68,39.28,-73.1913,10.7291
Valle del Cauca,Palmira,Estacion_25,2022,12,28.57,14.59,-74.6637,10.0011
Huila,Neiva,Estacion_07,2019,12,19.82,8.6,-73.0577,7.0274
Bolívar,Cartagena,Estacion_09,2022,11,40.48,16.34,-73.1238,7.4844
Bogotá D.C.,Bogotá,Estacion_15,2020,11,51.96,31.03,-73.622,4.4253
Norte de Santander,Cúcuta,Estacion_01,2023,7,60.88,32.89,-74.7225,5.8225
Antioquia,Bello,Estacion_30,2018,5,56.48,29.48,-73.8323,4.9494
Huila,Neiva,Estacion_30,2022,2,26.98,13.69,-73.1053,10.7279
Bolívar,Cartagena,Estacion_02,2020,8,40.5,23.58,-73.1255,7.8968
Valle del Cauca,Cali,Estacion_19,2021,10,65.98,39.53,-74.9946,7.9306
Bolívar,Cartagena,Estacion_02,2024,2,31.33,18.36,-73.6278,10.8919
Santander,Bucaramanga,Estacion_03,2018,3,43.33,24.06,-74.5657,4.9988
Bogotá D.C.,Bogotá,Estacion_13,2021,11,62.25,27.77,-73.54,9.7607
Santander,Bucaramanga,Estacion_16,2018,10,12.99,6.87,-74.7843,10.0384
Antioquia,Envigado,Estacion_02,2019,5,47.62,20.29,-73.3541,9.4769
Atlántico,Barranquilla,Estacion_30,2020,12,65.79,42.61,-74.3095,9.5289
Norte de Santander,Cúcuta,Estacion_30,2021,11,15.27,8.19,-73.5804,7.6291
Norte de Santander,Cúcuta,Estacion_20,2021,5,59.43,31.29,-73.6404,9.5272
Cundinamarca,Zipaquirá,Estacion_09,2022,3,39.39,21.05,-73.059,5.7778
Boyacá,Tunja,Estacion_10,2021,5,43.07,27.56,-74.8128,8.8758
Bolívar,Cartagena,Estacion_05,2021,6,42.46,26.51,-74.4031,4.3741
Cundinamarca,Zipaquirá,Estacion_26,2018,3,17.74,8.29,-74.949,4.4913
Bogotá D.C.,Bogotá,Estacion_06,2024,11,42.97,23.15,-74.7975,6.8661
Bolívar,Cartagena,Estacion_06,2023,2,63.97,25.96,-73.1245,6.7987
Valle del Cauca,Palmira,Estacion_24,2019,2,39.18,15.85,-74.9057,5.3644
Santander,Bucaramanga,Estacion_26,2018,10,43.35,18.76,-74.4863,5.2741
Boyacá,Duitama,Estacion_01,2023,6,43.7,25.15,-74.4292,10.6454
Cundinamarca,Soacha,Estacion_23,2021,3,6.64,3.93,-73.4173,9.3154
Valle del Cauca,Palmira,Estacion_22,2019,2,33.49,17.03,-74.9048,5.8705
Valle del Cauca,Cali,Estacion_07,2021,5,56.0,32.64,-74.0489,8.0374
Antioquia,Envigado,Estacion_14,2023,8,42.18,25.87,-74.8519,5.0121
Antioquia,Medellín,Estacion_09,2018,8,57.08,32.19,-73.4532,10.0442
Cundinamarca,Zipaquirá,Estacion_27,2020,10,48.59,25.44,-74.6167,9.6868
Huila,Neiva,Estacion_06,2021,2,49.82,30.52,-74.5596,5.855
Santander,Floridablanca,Estacion_02,2021,11,52.93,28.7,-74.7436,4.8947
Bolívar,Cartagena,Estacion_14,2023,5,21.92,9.04,-74.9434,9.9519
Huila,Neiva,Estacion_27,2019,5,42.88,20.16,-73.3351,8.9223
Boyacá,Duitama,Estacion_10,2021,7,42.14,19.15,-74.0378,9.6969
Bogotá D.C.,Bogotá,Estacion_05,2023,1,50.62,26.5,-73.7267,8.287
Bolívar,Cartagena,Estacion_20,2021,6,42.33,26.4,-74.0788,6.93
Cundinamarca,Zipaquirá,Estacion_16,2021,7,59.9,38.4,-73.5712,5.5382
Norte de Santander,Cúcuta,Estacion_13,2022,12,24.32,15.54,-73.1809,5.4875
Santander,Bucaramanga,Estacion_06,2018,7,46.52,22.72,-73.5965,10.1057
Santander,Floridablanca,Estacion_23,2023,3,34.54,14.85,-74.2018,4.0924
Santander,Bucaramanga,Estacion_11,2022,1,42.01,22.08,-73.4712,10.6964
Atlántico,Soledad,Estacion_12,2018,5,23.42,11.71,-74.8854,8.1676
Antioquia,Envigado,Estacion_30,2019,8,26.34,13.55,-73.4965,4.2546
Bolívar,Cartagena,Estacion_25,2020,2,40.29,16.29,-74.9011,6.5055
Huila,Neiva,Estacion_02,2023,4,46.96,30.08,-74.7755,10.3753
Santander,Bucaramanga,Estacion_05,2023,12,34.92,19.27,-74.4033,10.7806
Valle del Cauca,Cali,Estacion_22,2023,9,52.59,34.06,-74.8007,9.5446
Antioquia,Bello,Estacion_11,2022,6,46.47,25.26,-73.3098,9.1839
Huila,Neiva,Estacion_30,2020,2,22.41,11.39,-74.3239,10.3649
Atlántico,Soledad,Estacion_26,2018,2,24.9,13.36,-74.7817,7.2928
Bogotá D.C.,Bogotá,Estacion_05,2022,1,46.22,24.7,-74.2062,10.1349
Santander,Bucaramanga,Estacion_16,2022,3,27.46,16.64,-73.6913,6.3655
Santander,Bucaramanga,Estacion_28,2018,2,54.57,34.07,-74.1832,7.4905
Valle del Cauca,Palmira,Estacion_04,2018,8,26.15,10.55,-74.7558,5.4629
Santander,Floridablanca,Estacion_02,2024,4,21.32,11.72,-73.1461,5.5656
Atlántico,Barranquilla,Estacion_05,2018,4,51.02,30.65,-73.3829,4.5215
Valle del Cauca,Palmira,Estacion_07,2020,12,43.47,26.39,-74.7775,5.4093
Cundinamarca,Soacha,Estacion_03,2020,4,22.32,12.23,-73.0913,5.8051
Cundinamarca,Soacha,Estacion_03,2024,5,28.59,12.37,-74.3136,10.8977
Santander,Floridablanca,Estacion_09,2021,6,38.57,17.55,-74.5998,10.3527
Bogotá D.C.,Bogotá,Estacion_10,2022,2,73.58,33.77,-73.0786,5.7119
Cundinamarca,Zipaquirá,Estacion_03,2024,8,21.15,10.31,-73.9972,8.7155
Bolívar,Cartagena,Estacion_13,2020,9,58.77,27.34,-73.5241,7.5439
Norte de Santander,Cúcuta,Estacion_03,2019,4,64.46,40.16,-73.6404,9.371
Bolívar,Cartagena,Estacion_30,2020,1,24.91,14.34,-73.8072,7.3687
Valle del Cauca,Palmira,Estacion_22,2023,9,51.03,32.89,-74.5034,6.9826
Bolívar,Cartagena,Estacion_04,2019,10,33.5,19.18,-74.2069,5.4298
Huila,Neiva,Estacion_11,2020,8,10.12,4.11,-73.6628,5.2711
Santander,Bucaramanga,Estacion_28,2023,6,14.09,6.31,-73.764,7.9902
Valle del Cauca,Palmira,Estacion_06,2022,12,39.74,24.94,-73.9348,7.5786
Boyacá,Duitama,Estacion_12,2023,10,35.88,16.99,-74.6487,8.6041
Santander,Floridablanca,Estacion_15,2021,1,20.31,10.08,-73.9141,5.4395
Boyacá,Duitama,Estacion_17,2019,10,50.21,23.45,-73.5079,10.5075
Atlántico,Soledad,Estacion_25,2018,7,13.11,7.03,-74.3755,9.304
Atlántico,Barranquilla,Estacion_22,2024,10,23.51,10.26,-74.1554,7.7995
Valle del Cauca,Cali,Estacion_20,2018,10,56.64,26.84,-73.1553,9.2152
Bolívar,Cartagena,Estacion_12,2024,5,40.27,22.95,-73.3887,10.0196
Antioquia,Envigado,Estacion_21,2024,9,20.27,10.19,-73.2067,6.6988
Huila,Neiva,Estacion_16,2022,10,59.52,25.5,-73.7375,8.2428
Cundinamarca,Zipaquirá,Estacion_11,2020,9,11.1,6.75,-73.2138,7.2242
Antioquia,Envigado,Estacion_24,2023,6,5.72,3.0,-73.5019,5.8431
Atlántico,Soledad,Estacion_10,2020,11,12.5,6.39,-74.6784,4.6753
Norte de Santander,Cúcuta,Estacion_28,2020,1,34.25,15.89,-73.4412,4.0135
Valle del Cauca,Cali,Estacion_03,2023,10,49.37,21.11,-73.7016,6.4702
Norte de Santander,Cúcuta,Estacion_22,2023,9,34.38,20.05,-73.0944,10.8102
Norte de Santander,Cúcuta,Estacion_09,2020,6,46.69,25.82,-74.817,5.2303
Norte de Santander,Cúcuta,Estacion_04,2019,2,20.25,10.52,-74.3884,10.3909
Santander,Floridablanca,Estacion_30,2020,7,18.05,10.61,-73.5126,6.7408
Antioquia,Envigado,Estacion_07,2024,8,51.44,29.7,-74.6143,7.1721
Antioquia,Envigado,Estacion_23,2019,6,37.46,15.2,-73.4278,5.2965
Valle del Cauca,Cali,Estacion_30,2019,6,33.58,21.22,-73.7407,7.1117
Huila,Neiva,Estacion_03,2022,11,32.64,20.88,-73.732,8.915
Boyacá,Tunja,Estacion_09,2018,6,22.44,9.95,-73.3589,6.5428
Antioquia,Envigado,Estacion_22,2022,9,49.77,29.9,-73.0653,9.4284
Boyacá,Tunja,Estacion_28,2019,10,43.99,26.25,-74.6359,8.4149
Norte de Santander,Cúcuta,Estacion_12,2022,6,48.39,30.4,-73.3159,4.9524
Bogotá D.C.,Bogotá,Estacion_10,2023,9,45.1,26.89,-73.4069,4.7745
Huila,Neiva,Estacion_15,2019,4,18.74,10.55,-73.6477,8.8077
Bolívar,Cartagena,Estacion_28,2023,7,34.81,14.37,-73.7472,7.083
Huila,Neiva,Estacion_12,2024,8,26.57,15.91,-74.6222,8.1679
Boyacá,Tunja,Estacion_13,2024,7,56.48,32.35,-73.7294,9.8646
Santander,Floridablanca,Estacion_07,2021,5,56.83,34.33,-74.8982,8.5006
Atlántico,Soledad,Estacion_13,2019,9,13.93,6.02,-73.7471,7.1849
Antioquia,Envigado,Estacion_15,2020,9,45.33,21.05,-73.0741,6.3357
Antioquia,Envigado,Estacion_21,2022,7,28.44,12.7,-73.9715,7.2835
Antioquia,Bello,Estacion_06,2021,5,46.59,28.96,-74.8841,5.7213
Santander,Bucaramanga,Estacion_01,2024,6,58.8,31.71,-73.3915,7.1568
Atlántico,Soledad,Estacion_03,2021,2,8.22,4.5,-74.4615,9.2448
Huila,Neiva,Estacion_09,2020,1,60.16,33.15,-74.9005,5.8714
Santander,Bucaramanga,Estacion_26,2023,8,5.0,3.0,-74.8564,5.2154
Boyacá,Tunja,Estacion_26,2020,7,45.43,27.78,-73.7481,5.2767
Santander,Bucaramanga,Estacion_26,2019,8,43.24,23.35,-73.6409,5.2915
Antioquia,Bello,Estacion_18,2018,2,35.49,18.76,-73.6959,5.5986
Boyacá,Tunja,Estacion_04,2018,7,38.68,21.64,-74.3534,8.8116
Antioquia,Bello,Estacion_26,2019,3,66.46,29.99,-74.3452,9.391
Norte de Santander,Cúcuta,Estacion_01,2023,8,7.25,4.32,-73.1917,10.0136
Bolívar,Cartagena,Estacion_13,2024,8,65.46,40.5,-74.2319,4.0698
Bogotá D.C.,Bogotá,Estacion_23,2018,12,53.62,21.82,-74.809,7.7828
Valle del Cauca,Palmira,Estacion_01,2024,12,55.23,22.65,-73.7594,5.9139
Norte de Santander,Cúcuta,Estacion_11,2019,2,12.99,6.67,-73.5226,10.0494
Cundinamarca,Soacha,Estacion_12,2023,6,41.9,24.19,-74.8666,10.5208
Antioquia,Bello,Estacion_29,2022,2,45.33,19.7,-73.536,7.9643
Cundinamarca,Zipaquirá,Estacion_18,2023,4,24.97,12.93,-73.9264,9.9468
Huila,Neiva,Estacion_26,2022,9,53.82,25.89,-74.9462,10.4814
Huila,Neiva,Estacion_11,2024,7,5.96,3.04,-73.0784,9.9645
Antioquia,Envigado,Estacion_12,2021,10,33.04,18.72,-74.1421,7.9564
Valle del Cauca,Cali,Estacion_20,2023,5,78.74,46.74,-73.7842,8.3175
Bogotá D.C.,Bogotá,Estacion_21,2023,9,29.49,15.15,-73.3384,5.8356
Huila,Neiva,Estacion_24,2024,3,38.97,20.27,-73.2494,4.8016
Santander,Floridablanca,Estacion_27,2020,11,24.8,10.12,-73.0023,10.5135
Norte de Santander,Cúcuta,Estacion_01,2024,2,52.86,27.02,-73.3298,10.998
Bogotá D.C.,Bogotá,Estacion_26,2022,12,53.84,22.85,-73.7041,5.5332
Norte de Santander,Cúcuta,Estacion_04,2018,1,34.74,19.58,-74.4646,8.8858
Santander,Floridablanca,Estacion_11,2024,4,36.18,21.48,-73.3139,4.939
Cundinamarca,Zipaquirá,Estacion_05,2018,12,55.83,26.96,-73.0837,4.6055
Huila,Neiva,Estacion_12,2023,11,43.91,25.02,-74.7363,6.4752
Norte de Santander,Cúcuta,Estacion_03,2021,6,27.13,13.79,-73.6391,10.0658
Bogotá D.C.,Bogotá,Estacion_18,2022,9,66.16,37.26,-73.1624,8.4951
Santander,Bucaramanga,Estacion_10,2019,8,42.18,18.76,-74.2626,10.5947
Cundinamarca,Soacha,Estacion_03,2024,5,29.54,15.98,-74.29,7.754
Antioquia,Envigado,Estacion_02,2023,8,40.09,24.67,-73.116,9.958
Huila,Neiva,Estacion_08,2021,8,50.95,26.13,-74.8232,4.0655
Valle del Cauca,Palmira,Estacion_23,2024,4,58.52,36.76,-74.5614,6.3114
Norte de Santander,Cúcuta,Estacion_04,2023,6,5.0,3.0,-73.7485,8.0222
Bogotá D.C.,Bogotá,Estacion_16,2020,7,60.11,30.93,-73.7544,9.8316
Norte de Santander,Cúcuta,Estacion_04,2022,9,22.69,9.9,-73.4869,9.2392
Bogotá D.C.,Bogotá,Estacion_13,2024,11,78.27,49.32,-73.216,7.7478
Bolívar,Cartagena,Estacion_09,2019,6,39.45,17.98,-74.124,7.2794
Huila,Neiva,Estacion_16,2023,4,44.86,20.99,-74.2153,4.2107
Bolívar,Cartagena,Estacion_06,2022,11,45.63,23.61,-73.0943,9.5695
Valle del Cauca,Cali,Estacion_18,2018,6,7.38,4.52,-73.5197,9.7137
Cundinamarca,Soacha,Estacion_20,2021,11,46.24,28.86,-73.9551,9.3782
Valle del Cauca,Palmira,Estacion_08,2020,3,24.88,11.6,-74.206,6.2722
Santander,Floridablanca,Estacion_13,2024,1,30.54,17.03,-73.7401,10.6862
Cundinamarca,Zipaquirá,Estacion_30,2022,10,11.31,7.31,-74.8594,4.5399
Atlántico,Barranquilla,Estacion_24,2018,5,15.79,7.49,-74.8101,8.235
Atlántico,Soledad,Estacion_23,2022,6,8.79,5.16,-74.4336,6.9029
Santander,Bucaramanga,Estacion_28,2024,5,50.21,28.68,-73.4844,8.5429
Antioquia,Bello,Estacion_30,2019,2,15.38,8.92,-74.2268,9.2767
Antioquia,Bello,Estacion_02,2018,1,45.03,20.5,-74.1187,4.1111
Bolívar,Cartagena,Estacion_26,2019,2,57.11,28.92,-73.2527,6.7626
Boyacá,Tunja,Estacion_23,2024,9,59.36,35.13,-74.1624,10.4743
Valle del Cauca,Cali,Estacion_21,2021,1,27.34,16.47,-74.449,10.6566
Bolívar,Cartagena,Estacion_08,2018,9,34.91,22.17,-74.1106,7.2335
Valle del Cauca,Palmira,Estacion_27,2022,7,64.17,29.29,-73.7614,10.2293
Norte de Santander,Cúcuta,Estacion_02,2018,12,5.0,3.0,-74.9284,7.7045
Norte de Santander,Cúcuta,Estacion_25,2020,10,46.35,23.05,-74.8649,10.2757
Huila,Neiva,Estacion_04,2019,8,40.11,16.7,-73.7944,9.9667
Valle del Cauca,Palmira,Estacion_03,2021,2,38.14,19.36,-74.5194,8.8911
Bolívar,Cartagena,Estacion_29,2018,2,33.6,19.92,-74.4895,8.5658
Boyacá,Duitama,Estacion_15,2018,4,39.33,21.18,-73.5981,8.9324
Atlántico,Soledad,Estacion_18,2018,4,56.79,22.97,-74.929,8.7618
Atlántico,Soledad,Estacion_29,2019,6,25.61,10.98,-74.3338,10.6687
Huila,Neiva,Estacion_01,2020,9,23.38,13.96,-74.8394,7.7731
Cundinamarca,Soacha,Estacion_30,2020,1,31.95,13.52,-73.3213,4.2445
Antioquia,Envigado,Estacion_12,2023,9,50.57,31.06,-73.4141,4.641
Huila,Neiva,Estacion_23,2019,10,29.72,13.32,-74.1443,6.6944
Antioquia,Bello,Estacion_12,2018,11,19.97,8.37,-74.8566,7.3571
Boyacá,Tunja,Estacion_08,2024,8,27.56,13.68,-74.8504,6.3755
Santander,Bucaramanga,Estacion_25,2023,11,57.51,34.9,-74.2256,4.6825
Norte de Santander,Cúcuta,Estacion_05,2020,2,23.85,9.94,-74.8386,8.5672
Huila,Neiva,Estacion_26,2024,4,55.95,30.02,-74.5864,4.3158
Cundinamarca,Soacha,Estacion_26,2019,11,53.63,28.23,-74.1122,9.4768
Boyacá,Duitama,Estacion_08,2021,12,64.25,41.27,-74.265,10.6499
Santander,Bucaramanga,Estacion_01,2022,10,44.01,17.95,-74.7472,9.4082
Huila,Neiva,Estacion_24,2018,4,23.74,12.44,-74.4756,6.0924
Antioquia,Medellín,Estacion_08,2018,10,5.0,3.0,-74.3613,5.0905
Valle del Cauca,Palmira,Estacion_11,2020,10,53.14,32.01,-74.6619,6.3879
Antioquia,Bello,Estacion_03,2019,7,34.28,21.26,-73.9442,7.0182
Antioquia,Medellín,Estacion_07,2023,4,26.54,16.77,-74.5729,6.4345
Antioquia,Envigado,Estacion_29,2019,2,54.74,31.47,-74.0147,10.5935
Cundinamarca,Zipaquirá,Estacion_23,2023,10,45.52,18.82,-74.6392,10.6593
Atlántico,Soledad,Estacion_24,2023,3,34.46,20.79,-74.8468,7.6159
Bogotá D.C.,Bogotá,Estacion_22,2023,1,44.02,24.04,-74.5735,5.5326
Bogotá D.C.,Bogotá,Estacion_07,2022,11,37.37,23.74,-73.3765,9.7535
Bogotá D.C.,Bogotá,Estacion_01,2024,9,34.36,18.59,-73.6857,8.6472
Norte de Santander,Cúcuta,Estacion_18,2018,5,37.21,23.47,-73.7114,10.9674
Norte de Santander,Cúcuta,Estacion_06,2022,4,60.41,37.5,-74.2615,9.0248
Bogotá D.C.,Bogotá,Estacion_18,2022,8,17.17,9.02,-74.0854,7.8954
Huila,Neiva,Estacion_06,2020,5,38.24,19.3,-74.4532,10.4965
Boyacá,Duitama,Estacion_09,2022,5,58.74,34.96,-74.6285,9.4075
Bogotá D.C.,Bogotá,Estacion_19,2018,8,62.87,29.17,-74.7102,9.7984
Valle del Cauca,Palmira,Estacion_18,2022,9,63.16,34.37,-73.4491,9.7043
Cundinamarca,Soacha,Estacion_21,2023,10,37.92,22.32,-74.3283,8.3598
Boyacá,Duitama,Estacion_14,2023,9,33.68,13.93,-74.5071,5.8982
Santander,Floridablanca,Estacion_09,2020,4,28.0,14.15,-73.8666,10.1864
Atlántico,Barranquilla,Estacion_30,2021,4,37.77,19.31,-73.9864,4.4925
Bolívar,Cartagena,Estacion_27,2022,7,48.51,24.35,-74.8262,8.9261
Santander,Floridablanca,Estacion_13,2020,9,17.64,7.31,-73.6127,9.606
Boyacá,Duitama,Estacion_04,2018,8,5.0,3.0,-74.7673,5.7979
Bogotá D.C.,Bogotá,Estacion_06,2023,4,63.88,34.96,-74.977,10.4518
Norte de Santander,Cúcuta,Estacion_28,2020,3,22.88,10.17,-73.4791,9.4715
Boyacá,Tunja,Estacion_20,2023,5,31.14,18.7,-74.4573,7.5991
Santander,Floridablanca,Estacion_24,2024,2,50.55,26.96,-74.0085,6.2619
Boyacá,Duitama,Estacion_13,2022,3,25.53,12.98,-73.6038,4.0832
Bogotá D.C.,Bogotá,Estacion_08,2023,1,52.6,25.71,-73.7684,10.0238
Bogotá D.C.,Bogotá,Estacion_15,2020,7,14.28,6.77,-74.987,8.9481
Bolívar,Cartagena,Estacion_11,2020,6,49.04,29.29,-74.7796,10.8218
Atlántico,Barranquilla,Estacion_07,2024,5,72.26,42.39,-73.0366,7.2895
Valle del Cauca,Palmira,Estacion_23,2020,10,16.46,9.45,-74.8068,10.8564
Boyacá,Tunja,Estacion_24,2020,1,36.24,15.62,-73.643,4.8564
Norte de Santander,Cúcuta,Estacion_28,2019,7,20.11,9.09,-74.6616,10.4393
Bogotá D.C.,Bogotá,Estacion_23,2024,9,62.23,32.26,-73.6248,5.9692
Valle del Cauca,Cali,Estacion_12,2024,5,29.83,17.52,-74.8246,7.6293
Cundinamarca,Soacha,Estacion_16,2019,7,36.85,15.47,-73.9813,4.6431
Huila,Neiva,Estacion_26,2023,8,47.62,27.65,-74.7839,10.3766
Norte de Santander,Cúcuta,Estacion_15,2018,11,15.07,8.85,-74.7935,5.3549
Antioquia,Envigado,Estacion_09,2022,3,60.42,35.35,-73.8793,4.9814
Cundinamarca,Soacha,Estacion_09,2019,10,34.1,17.45,-74.7912,9.585
Norte de Santander,Cúcuta,Estacion_21,2022,4,45.89,22.0,-74.4398,10.7564
Bolívar,Cartagena,Estacion_11,2021,2,26.36,15.76,-74.6299,5.8489
Bolívar,Cartagena,Estacion_04,2023,11,56.35,34.08,-73.9201,7.0954
Valle del Cauca,Cali,Estacion_07,2021,8,33.17,16.02,-74.4593,9.5837
Valle del Cauca,Cali,Estacion_15,2019,10,53.43,27.41,-73.6722,10.5775
Santander,Bucaramanga,Estacion_09,2024,12,15.31,8.17,-74.1727,5.516
Santander,Bucaramanga,Estacion_05,2019,6,67.71,36.62,-73.2361,10.7786
Cundinamarca,Soacha,Estacion_05,2022,8,10.9,6.93,-73.5606,7.507
Bogotá D.C.,Bogotá,Estacion_10,2019,2,64.62,41.62,-73.4346,8.1784
Bolívar,Cartagena,Estacion_15,2021,12,57.6,28.89,-74.1645,8.6166
Cundinamarca,Zipaquirá,Estacion_19,2019,10,35.65,19.31,-74.6254,10.4648
Atlántico,Soledad,Estacion_21,2023,1,50.81,31.75,-73.8369,8.1811
Huila,Neiva,Estacion_24,2023,9,17.73,11.29,-73.7422,9.6921
Bolívar,Cartagena,Estacion_23,2019,9,37.21,23.3,-74.6215,10.1552
Santander,Bucaramanga,Estacion_17,2023,4,36.04,15.15,-74.3314,8.7593
Cundinamarca,Zipaquirá,Estacion_25,2021,8,32.44,15.58,-73.6178,5.3529
Valle del Cauca,Cali,Estacion_30,2023,12,61.08,30.01,-73.7026,7.2624
Norte de Santander,Cúcuta,Estacion_17,2024,9,50.36,29.61,-73.2109,8.0469
Santander,Floridablanca,Estacion_10,2019,1,11.61,4.73,-73.9336,7.9919
Valle del Cauca,Cali,Estacion_10,2024,4,30.6,14.51,-74.6489,8.9549
Atlántico,Barranquilla,Estacion_26,2018,4,9.44,5.92,-74.0775,10.432
Santander,Bucaramanga,Estacion_18,2022,5,47.17,28.23,-74.1939,9.3898
Boyacá,Duitama,Estacion_08,2022,11,11.8,7.34,-74.5326,7.2579
Antioquia,Medellín,Estacion_30,2019,1,28.67,17.6,-73.4065,8.7572
Bogotá D.C.,Bogotá,Estacion_13,2018,3,59.32,25.95,-74.008,4.2482
Valle del Cauca,Cali,Estacion_08,2024,12,68.6,27.73,-74.2233,6.1615
Huila,Neiva,Estacion_09,2019,10,21.92,13.27,-73.8793,9.9569
Boyacá,Duitama,Estacion_02,2021,11,27.04,17.57,-73.4794,4.2656
Norte de Santander,Cúcuta,Estacion_22,2019,5,30.17,14.08,-73.4274,8.1473
Atlántico,Barranquilla,Estacion_21,2021,2,49.44,27.89,-74.0282,5.9558
Huila,Neiva,Estacion_14,2020,1,35.01,21.09,-73.2374,5.919
Antioquia,Bello,Estacion_27,2018,2,25.52,12.04,-74.5513,8.9847
Valle del Cauca,Palmira,Estacion_02,2018,1,46.35,20.61,-73.2439,5.1065
Antioquia,Medellín,Estacion_19,2022,11,20.77,11.11,-73.1471,9.8615
Antioquia,Bello,Estacion_06,2021,4,5.0,3.0,-74.6559,4.6991
Santander,Bucaramanga,Estacion_13,2024,2,58.99,32.44,-73.3057,6.3762
Valle del Cauca,Cali,Estacion_01,2020,10,60.39,33.84,-73.0,9.5331
Norte de Santander,Cúcuta,Estacion_26,2020,11,49.1,29.96,-73.5766,8.3332
Santander,Bucaramanga,Estacion_20,2024,10,19.0,9.82,-73.7872,7.7613
Antioquia,Bello,Estacion_14,2019,1,24.69,13.92,-73.2968,9.259
Antioquia,Bello,Estacion_09,2024,4,17.68,10.31,-73.3723,8.836
Bogotá D.C.,Bogotá,Estacion_22,2020,2,59.57,28.32,-73.0438,9.6954
Norte de Santander,Cúcuta,Estacion_27,2018,7,34.74,16.17,-74.3041,10.6662
Bogotá D.C.,Bogotá,Estacion_20,2022,4,32.0,18.93,-74.7098,8.8272
Huila,Neiva,Estacion_20,2021,3,17.71,8.74,-73.7238,8.9207
Bogotá D.C.,Bogotá,Estacion_13,2020,7,49.35,30.6,-74.1487,10.6229
Antioquia,Medellín,Estacion_15,2024,10,19.51,9.32,-74.4579,4.1325
Atlántico,Barranquilla,Estacion_12,2022,8,53.29,24.62,-73.5056,6.1665
Huila,Neiva,Estacion_26,2018,8,54.62,30.96,-74.9673,7.893
Norte de Santander,Cúcuta,Estacion_18,2024,7,44.17,28.07,-73.3492,8.9815
Valle del Cauca,Cali,Estacion_18,2023,6,32.0,14.94,-74.717,9.2519
Cundinamarca,Zipaquirá,Estacion_26,2022,11,34.19,14.53,-73.4066,9.2393
Valle del Cauca,Cali,Estacion_11,2024,9,71.75,30.76,-73.4872,6.8523
Santander,Floridablanca,Estacion_27,2023,12,27.58,14.06,-74.87,10.3022
Bogotá D.C.,Bogotá,Estacion_22,2023,7,43.39,25.77,-73.6456,9.9039
Valle del Cauca,Cali,Estacion_06,2021,10,35.69,16.69,-73.0033,5.5773
Norte de Santander,Cúcuta,Estacion_27,2019,1,33.92,18.75,-74.7234,8.2095
Norte de Santander,Cúcuta,Estacion_07,2018,1,44.28,26.22,-74.9001,6.3859
Valle del Cauca,Cali,Estacion_21,2020,7,47.78,26.45,-74.9805,5.3238
Santander,Bucaramanga,Estacion_11,2022,6,12.46,7.52,-74.8421,9.7076
Santander,Bucaramanga,Estacion_25,2022,6,44.4,28.23,-74.4978,10.1292
Santander,Bucaramanga,Estacion_25,2023,1,24.86,12.21,-73.1188,4.608
Norte de Santander,Cúcuta,Estacion_03,2024,2,28.3,17.02,-73.2224,7.9923
Santander,Floridablanca,Estacion_29,2020,3,42.28,18.4,-73.7287,6.3454
Norte de Santander,Cúcuta,Estacion_28,2020,3,51.47,26.23,-73.0765,10.3025
Huila,Neiva,Estacion_24,2019,1,47.41,22.77,-73.7066,4.1627
Santander,Floridablanca,Estacion_18,2023,11,18.4,9.11,-74.4299,10.1711
Atlántico,Barranquilla,Estacion_17,2023,2,58.89,28.51,-73.3269,9.313
Boyacá,Tunja,Estacion_06,2018,2,37.02,22.87,-73.9921,9.0949
Santander,Floridablanca,Estacion_06,2019,2,50.54,31.5,-74.2616,10.2854
Boyacá,Duitama,Estacion_08,2023,7,31.18,19.24,-74.9991,10.544
Santander,Bucaramanga,Estacion_07,2020,10,37.6,18.32,-73.356,4.0889
Boyacá,Duitama,Estacion_23,2021,10,31.56,14.88,-74.8165,10.522
Bolívar,Cartagena,Estacion_11,2022,3,31.37,17.88,-73.7689,9.6839
Boyacá,Duitama,Estacion_28,2021,5,25.81,14.84,-73.6866,4.8579
Cundinamarca,Zipaquirá,Estacion_14,2023,7,35.25,17.64,-74.9727,5.4884
Cundinamarca,Zipaquirá,Estacion_11,2022,7,5.0,3.0,-74.7684,4.3897
Huila,Neiva,Estacion_15,2022,7,18.15,11.66,-74.4386,8.0925
Cundinamarca,Soacha,Estacion_08,2020,5,22.89,10.31,-73.7988,5.205
Boyacá,Tunja,Estacion_12,2021,3,32.66,17.12,-73.46,7.1079
Santander,Bucaramanga,Estacion_16,2023,4,25.08,11.43,-74.5054,9.1761
Bogotá D.C.,Bogotá,Estacion_02,2021,9,72.61,29.86,-74.5706,9.2256
Boyacá,Tunja,Estacion_07,2020,9,29.02,17.7,-73.4402,4.6987
Boyacá,Duitama,Estacion_20,2023,9,20.15,11.22,-74.2145,7.5788
Santander,Floridablanca,Estacion_10,2022,8,19.64,9.7,-73.0689,8.6795
Boyacá,Duitama,Estacion_29,2021,5,9.23,4.16,-74.2483,10.1535
Valle del Cauca,Palmira,Estacion_05,2022,7,63.38,27.63,-74.803,8.3516
Valle del Cauca,Cali,Estacion_15,2019,7,32.01,16.16,-74.5367,8.2518
Cundinamarca,Soacha,Estacion_30,2021,3,58.71,30.79,-74.0104,5.1416
Atlántico,Soledad,Estacion_12,2023,8,5.0,3.0,-74.135,6.4684
Bolívar,Cartagena,Estacion_14,2020,1,53.81,33.6,-74.6844,4.7702
Valle del Cauca,Cali,Estacion_09,2024,10,42.5,21.77,-74.4667,5.8379
Antioquia,Bello,Estacion_14,2020,9,8.54,4.95,-74.6323,4.6746
Norte de Santander,Cúcuta,Estacion_01,2022,10,46.31,26.0,-73.9743,4.497
Norte de Santander,Cúcuta,Estacion_07,2022,11,27.3,16.11,-74.0178,4.0879
Atlántico,Barranquilla,Estacion_12,2021,7,37.03,16.6,-74.5031,10.8723
Bogotá D.C.,Bogotá,Estacion_03,2022,9,47.59,27.09,-74.885,7.9806
Valle del Cauca,Palmira,Estacion_20,2022,10,30.09,12.36,-74.6114,10.6066
Huila,Neiva,Estacion_28,2020,9,53.6,26.6,-73.8894,8.5916
Bogotá D.C.,Bogotá,Estacion_02,2024,5,51.67,25.78,-73.7281,10.9031
Antioquia,Medellín,Estacion_26,2018,7,28.25,12.72,-74.4318,6.4461
Huila,Neiva,Estacion_03,2023,1,30.43,12.32,-73.8762,4.0426
Bolívar,Cartagena,Estacion_28,2023,10,52.46,27.84,-73.5769,6.5215
Santander,Bucaramanga,Estacion_06,2020,10,35.65,21.63,-73.9231,8.1886
Valle del Cauca,Palmira,Estacion_19,2023,4,66.71,31.38,-73.2731,5.842
Santander,Floridablanca,Estacion_26,2022,12,50.06,24.3,-73.5308,10.3478
Atlántico,Barranquilla,Estacion_04,2022,12,20.65,11.36,-74.7355,4.5246
Santander,Floridablanca,Estacion_26,2023,8,29.16,13.81,-73.5332,6.813
Atlántico,Soledad,Estacion_07,2018,6,27.93,11.94,-73.9663,4.5866
Atlántico,Soledad,Estacion_20,2022,7,35.87,18.48,-74.6064,10.4819
Norte de Santander,Cúcuta,Estacion_13,2022,11,41.43,19.16,-73.8578,8.4406
Bolívar,Cartagena,Estacion_24,2023,11,56.53,27.27,-74.9322,8.9386
Santander,Bucaramanga,Estacion_04,2024,7,19.31,8.47,-74.6456,9.0885
Cundinamarca,Soacha,Estacion_04,2024,4,34.26,16.87,-74.1063,9.4209
Valle del Cauca,Cali,Estacion_29,2020,8,59.49,25.71,-74.8623,8.4795
Cundinamarca,Soacha,Estacion_13,2022,3,18.88,8.18,-73.6661,7.578
Bogotá D.C.,Bogotá,Estacion_09,2020,7,46.49,26.59,-73.2386,5.6329
Antioquia,Envigado,Estacion_27,2018,8,19.04,7.88,-74.9406,9.3596
Huila,Neiva,Estacion_02,2022,10,46.86,23.85,-74.388,5.5948
Boyacá,Tunja,Estacion_09,2020,11,65.71,32.96,-73.6542,10.5816
Boyacá,Duitama,Estacion_07,2019,7,21.07,8.53,-73.6422,4.5677
Antioquia,Medellín,Estacion_22,2019,4,43.82,20.03,-74.2018,5.1168
Norte de Santander,Cúcuta,Estacion_15,2019,1,39.12,20.95,-74.1779,10.8503
Atlántico,Soledad,Estacion_01,2019,12,34.17,14.04,-74.7084,9.0336
Boyacá,Tunja,Estacion_09,2019,5,5.0,3.12,-73.891,9.6961
Antioquia,Envigado,Estacion_03,2023,7,16.07,7.32,-74.68,9.6932
Santander,Bucaramanga,Estacion_21,2021,8,31.95,17.18,-73.9438,5.636
Santander,Floridablanca,Estacion_13,2021,7,48.79,21.09,-74.5845,10.9485
Bolívar,Cartagena,Estacion_16,2018,4,28.74,17.97,-73.0853,9.5651
Santander,Floridablanca,Estacion_28,2020,4,21.3,11.31,-73.2953,6.6041
Bolívar,Cartagena,Estacion_10,2020,12,34.35,20.24,-73.4385,5.776
Norte de Santander,Cúcuta,Estacion_12,2023,9,18.38,8.52,-74.805,8.0699
Atlántico,Barranquilla,Estacion_12,2024,5,30.81,17.61,-74.0895,9.6077
Santander,Bucaramanga,Estacion_01,2018,9,36.06,14.87,-73.9286,9.4008
Bolívar,Cartagena,Estacion_26,2023,4,19.24,12.5,-74.5413,8.9221
Huila,Neiva,Estacion_25,2021,8,37.96,22.62,-73.0863,10.0322
Santander,Bucaramanga,Estacion_16,2018,10,5.0,3.0,-73.7954,6.8784
Boyacá,Duitama,Estacion_24,2024,9,49.28,31.12,-73.7362,8.7732
Atlántico,Barranquilla,Estacion_30,2023,6,21.16,9.61,-73.2042,5.6192
Bolívar,Cartagena,Estacion_30,2023,7,30.68,18.26,-73.4461,10.7166
Norte de Santander,Cúcuta,Estacion_12,2023,11,35.12,21.09,-74.3799,6.4362
Valle del Cauca,Cali,Estacion_12,2022,3,67.88,27.26,-74.1037,6.2845
Valle del Cauca,Cali,Estacion_21,2022,10,41.27,24.5,-74.9205,7.6488
Bolívar,Cartagena,Estacion_25,2022,7,43.58,26.18,-74.869,10.5338
Antioquia,Bello,Estacion_11,2023,8,12.32,5.12,-74.7926,7.4928
Norte de Santander,Cúcuta,Estacion_25,2020,11,34.23,17.12,-74.612,4.9079
Valle del Cauca,Palmira,Estacion_14,2019,1,44.09,26.1,-73.1851,9.1411
Bolívar,Cartagena,Estacion_11,2024,4,25.31,12.78,-74.0795,5.4941
Bogotá D.C.,Bogotá,Estacion_30,2019,2,63.01,35.86,-74.6672,6.2508
Cundinamarca,Soacha,Estacion_12,2020,8,6.24,3.83,-74.4032,5.8585
Antioquia,Envigado,Estacion_22,2020,2,10.82,5.95,-74.1778,5.4241
Valle del Cauca,Palmira,Estacion_24,2021,3,65.73,35.96,-74.8835,5.0066
Atlántico,Soledad,Estacion_04,2018,6,5.0,3.0,-74.9775,5.1508
Atlántico,Barranquilla,Estacion_09,2021,12,43.62,22.8,-73.0795,4.9023
Atlántico,Soledad,Estacion_30,2020,9,34.64,20.29,-73.5636,4.7183
Valle del Cauca,Palmira,Estacion_19,2021,12,41.19,26.17,-73.9929,4.4936
Santander,Floridablanca,Estacion_15,2021,2,18.69,9.27,-74.7674,6.2113
Atlántico,Barranquilla,Estacion_20,2024,7,50.32,25.97,-73.498,10.1634
Antioquia,Medellín,Estacion_17,2023,10,54.08,22.52,-74.6705,5.6136
Santander,Floridablanca,Estacion_02,2024,3,13.31,5.48,-73.9743,10.3215
Boyacá,Duitama,Estacion_10,2023,11,44.6,20.21,-73.7089,4.4254
Norte de Santander,Cúcuta,Estacion_25,2022,5,35.43,19.58,-74.2752,5.7573
Huila,Neiva,Estacion_17,2021,7,35.67,22.53,-73.6605,7.0344
Boyacá,Tunja,Estacion_25,2022,7,19.78,9.45,-74.315,8.518
Huila,Neiva,Estacion_22,2020,2,44.79,28.95,-73.0077,5.3993
Atlántico,Soledad,Estacion_07,2019,3,56.43,34.41,-73.9591,8.205
Santander,Floridablanca,Estacion_10,2022,10,30.02,19.23,-73.4641,5.0209
Norte de Santander,Cúcuta,Estacion_05,2024,8,37.11,15.86,-73.0909,4.6515
Bolívar,Cartagena,Estacion_27,2020,12,55.48,26.02,-73.9384,9.2602
Huila,Neiva,Estacion_03,2024,3,73.18,31.98,-73.2291,7.1315
Bogotá D.C.,Bogotá,Estacion_19,2018,7,50.4,23.76,-73.0046,6.6083
Antioquia,Envigado,Estacion_22,2024,3,44.68,19.59,-74.4191,7.2278
Valle del Cauca,Cali,Estacion_24,2018,7,41.17,20.07,-74.2658,6.9019
Cundinamarca,Zipaquirá,Estacion_02,2019,8,50.89,21.21,-74.8978,10.3413
Boyacá,Duitama,Estacion_16,2024,6,32.1,14.71,-73.9847,7.6995
Valle del Cauca,Palmira,Estacion_25,2023,8,30.38,19.56,-74.0489,9.3932
Norte de Santander,Cúcuta,Estacion_28,2023,11,27.16,13.6,-74.7862,4.4381
Bolívar,Cartagena,Estacion_17,2022,8,45.66,24.03,-74.8232,7.849
Antioquia,Envigado,Estacion_21,2021,3,5.0,3.0,-74.5892,7.6284
Bogotá D.C.,Bogotá,Estacion_03,2022,6,37.39,22.71,-74.6463,4.743
Bogotá D.C.,Bogotá,Estacion_09,2021,12,58.77,35.1,-73.49,4.3119
Boyacá,Duitama,Estacion_17,2020,10,39.9,24.95,-73.1571,10.2213
Cundinamarca,Soacha,Estacion_30,2020,7,36.21,22.15,-73.8219,4.3785
Bolívar,Cartagena,Estacion_06,2019,8,40.09,20.51,-73.7023,4.9651
Atlántico,Barranquilla,Estacion_24,2024,5,17.92,9.28,-73.001,10.801
Cundinamarca,Soacha,Estacion_24,2020,7,54.21,34.99,-73.0036,4.9017
Cundinamarca,Soacha,Estacion_29,2019,7,21.76,9.43,-73.0292,10.9426
Atlántico,Soledad,Estacion_05,2024,2,34.83,18.28,-74.5416,5.0306
Huila,Neiva,Estacion_05,2022,2,52.9,22.23,-74.9643,4.8377
Cundinamarca,Zipaquirá,Estacion_07,2020,10,57.34,36.21,-74.6266,6.9979
Bolívar,Cartagena,Estacion_15,2022,9,45.34,27.9,-73.9411,4.9905
Boyacá,Tunja,Estacion_20,2022,8,11.48,5.2,-74.7591,7.441
Atlántico,Barranquilla,Estacion_18,2022,3,29.93,16.78,-74.5499,5.2816
Bolívar,Cartagena,Estacion_10,2018,4,47.49,23.42,-74.3622,9.6405
Bogotá D.C.,Bogotá,Estacion_23,2020,8,38.37,17.19,-74.4101,4.7895
Atlántico,Soledad,Estacion_27,2022,1,36.51,22.36,-73.5504,6.0956
Huila,Neiva,Estacion_09,2023,2,31.34,12.63,-74.0605,4.6864
Norte de Santander,Cúcuta,Estacion_17,2022,7,20.93,9.44,-74.2346,4.0722
Santander,Floridablanca,Estacion_25,2020,6,35.38,18.56,-74.4361,7.4737
Boyacá,Tunja,Estacion_15,2019,8,43.52,26.64,-73.6236,10.1173
Atlántico,Soledad,Estacion_05,2020,5,66.24,31.03,-73.1013,9.0654
Antioquia,Medellín,Estacion_30,2019,7,45.91,19.2,-73.7016,8.4599
Atlántico,Soledad,Estacion_20,2019,1,27.87,11.57,-74.8072,5.0065
Boyacá,Duitama,Estacion_08,2024,5,34.83,19.17,-73.1776,7.556
Huila,Neiva,Estacion_08,2022,12,30.14,16.65,-74.9559,7.047
Santander,Bucaramanga,Estacion_03,2019,8,32.6,19.83,-73.8865,4.9118
Atlántico,Soledad,Estacion_13,2022,3,54.47,25.37,-74.8615,6.3165
Huila,Neiva,Estacion_04,2022,1,31.5,16.41,-74.43,4.1796
Bogotá D.C.,Bogotá,Estacion_26,2018,6,65.96,36.36,-74.1817,4.4249
Boyacá,Duitama,Estacion_21,2024,3,32.87,16.31,-74.9645,6.534
Bogotá D.C.,Bogotá,Estacion_16,2024,2,60.13,33.37,-74.2733,7.0858
Norte de Santander,Cúcuta,Estacion_15,2021,12,33.55,18.1,-74.3771,8.0421
Boyacá,Tunja,Estacion_03,2024,11,54.11,31.37,-74.2749,10.0096
Boyacá,Tunja,Estacion_14,2020,4,34.35,18.8,-74.7392,7.7419
Cundinamarca,Zipaquirá,Estacion_01,2018,10,12.06,6.2,-73.3031,9.951
Norte de Santander,Cúcuta,Estacion_18,2024,3,37.78,21.82,-73.1471,9.1121
Bolívar,Cartagena,Estacion_19,2023,9,12.3,6.6,-73.3541,8.4372
Atlántico,Barranquilla,Estacion_22,2021,6,30.2,15.65,-73.9015,9.7863
Antioquia,Bello,Estacion_11,2024,9,22.01,10.19,-73.5134,5.3758
Bogotá D.C.,Bogotá,Estacion_24,2024,10,47.84,22.63,-74.6442,6.9403
Cundinamarca,Zipaquirá,Estacion_06,2022,9,43.52,20.02,-73.4395,8.1454
Santander,Bucaramanga,Estacion_24,2024,1,42.39,24.03,-73.1525,8.177
Atlántico,Barranquilla,Estacion_06,2021,5,51.13,30.14,-73.2558,9.1566
Norte de Santander,Cúcuta,Estacion_08,2018,6,59.63,26.38,-74.1383,8.4964
Norte de Santander,Cúcuta,Estacion_23,2024,8,54.68,28.2,-73.8369,8.5174
Valle del Cauca,Palmira,Estacion_15,2022,4,15.89,6.86,-74.9653,8.8343
Valle del Cauca,Palmira,Estacion_05,2021,1,64.73,36.17,-73.9211,4.7489
Valle del Cauca,Cali,Estacion_30,2018,8,61.66,33.32,-74.8776,9.7732
Valle del Cauca,Cali,Estacion_03,2019,5,72.21,42.36,-73.4844,9.5414
Cundinamarca,Zipaquirá,Estacion_05,2024,2,38.54,23.15,-74.4545,5.2493
Bogotá D.C.,Bogotá,Estacion_23,2018,1,55.24,30.06,-74.8663,8.4005
Bolívar,Cartagena,Estacion_11,2022,1,20.58,8.87,-73.0567,4.4425
Boyacá,Tunja,Estacion_22,2023,5,34.03,14.52,-73.3474,9.0778
Boyacá,Tunja,Estacion_27,2018,2,67.21,34.54,-73.4698,6.3205
Norte de Santander,Cúcuta,Estacion_13,2021,1,30.17,13.54,-74.89,7.3951
Norte de Santander,Cúcuta,Estacion_15,2022,10,51.93,23.9,-73.1777,10.8053
Huila,Neiva,Estacion_02,2020,6,46.46,19.87,-74.7555,6.6701
Norte de Santander,Cúcuta,Estacion_26,2021,6,35.06,18.99,-73.8889,9.5564
Santander,Bucaramanga,Estacion_11,2022,2,29.54,17.85,-74.0649,10.1312
Cundinamarca,Soacha,Estacion_10,2024,8,19.32,8.0,-74.6336,5.6069
Atlántico,Soledad,Estacion_16,2020,1,21.33,12.83,-73.4826,8.0402
Antioquia,Bello,Estacion_18,2019,6,33.85,19.01,-73.1399,5.891
Bogotá D.C.,Bogotá,Estacion_17,2020,9,43.58,18.53,-74.2578,7.1514
Antioquia,Bello,Estacion_01,2021,8,24.86,15.52,-73.1812,10.905
Bolívar,Cartagena,Estacion_02,2024,12,47.13,23.45,-73.109,5.9954
Bogotá D.C.,Bogotá,Estacion_01,2021,4,69.97,34.82,-74.7121,7.5043
Boyacá,Duitama,Estacion_18,2018,1,23.38,13.57,-73.1379,8.5628
Norte de Santander,Cúcuta,Estacion_29,2018,7,30.75,16.3,-74.5093,8.9989
Boyacá,Duitama,Estacion_02,2023,8,31.71,15.04,-73.9502,5.8096
Santander,Bucaramanga,Estacion_25,2022,5,30.24,13.37,-74.2023,6.8984
Atlántico,Soledad,Estacion_04,2022,12,59.35,31.49,-73.5708,5.5977
Atlántico,Barranquilla,Estacion_09,2023,10,12.52,6.01,-74.3256,5.262
Huila,Neiva,Estacion_15,2021,8,6.08,3.94,-74.0923,5.3315
Norte de Santander,Cúcuta,Estacion_04,2024,7,41.1,17.51,-74.515,10.7767
Bolívar,Cartagena,Estacion_03,2024,9,35.9,18.59,-73.7887,7.2285
Norte de Santander,Cúcuta,Estacion_19,2024,4,39.82,23.68,-73.0965,4.9854
Boyacá,Duitama,Estacion_02,2024,1,36.85,20.32,-74.9893,6.9025
Valle del Cauca,Palmira,Estacion_01,2022,5,38.54,18.64,-73.1705,4.0131
Norte de Santander,Cúcuta,Estacion_30,2024,3,43.05,25.99,-73.5181,9.1389
Norte de Santander,Cúcuta,Estacion_07,2021,11,31.82,17.97,-74.4738,4.8053
Bogotá D.C.,Bogotá,Estacion_09,2024,2,49.92,28.44,-73.1042,7.4707
Valle del Cauca,Cali,Estacion_16,2022,11,43.45,17.54,-73.1987,9.6691
Atlántico,Barranquilla,Estacion_04,2023,10,38.96,17.14,-74.7514,9.9145
Cundinamarca,Zipaquirá,Estacion_15,2018,5,10.74,5.15,-74.6589,4.5767
Bolívar,Cartagena,Estacion_23,2020,8,30.65,13.18,-74.311,6.6484
Bogotá D.C.,Bogotá,Estacion_27,2021,2,47.7,19.21,-74.4867,7.6044
Norte de Santander,Cúcuta,Estacion_14,2022,3,56.94,34.54,-74.8362,4.241
Antioquia,Bello,Estacion_26,2019,7,43.53,22.68,-73.1547,9.4443
Bolívar,Cartagena,Estacion_23,2024,8,31.4,15.02,-74.0751,9.1101
Norte de Santander,Cúcuta,Estacion_29,2022,8,36.69,14.92,-73.301,7.2637
Cundinamarca,Zipaquirá,Estacion_26,2022,8,37.06,22.26,-73.7133,8.0796
Huila,Neiva,Estacion_28,2023,4,45.12,19.29,-73.2469,10.9766
Norte de Santander,Cúcuta,Estacion_26,2021,9,44.44,19.98,-73.0081,6.3098
Bolívar,Cartagena,Estacion_30,2022,1,26.64,15.79,-74.1494,4.7732
Cundinamarca,Zipaquirá,Estacion_17,2022,2,29.62,15.74,-73.9799,9.5799
Atlántico,Soledad,Estacion_27,2021,1,15.89,8.15,-74.7355,6.4875
Bogotá D.C.,Bogotá,Estacion_12,2022,5,63.96,35.33,-73.3944,7.3506
Norte de Santander,Cúcuta,Estacion_27,2024,7,34.48,18.51,-74.6056,10.5177
Santander,Floridablanca,Estacion_07,2020,1,40.17,17.91,-73.9651,6.3442
Boyacá,Tunja,Estacion_02,2022,8,18.4,11.17,-74.2442,8.7741
Boyacá,Duitama,Estacion_19,2018,4,40.1,24.34,-73.9849,7.7728
Norte de Santander,Cúcuta,Estacion_06,2018,1,11.21,6.04,-73.6302,6.3026
Santander,Bucaramanga,Estacion_15,2018,2,39.9,17.18,-73.0716,9.6871
Huila,Neiva,Estacion_17,2022,8,30.21,16.4,-74.1099,4.6306
Huila,Neiva,Estacion_10,2024,9,28.56,14.95,-73.7128,6.671
Antioquia,Medellín,Estacion_04,2018,12,10.99,4.76,-74.2728,4.5554
Antioquia,Bello,Estacion_25,2021,2,11.01,5.9,-74.7214,6.7336
Valle del Cauca,Cali,Estacion_28,2021,2,43.46,21.98,-73.2677,7.0539
Cundinamarca,Zipaquirá,Estacion_18,2020,1,20.78,9.78,-73.7273,9.8179
Huila,Neiva,Estacion_21,2018,4,40.4,25.67,-74.6129,6.0958
Cundinamarca,Zipaquirá,Estacion_03,2019,2,24.48,14.09,-74.4012,7.8659
Bolívar,Cartagena,Estacion_21,2020,2,27.61,17.03,-73.5154,8.6842
Antioquia,Envigado,Estacion_08,2018,12,50.32,32.43,-74.834,8.0786
Cundinamarca,Soacha,Estacion_26,2022,12,41.89,25.13,-74.6803,7.1584
Bolívar,Cartagena,Estacion_06,2024,1,29.03,15.21,-73.0935,9.3908
Antioquia,Medellín,Estacion_12,2018,11,32.69,16.45,-73.4973,8.1322
Huila,Neiva,Estacion_20,2019,8,25.57,13.81,-74.1472,7.3691
Santander,Floridablanca,Estacion_07,2019,5,31.37,19.83,-73.1843,10.6656
Boyacá,Duitama,Estacion_19,2024,7,41.44,22.17,-74.0488,10.9388
Cundinamarca,Soacha,Estacion_09,2018,12,43.63,22.67,-74.7793,4.6311
Huila,Neiva,Estacion_09,2020,3,51.69,29.03,-73.878,8.078
Atlántico,Barranquilla,Estacion_09,2021,1,45.6,24.91,-73.6841,6.6004
Boyacá,Duitama,Estacion_16,2018,3,27.6,11.38,-74.118,10.8558
Antioquia,Bello,Estacion_18,2018,9,60.58,26.98,-74.718,8.3307
Huila,Neiva,Estacion_21,2021,7,42.21,24.2,-73.0647,5.3863
Huila,Neiva,Estacion_19,2018,9,5.0,3.0,-74.8975,7.5147
Santander,Bucaramanga,Estacion_19,2024,11,40.15,23.66,-74.3803,5.2838
Cundinamarca,Zipaquirá,Estacion_22,2024,2,51.81,20.78,-74.5353,5.8873
Bolívar,Cartagena,Estacion_23,2018,7,42.49,18.13,-74.1549,5.5032
Santander,Floridablanca,Estacion_08,2022,2,57.6,26.57,-73.3008,10.512
Bolívar,Cartagena,Estacion_03,2022,6,39.21,16.04,-74.7446,6.7531
Cundinamarca,Soacha,Estacion_10,2018,6,32.55,17.15,-74.3465,10.9149
Bogotá D.C.,Bogotá,Estacion_16,2020,3,69.37,28.81,-73.0329,4.5052
Boyacá,Duitama,Estacion_01,2020,10,28.24,15.17,-74.423,5.0591
Bolívar,Cartagena,Estacion_01,2018,12,23.53,11.53,-74.6129,10.1488
Bolívar,Cartagena,Estacion_22,2022,4,39.92,17.21,-74.6918,5.6856
Antioquia,Envigado,Estacion_29,2018,11,27.33,14.71,-74.0194,10.2362
Bogotá D.C.,Bogotá,Estacion_26,2021,5,48.85,30.56,-73.7396,5.4838
Atlántico,Soledad,Estacion_13,2018,12,43.23,24.11,-74.5741,6.6391
Valle del Cauca,Palmira,Estacion_09,2019,5,50.95,31.88,-74.4269,7.352
Norte de Santander,Cúcuta,Estacion_21,2019,4,26.63,12.68,-74.5279,8.4293
Bogotá D.C.,Bogotá,Estacion_06,2019,3,39.2,22.05,-73.1518,10.5297
Norte de Santander,Cúcuta,Estacion_10,2023,5,23.73,13.48,-74.8568,7.1946
Bogotá D.C.,Bogotá,Estacion_24,2024,9,53.85,34.96,-74.7133,9.121
Valle del Cauca,Palmira,Estacion_04,2024,3,30.12,19.44,-74.2876,8.2175
Boyacá,Tunja,Estacion_05,2022,12,26.49,15.63,-74.5593,7.4305
Santander,Bucaramanga,Estacion_27,2018,10,34.56,15.35,-74.539,7.0989
Norte de Santander,Cúcuta,Estacion_27,2018,5,47.78,28.31,-73.8118,5.9888
Santander,Bucaramanga,Estacion_26,2022,11,29.89,15.42,-74.555,5.0278
Norte de Santander,Cúcuta,Estacion_06,2024,4,42.65,22.74,-74.5944,8.7139
Boyacá,Duitama,Estacion_21,2023,4,60.85,31.83,-74.3194,5.623
Huila,Neiva,Estacion_29,2018,2,61.9,29.87,-74.7723,10.0201
Cundinamarca,Zipaquirá,Estacion_12,2021,12,5.0,3.0,-74.2436,10.3728
Bolívar,Cartagena,Estacion_12,2021,2,42.4,20.79,-73.7087,8.5656
Atlántico,Barranquilla,Estacion_26,2019,4,19.56,9.61,-74.6662,8.4261
Boyacá,Duitama,Estacion_01,2018,4,25.31,10.84,-73.4506,8.949
Atlántico,Soledad,Estacion_03,2018,4,51.33,26.19,-73.3564,4.9721
Valle del Cauca,Cali,Estacion_02,2018,8,63.71,39.02,-73.7385,9.4226
Bogotá D.C.,Bogotá,Estacion_18,2021,11,87.17,56.42,-73.6086,8.4985
Cundinamarca,Soacha,Estacion_01,2024,8,55.82,28.09,-74.4324,10.7318
Cundinamarca,Soacha,Estacion_30,2022,12,37.17,20.54,-73.29,6.1892
Cundinamarca,Soacha,Estacion_19,2019,10,22.78,13.56,-74.8382,10.7911
Valle del Cauca,Palmira,Estacion_19,2023,4,47.21,21.13,-74.9716,7.9801
Valle del Cauca,Palmira,Estacion_12,2019,3,38.36,20.15,-74.2074,10.1081
Valle del Cauca,Cali,Estacion_23,2018,4,45.86,27.01,-73.305,9.8582
Atlántico,Barranquilla,Estacion_06,2019,10,29.59,18.03,-73.7817,9.779
Norte de Santander,Cúcuta,Estacion_13,2020,11,21.05,12.44,-73.0384,6.3727
Cundinamarca,Zipaquirá,Estacion_27,2023,11,49.92,29.91,-73.7899,5.0307
Huila,Neiva,Estacion_25,2020,10,5.0,3.0,-74.6973,8.0929
Bogotá D.C.,Bogotá,Estacion_01,2020,8,60.9,35.67,-73.3457,7.5277
Norte de Santander,Cúcuta,Estacion_28,2023,4,35.19,22.11,-74.8383,8.8593
Santander,Floridablanca,Estacion_08,2018,1,45.15,23.9,-73.7093,8.2032
Antioquia,Medellín,Estacion_20,2023,1,32.86,15.7,-73.2428,5.9067
Norte de Santander,Cúcuta,Estacion_08,2023,7,37.77,15.91,-73.6724,8.3505
Bolívar,Cartagena,Estacion_24,2024,9,37.75,20.99,-73.104,8.9869
Valle del Cauca,Cali,Estacion_05,2024,12,49.21,24.14,-74.8009,10.4035
Bogotá D.C.,Bogotá,Estacion_26,2022,5,47.36,26.95,-74.437,8.7187
Valle del Cauca,Cali,Estacion_19,2021,11,65.32,39.91,-74.1465,9.7682
Antioquia,Medellín,Estacion_02,2022,5,21.92,10.6,-74.8466,9.091
Santander,Bucaramanga,Estacion_05,2019,7,22.31,9.84,-74.841,10.2208
Bolívar,Cartagena,Estacion_21,2023,6,59.14,23.85,-73.1125,9.6783
Atlántico,Barranquilla,Estacion_27,2019,8,47.23,25.76,-74.4535,6.1605
Santander,Bucaramanga,Estacion_03,2021,11,27.25,17.58,-73.506,10.1388
Atlántico,Soledad,Estacion_01,2024,2,22.11,11.68,-73.1078,9.4842
Cundinamarca,Soacha,Estacion_24,2018,8,44.58,20.06,-74.6747,9.8851
Boyacá,Duitama,Estacion_12,2022,5,20.05,11.03,-74.1122,4.2286
Atlántico,Barranquilla,Estacion_01,2019,10,32.09,15.41,-74.1167,7.6372
Valle del Cauca,Cali,Estacion_30,2019,11,89.0,43.09,-74.1413,5.5003
Valle del Cauca,Cali,Estacion_08,2024,5,55.97,24.22,-74.1644,4.533
Antioquia,Bello,Estacion_21,2020,3,35.55,17.61,-74.219,6.3623
Bolívar,Cartagena,Estacion_14,2018,12,36.46,21.56,-74.7839,8.465
Boyacá,Tunja,Estacion_16,2020,4,32.52,17.41,-74.531,8.3203
Norte de Santander,Cúcuta,Estacion_23,2022,1,42.34,19.57,-74.7994,8.2327
Santander,Floridablanca,Estacion_14,2022,1,35.84,21.78,-73.6702,9.119
Bolívar,Cartagena,Estacion_24,2022,6,26.49,11.33,-73.7468,7.1178
Cundinamarca,Zipaquirá,Estacion_04,2019,5,8.06,4.6,-73.1578,10.8949
Boyacá,Duitama,Estacion_13,2021,5,36.42,21.71,-73.8728,10.4371
Boyacá,Tunja,Estacion_06,2022,3,5.0,3.0,-74.1788,10.8265
Santander,Bucaramanga,Estacion_11,2023,5,41.0,24.63,-74.0644,5.7025
Santander,Floridablanca,Estacion_22,2022,3,41.97,21.93,-74.2272,5.7301
Valle del Cauca,Cali,Estacion_08,2021,3,56.96,25.25,-73.4942,10.6396
Cundinamarca,Zipaquirá,Estacion_08,2020,3,50.97,21.18,-74.3251,9.9423
Bolívar,Cartagena,Estacion_13,2024,8,42.09,21.62,-73.8988,10.2112
Bogotá D.C.,Bogotá,Estacion_24,2023,1,52.22,32.9,-74.0284,7.9519
Bogotá D.C.,Bogotá,Estacion_21,2018,3,69.76,42.56,-73.2369,5.2634
Norte de Santander,Cúcuta,Estacion_02,2024,10,23.99,9.65,-73.3969,9.8363
Bolívar,Cartagena,Estacion_18,2018,1,25.67,12.73,-74.8583,7.7415
Santander,Floridablanca,Estacion_24,2022,1,20.08,11.7,-74.4582,10.7729
Valle del Cauca,Cali,Estacion_22,2024,12,58.13,24.16,-74.3039,4.9263
Cundinamarca,Zipaquirá,Estacion_28,2024,5,59.69,31.08,-74.4549,9.4938
Antioquia,Bello,Estacion_04,2020,3,20.21,9.27,-74.1003,10.5962
Norte de Santander,Cúcuta,Estacion_26,2018,1,53.41,24.98,-74.3082,6.8479
Huila,Neiva,Estacion_26,2020,11,35.72,18.53,-74.5196,5.4487
Antioquia,Medellín,Estacion_07,2020,5,69.3,44.52,-73.6946,7.0112
Cundinamarca,Soacha,Estacion_01,2019,8,22.86,14.73,-74.8878,8.4657
Bogotá D.C.,Bogotá,Estacion_02,2021,4,19.65,10.5,-74.5161,7.0406
Huila,Neiva,Estacion_14,2018,8,41.07,23.77,-74.9718,10.2756
Cundinamarca,Soacha,Estacion_02,2020,6,25.76,10.72,-73.8414,8.0158
Atlántico,Soledad,Estacion_09,2022,12,29.0,16.01,-73.694,6.7213
Boyacá,Tunja,Estacion_06,2024,9,13.47,8.36,-74.167,5.21
Boyacá,Duitama,Estacion_30,2020,8,43.73,27.2,-73.2377,4.7511
Santander,Floridablanca,Estacion_21,2024,1,5.0,3.0,-74.2323,5.625
Atlántico,Soledad,Estacion_01,2022,11,30.05,12.68,-73.4883,10.1401
Antioquia,Bello,Estacion_19,2019,2,35.93,16.15,-74.2446,6.0404
Valle del Cauca,Cali,Estacion_09,2023,4,79.85,46.73,-74.2275,5.9415
Boyacá,Tunja,Estacion_13,2020,10,50.34,21.34,-74.3434,5.1067
Norte de Santander,Cúcuta,Estacion_18,2018,6,32.43,20.89,-73.7756,6.5315
Bolívar,Cartagena,Estacion_21,2024,1,19.27,10.54,-73.8577,7.0721
Huila,Neiva,Estacion_14,2018,11,18.23,10.64,-73.9146,10.8618
Valle del Cauca,Palmira,Estacion_15,2024,1,47.43,27.53,-73.0984,5.8588
Norte de Santander,Cúcuta,Estacion_03,2020,8,40.43,16.69,-74.1805,6.4457
Cundinamarca,Zipaquirá,Estacion_02,2024,1,38.48,17.15,-74.7737,7.9844
Bolívar,Cartagena,Estacion_30,2024,12,13.28,6.71,-73.4074,7.1144
Santander,Floridablanca,Estacion_22,2018,2,22.57,9.83,-74.1272,4.9415
Cundinamarca,Zipaquirá,Estacion_03,2019,6,43.62,18.17,-73.4159,10.0524
Norte de Santander,Cúcuta,Estacion_06,2021,2,41.31,19.36,-73.1635,9.6911
Santander,Floridablanca,Estacion_10,2021,10,8.16,4.26,-74.3124,4.8563
Cundinamarca,Soacha,Estacion_20,2020,9,46.92,27.38,-74.5361,6.3564
Norte de Santander,Cúcuta,Estacion_27,2018,12,36.65,20.5,-74.7319,9.5122
Valle del Cauca,Cali,Estacion_15,2018,5,65.27,36.06,-73.044,6.4265
Norte de Santander,Cúcuta,Estacion_03,2022,4,40.67,25.99,-73.7335,9.0496
Valle del Cauca,Palmira,Estacion_21,2024,12,66.23,31.48,-74.4895,4.1924
Norte de Santander,Cúcuta,Estacion_24,2022,3,60.07,33.4,-73.1118,10.5068
Antioquia,Envigado,Estacion_22,2019,9,43.61,19.26,-73.7693,4.8514
Antioquia,Bello,Estacion_30,2019,4,32.5,13.64,-74.275,10.8794
Bolívar,Cartagena,Estacion_21,2023,1,34.0,18.92,-73.857,7.7338
Norte de Santander,Cúcuta,Estacion_03,2024,12,55.95,35.43,-74.9654,8.6273
Boyacá,Tunja,Estacion_19,2020,5,35.81,22.42,-74.4462,9.8919
Antioquia,Medellín,Estacion_27,2022,11,58.54,34.52,-74.5819,7.2067
Norte de Santander,Cúcuta,Estacion_07,2018,1,16.92,7.11,-73.0741,7.6925
Cundinamarca,Zipaquirá,Estacion_06,2021,4,42.4,17.01,-74.9878,5.168
Antioquia,Envigado,Estacion_18,2021,1,46.53,28.33,-73.5085,7.8088
Valle del Cauca,Cali,Estacion_27,2020,1,35.66,17.63,-73.3145,10.5168
Antioquia,Bello,Estacion_18,2024,1,50.47,32.34,-73.1689,4.7328
Huila,Neiva,Estacion_29,2020,11,28.55,16.03,-73.5583,7.1824
Valle del Cauca,Cali,Estacion_17,2024,9,49.19,30.71,-73.714,8.6474
Cundinamarca,Zipaquirá,Estacion_29,2020,4,33.0,15.51,-73.2072,4.1609
Valle del Cauca,Palmira,Estacion_22,2021,2,42.95,21.96,-74.5319,8.2747
Huila,Neiva,Estacion_09,2019,11,43.67,18.49,-73.7452,8.5644
Antioquia,Medellín,Estacion_18,2021,10,5.0,3.0,-73.1988,8.5641
Antioquia,Envigado,Estacion_12,2022,3,31.65,17.14,-74.5171,10.544
Santander,Floridablanca,Estacion_20,2019,3,44.76,26.83,-73.897,7.2772
Antioquia,Bello,Estacion_27,2021,2,28.35,12.17,-74.2557,4.2542
Bogotá D.C.,Bogotá,Estacion_27,2018,10,76.09,34.83,-73.8969,8.8885
Cundinamarca,Zipaquirá,Estacion_12,2023,8,63.88,39.79,-73.7831,10.8964
Boyacá,Duitama,Estacion_06,2022,1,37.06,16.95,-74.1635,6.1948
Bolívar,Cartagena,Estacion_16,2023,11,40.29,25.65,-73.1254,8.5753
Atlántico,Soledad,Estacion_05,2024,8,48.71,29.21,-74.9432,10.5967
Boyacá,Tunja,Estacion_04,2019,2,60.05,34.5,-74.8514,10.505
Bogotá D.C.,Bogotá,Estacion_06,2022,10,14.8,7.85,-73.0921,4.6578
Antioquia,Medellín,Estacion_01,2019,6,27.72,17.38,-74.9475,7.2564
Antioquia,Medellín,Estacion_29,2022,2,52.76,24.45,-74.3171,8.7057
Atlántico,Soledad,Estacion_20,2020,10,65.5,41.14,-74.2468,7.6519
Santander,Floridablanca,Estacion_08,2020,12,32.61,20.61,-73.7602,6.6898
Atlántico,Barranquilla,Estacion_01,2019,8,49.75,22.8,-74.6067,9.4587
Boyacá,Duitama,Estacion_30,2024,1,21.63,12.41,-73.3423,8.969
Bolívar,Cartagena,Estacion_29,2022,4,33.47,15.18,-74.1465,5.2955
Antioquia,Bello,Estacion_23,2024,12,31.17,18.51,-74.2893,6.5508
Boyacá,Tunja,Estacion_03,2018,1,46.11,29.21,-73.0171,10.0631
Norte de Santander,Cúcuta,Estacion_10,2024,3,18.95,7.92,-73.9532,10.7378
Valle del Cauca,Palmira,Estacion_12,2019,10,49.07,24.6,-74.5945,8.2629
Bolívar,Cartagena,Estacion_09,2021,5,57.2,33.18,-74.3325,8.5264
Cundinamarca,Zipaquirá,Estacion_30,2022,3,36.36,18.59,-74.6806,5.7928
Valle del Cauca,Cali,Estacion_27,2024,12,50.99,31.28,-74.6234,10.8327
Huila,Neiva,Estacion_05,2019,12,28.54,15.56,-74.6109,7.0801
Boyacá,Tunja,Estacion_04,2018,3,46.81,25.41,-74.7677,8.6404
Huila,Neiva,Estacion_02,2022,5,15.97,6.55,-74.1163,7.3799
Santander,Bucaramanga,Estacion_19,2019,9,38.68,19.05,-74.8063,4.0426
Cundinamarca,Zipaquirá,Estacion_01,2023,3,47.01,29.23,-73.7542,4.5129
Cundinamarca,Soacha,Estacion_26,2020,12,16.54,8.49,-74.1716,8.2564
Bolívar,Cartagena,Estacion_24,2021,8,40.08,22.11,-73.1722,8.8643
Bolívar,Cartagena,Estacion_04,2024,12,57.96,25.73,-73.7041,8.9052
Valle del Cauca,Palmira,Estacion_20,2024,1,38.2,15.81,-73.5186,8.5538
Cundinamarca,Zipaquirá,Estacion_06,2022,8,47.06,26.6,-73.1343,5.3354
Boyacá,Duitama,Estacion_07,2018,2,31.05,13.08,-74.5698,6.0183
Huila,Neiva,Estacion_11,2022,7,22.07,13.21,-73.1663,6.1861
Atlántico,Barranquilla,Estacion_07,2019,9,37.48,16.03,-73.5089,10.5252
Antioquia,Medellín,Estacion_14,2022,3,37.11,20.98,-74.7094,8.9746
Santander,Floridablanca,Estacion_01,2024,9,45.79,29.43,-74.2277,10.4625
Bolívar,Cartagena,Estacion_02,2021,3,28.89,18.27,-73.3553,9.3062
Antioquia,Envigado,Estacion_16,2022,10,60.25,33.21,-74.7953,10.5266
Huila,Neiva,Estacion_18,2024,5,22.69,13.04,-74.6806,7.1616
Antioquia,Medellín,Estacion_12,2023,3,30.4,15.91,-73.5954,7.2604
Atlántico,Soledad,Estacion_03,2024,4,39.9,23.94,-73.322,9.8887
Valle del Cauca,Cali,Estacion_07,2021,3,66.43,42.87,-73.7156,8.9809
Huila,Neiva,Estacion_19,2022,2,43.13,19.54,-74.0503,10.935
Cundinamarca,Soacha,Estacion_26,2024,10,9.8,5.65,-74.0849,4.7678
Bolívar,Cartagena,Estacion_26,2022,8,20.48,10.25,-74.0207,9.3038
Antioquia,Bello,Estacion_26,2022,3,32.77,16.44,-73.6209,8.0641
Bogotá D.C.,Bogotá,Estacion_15,2019,3,92.89,40.36,-74.8536,9.0856
Valle del Cauca,Cali,Estacion_26,2020,2,54.43,32.66,-73.2208,10.7053
Huila,Neiva,Estacion_25,2019,8,40.18,20.84,-73.3369,10.7455
Huila,Neiva,Estacion_18,2024,5,61.22,26.7,-74.0236,6.8991
Antioquia,Bello,Estacion_17,2024,5,47.65,23.21,-73.0387,4.7906
Bogotá D.C.,Bogotá,Estacion_04,2019,12,51.41,31.06,-73.2474,7.2894
Antioquia,Bello,Estacion_09,2022,11,51.99,26.73,-74.7975,8.908
Boyacá,Tunja,Estacion_25,2021,9,12.08,7.24,-73.0548,5.017
Boyacá,Tunja,Estacion_07,2023,10,32.61,17.05,-73.5517,8.047
Cundinamarca,Zipaquirá,Estacion_29,2024,5,29.5,12.97,-74.3678,4.5648
Valle del Cauca,Palmira,Estacion_03,2018,10,50.22,21.98,-74.0257,6.6429
Boyacá,Tunja,Estacion_20,2022,9,11.09,6.38,-73.0469,6.9951
Bolívar,Cartagena,Estacion_26,2019,7,35.75,23.2,-74.676,8.6233
Bolívar,Cartagena,Estacion_07,2018,2,7.47,3.48,-74.7341,5.415
Valle del Cauca,Palmira,Estacion_22,2022,11,58.61,30.15,-73.5999,10.2984
Cundinamarca,Soacha,Estacion_25,2023,8,47.15,23.59,-74.4812,7.6996
Santander,Floridablanca,Estacion_01,2023,6,5.0,3.0,-74.8408,4.1633
Cundinamarca,Zipaquirá,Estacion_30,2024,1,65.23,37.9,-73.7742,10.0251
Valle del Cauca,Palmira,Estacion_11,2018,4,65.11,35.83,-74.8958,8.6005
Norte de Santander,Cúcuta,Estacion_13,2022,2,33.38,13.84,-74.1418,6.371
Huila,Neiva,Estacion_22,2018,4,16.98,9.69,-74.7057,5.2014
Atlántico,Soledad,Estacion_11,2018,6,12.78,8.3,-73.3219,6.0574
Valle del Cauca,Cali,Estacion_24,2021,1,66.06,32.85,-73.5974,5.2763
Bogotá D.C.,Bogotá,Estacion_29,2023,9,45.18,23.18,-74.3283,9.2441
Santander,Floridablanca,Estacion_17,2021,12,42.89,25.22,-74.0579,9.5469
Bogotá D.C.,Bogotá,Estacion_13,2020,1,58.92,29.65,-73.1164,4.7418
Norte de Santander,Cúcuta,Estacion_16,2022,6,29.29,11.88,-73.9263,8.9129
Antioquia,Bello,Estacion_25,2024,11,24.07,15.47,-73.7142,10.9224
Bogotá D.C.,Bogotá,Estacion_11,2021,7,53.31,32.86,-73.8554,4.671
Norte de Santander,Cúcuta,Estacion_19,2021,5,54.67,24.14,-74.4491,10.2369
Santander,Bucaramanga,Estacion_13,2020,5,34.79,22.61,-73.5753,9.9096
Bogotá D.C.,Bogotá,Estacion_21,2019,12,40.98,20.77,-73.0428,6.3164
Cundinamarca,Zipaquirá,Estacion_29,2022,10,43.04,20.47,-73.2876,10.303
Antioquia,Bello,Estacion_26,2022,11,47.13,19.62,-74.396,8.7413
Bogotá D.C.,Bogotá,Estacion_12,2023,11,62.67,34.67,-73.6861,10.7688
Antioquia,Envigado,Estacion_03,2024,10,28.48,12.97,-73.64,7.7681
Boyacá,Duitama,Estacion_09,2018,3,54.79,28.4,-74.0286,8.7481
Santander,Floridablanca,Estacion_30,2021,2,21.89,11.7,-73.8705,8.6159
Atlántico,Barranquilla,Estacion_09,2018,9,66.6,28.98,-73.5356,9.3189
Atlántico,Soledad,Estacion_24,2023,6,45.77,25.57,-74.798,5.2883
Bogotá D.C.,Bogotá,Estacion_30,2018,10,63.83,27.94,-73.4283,8.0798
Boyacá,Tunja,Estacion_11,2019,11,39.76,17.24,-73.0362,4.835
Cundinamarca,Zipaquirá,Estacion_13,2023,3,39.39,21.29,-74.347,6.8869
Bogotá D.C.,Bogotá,Estacion_23,2019,9,51.97,31.12,-74.8628,9.8375
Antioquia,Envigado,Estacion_05,2018,2,29.51,14.58,-74.8201,9.9725
Boyacá,Duitama,Estacion_24,2019,8,41.74,26.95,-73.6178,8.6943
Antioquia,Envigado,Estacion_09,2018,1,29.67,18.35,-73.9278,6.844
Cundinamarca,Soacha,Estacion_26,2024,10,48.07,19.53,-73.635,10.4978
Boyacá,Tunja,Estacion_13,2018,6,32.93,19.26,-73.9962,6.5831
Santander,Floridablanca,Estacion_09,2018,4,28.09,14.65,-73.3699,7.9151
Antioquia,Medellín,Estacion_06,2019,2,28.74,14.41,-74.5421,6.9628
Bogotá D.C.,Bogotá,Estacion_20,2020,6,67.15,36.0,-73.4893,10.7375
Huila,Neiva,Estacion_11,2024,3,43.59,26.22,-74.022,9.7629
Boyacá,Duitama,Estacion_05,2022,12,24.15,11.41,-73.2757,5.35
Valle del Cauca,Cali,Estacion_23,2022,2,51.4,28.21,-74.178,8.3042
Atlántico,Soledad,Estacion_24,2024,12,19.79,11.07,-74.8171,6.6748
Boyacá,Tunja,Estacion_01,2024,1,38.33,21.42,-73.8564,5.0383
Valle del Cauca,Cali,Estacion_20,2021,10,69.98,41.61,-74.9272,8.8552
Bolívar,Cartagena,Estacion_28,2023,6,28.72,14.09,-73.2147,6.7001
Atlántico,Soledad,Estacion_16,2021,5,37.16,23.17,-73.3051,8.9276
Antioquia,Envigado,Estacion_10,2024,6,9.27,5.14,-73.6016,10.9594
Bogotá D.C.,Bogotá,Estacion_04,2022,12,60.46,36.92,-73.8271,8.1755
Bogotá D.C.,Bogotá,Estacion_13,2018,4,64.45,32.32,-73.3516,9.0942
Boyacá,Tunja,Estacion_02,2019,2,21.57,10.59,-74.5039,7.5643
Bogotá D.C.,Bogotá,Estacion_08,2018,3,49.36,27.94,-73.5088,7.8758
Norte de Santander,Cúcuta,Estacion_24,2018,7,52.02,33.02,-74.8205,7.5557
Huila,Neiva,Estacion_01,2021,11,45.75,26.69,-74.009,5.2318
Norte de Santander,Cúcuta,Estacion_12,2018,6,51.04,31.19,-74.104,10.5705
Santander,Bucaramanga,Estacion_10,2024,10,57.72,24.19,-74.8999,5.6327
Boyacá,Duitama,Estacion_21,2018,6,49.98,31.02,-74.5461,5.5349
Santander,Floridablanca,Estacion_08,2023,8,31.88,16.18,-74.1955,7.9095
Boyacá,Tunja,Estacion_19,2022,12,49.2,31.23,-73.9854,9.0514
Cundinamarca,Soacha,Estacion_09,2023,2,61.78,26.83,-74.1629,9.536
Cundinamarca,Zipaquirá,Estacion_02,2021,5,30.11,13.64,-74.5451,10.7222
Boyacá,Duitama,Estacion_02,2024,12,21.99,9.35,-73.9775,6.6963
Norte de Santander,Cúcuta,Estacion_15,2019,6,43.96,22.05,-73.0366,9.9007
Huila,Neiva,Estacion_02,2018,10,37.99,21.67,-74.443,9.421
Antioquia,Bello,Estacion_16,2018,6,27.06,13.21,-74.616,10.5756
Atlántico,Barranquilla,Estacion_23,2021,5,59.82,25.49,-74.7356,9.3621
Huila,Neiva,Estacion_27,2021,12,26.22,14.43,-74.5251,4.05
Huila,Neiva,Estacion_02,2021,4,48.84,23.98,-74.5348,4.1646
Atlántico,Soledad,Estacion_25,2022,9,19.38,12.3,-74.1407,6.3304
Santander,Bucaramanga,Estacion_05,2019,1,26.96,13.18,-73.4829,6.112
Atlántico,Soledad,Estacion_24,2021,1,20.06,11.07,-74.4929,5.0894
Boyacá,Duitama,Estacion_07,2022,6,38.29,17.21,-74.6913,9.4311
Antioquia,Bello,Estacion_09,2019,12,36.49,16.35,-73.1534,6.1816
Santander,Bucaramanga,Estacion_08,2019,8,33.46,15.52,-74.4976,5.0865
Boyacá,Tunja,Estacion_28,2019,8,28.19,11.8,-73.7526,10.8241
Bogotá D.C.,Bogotá,Estacion_10,2020,2,46.8,20.63,-73.3506,9.0118
Norte de Santander,Cúcuta,Estacion_05,2023,9,24.01,14.93,-74.3537,7.6454
Valle del Cauca,Cali,Estacion_29,2023,7,44.33,17.86,-73.6237,9.3633
Bogotá D.C.,Bogotá,Estacion_24,2021,9,58.09,23.84,-74.0599,4.5331
Boyacá,Tunja,Estacion_18,2024,5,16.02,10.4,-73.0744,5.9812
Bogotá D.C.,Bogotá,Estacion_02,2020,5,30.42,14.07,-74.8197,10.6895
Valle del Cauca,Cali,Estacion_06,2023,7,36.35,18.56,-74.4059,6.1572
Boyacá,Tunja,Estacion_29,2019,9,72.56,39.51,-74.5824,7.3693
Santander,Floridablanca,Estacion_06,2023,4,42.65,24.82,-74.0493,6.0718
Valle del Cauca,Cali,Estacion_21,2021,8,56.65,26.74,-74.4889,9.3186
Antioquia,Bello,Estacion_12,2020,12,31.25,12.81,-74.3144,7.5227
Boyacá,Duitama,Estacion_12,2022,9,27.87,13.5,-73.8569,4.6873
Norte de Santander,Cúcuta,Estacion_08,2020,8,5.0,3.0,-73.7664,6.446
Norte de Santander,Cúcuta,Estacion_07,2023,10,43.84,25.85,-73.3688,4.8657
Antioquia,Medellín,Estacion_29,2018,9,38.59,23.5,-74.836,5.3045
Cundinamarca,Soacha,Estacion_29,2024,11,27.41,17.07,-74.1608,6.4952
Antioquia,Envigado,Estacion_15,2019,11,38.0,22.74,-73.6755,7.6212
Atlántico,Barranquilla,Estacion_04,2019,7,37.18,17.9,-73.3862,8.5711
Antioquia,Medellín,Estacion_02,2021,5,43.05,23.79,-73.9028,8.5742
Bolívar,Cartagena,Estacion_29,2018,6,11.04,5.12,-74.4166,5.9178
Atlántico,Barranquilla,Estacion_02,2022,7,23.69,15.13,-74.8455,9.9382
Huila,Neiva,Estacion_13,2019,3,42.27,26.17,-74.5167,5.6863
Huila,Neiva,Estacion_13,2020,7,24.39,13.9,-74.1381,6.5179
Huila,Neiva,Estacion_01,2020,5,29.76,15.8,-73.9519,4.3599
Atlántico,Barranquilla,Estacion_12,2021,10,43.17,24.21,-73.6361,10.0817
Bolívar,Cartagena,Estacion_14,2022,3,40.01,19.65,-74.58,4.9054
Huila,Neiva,Estacion_14,2019,8,66.16,32.09,-74.933,4.0789
Valle del Cauca,Cali,Estacion_01,2024,9,46.17,23.96,-73.1264,7.6322
Valle del Cauca,Cali,Estacion_05,2021,3,46.16,21.05,-74.8734,7.5982
Boyacá,Duitama,Estacion_17,2024,11,18.76,11.87,-74.5895,4.3718
Boyacá,Tunja,Estacion_18,2021,8,50.24,25.82,-74.9756,5.3193
Bolívar,Cartagena,Estacion_15,2022,7,34.05,21.6,-73.3554,7.8882
Bogotá D.C.,Bogotá,Estacion_14,2021,2,48.68,22.52,-74.1917,6.5843
Bogotá D.C.,Bogotá,Estacion_06,2019,6,33.26,14.51,-74.6513,8.4789
Santander,Floridablanca,Estacion_30,2018,9,35.88,15.71,-74.7185,6.5801
Atlántico,Soledad,Estacion_10,2020,2,39.66,18.55,-73.2921,9.5624
Bolívar,Cartagena,Estacion_11,2022,12,28.02,14.96,-74.2419,9.3024
Bogotá D.C.,Bogotá,Estacion_19,2024,4,44.41,22.64,-74.22,6.0467
Norte de Santander,Cúcuta,Estacion_16,2024,6,48.38,20.92,-74.3287,8.9668
Huila,Neiva,Estacion_21,2019,6,30.73,14.76,-73.1688,4.1973
Bogotá D.C.,Bogotá,Estacion_02,2022,10,41.72,24.34,-73.2617,4.355
Valle del Cauca,Palmira,Estacion_17,2021,1,43.73,28.0,-74.5002,10.1835
Antioquia,Envigado,Estacion_11,2024,9,38.06,17.21,-74.6058,10.0696
Valle del Cauca,Palmira,Estacion_17,2023,7,31.07,14.54,-73.0806,6.6921
Santander,Bucaramanga,Estacion_08,2021,3,32.96,14.12,-73.0156,9.126
Boyacá,Tunja,Estacion_14,2024,1,12.26,7.01,-74.4129,10.7916
Antioquia,Envigado,Estacion_26,2022,9,57.22,32.52,-73.7167,6.4177
Atlántico,Barranquilla,Estacion_19,2018,5,36.78,16.21,-74.1872,10.9826
Bogotá D.C.,Bogotá,Estacion_09,2021,9,49.61,24.53,-74.2223,4.5359
Bolívar,Cartagena,Estacion_06,2021,8,10.63,6.51,-74.4859,4.8569
Cundinamarca,Zipaquirá,Estacion_28,2024,6,65.36,35.17,-74.739,10.2419
Antioquia,Bello,Estacion_23,2019,8,26.11,10.67,-73.7502,5.9929
Antioquia,Envigado,Estacion_30,2024,6,28.22,12.96,-74.5874,9.8916
Atlántico,Barranquilla,Estacion_13,2021,3,38.95,21.24,-74.9304,7.1661
Santander,Floridablanca,Estacion_28,2018,12,23.38,10.05,-73.7771,6.5044
Antioquia,Medellín,Estacion_02,2021,5,16.17,7.79,-74.7057,8.1957
Bogotá D.C.,Bogotá,Estacion_12,2022,3,34.72,19.5,-73.2545,9.9745
Atlántico,Barranquilla,Estacion_27,2023,3,6.06,3.05,-73.405,4.0153
Atlántico,Barranquilla,Estacion_16,2022,4,31.11,17.44,-73.4264,5.033
Huila,Neiva,Estacion_25,2023,7,31.03,13.2,-73.7385,6.4703
Bolívar,Cartagena,Estacion_28,2023,3,44.81,19.24,-74.1566,4.2031
Atlántico,Barranquilla,Estacion_18,2023,10,59.26,32.6,-73.6422,8.7178
Cundinamarca,Soacha,Estacion_29,2023,2,47.41,19.22,-74.6598,4.6597
Atlántico,Barranquilla,Estacion_17,2024,1,33.83,20.37,-74.8894,7.2129
Cundinamarca,Soacha,Estacion_15,2021,9,43.54,24.94,-73.9744,5.7492
Valle del Cauca,Cali,Estacion_09,2020,5,43.85,19.14,-73.5334,8.6852
Antioquia,Envigado,Estacion_16,2023,8,5.0,3.0,-74.7764,5.9199
Valle del Cauca,Palmira,Estacion_14,2020,11,47.85,24.38,-74.9569,6.9688
Antioquia,Envigado,Estacion_09,2018,7,37.55,21.39,-74.8717,5.3108
Bogotá D.C.,Bogotá,Estacion_21,2018,2,70.53,43.65,-73.0378,9.2332
Cundinamarca,Zipaquirá,Estacion_11,2020,9,36.31,19.72,-73.487,8.8474
Santander,Floridablanca,Estacion_12,2018,7,38.1,16.16,-73.8071,9.7
Boyacá,Tunja,Estacion_26,2021,1,27.55,14.54,-74.0581,9.6693
Atlántico,Barranquilla,Estacion_21,2019,3,27.58,16.22,-73.3205,8.9826
Bolívar,Cartagena,Estacion_27,2018,10,8.66,3.91,-74.4037,5.026
Antioquia,Bello,Estacion_02,2018,4,26.21,15.79,-74.3664,7.7347
Antioquia,Envigado,Estacion_06,2018,6,17.18,8.38,-74.7306,7.9144
Huila,Neiva,Estacion_28,2018,9,53.02,27.47,-74.5919,9.3165
Cundinamarca,Soacha,Estacion_28,2022,9,47.43,30.15,-73.3412,4.7252
Valle del Cauca,Cali,Estacion_22,2019,7,43.42,23.78,-73.603,4.0317
Antioquia,Medellín,Estacion_23,2024,3,31.01,15.43,-74.4651,6.9288
Huila,Neiva,Estacion_15,2022,1,9.3,4.17,-73.8572,5.3607
Cundinamarca,Soacha,Estacion_24,2022,4,30.71,14.09,-74.2735,6.184
Bogotá D.C.,Bogotá,Estacion_15,2020,8,34.22,17.47,-74.3605,6.8696
Norte de Santander,Cúcuta,Estacion_09,2019,3,41.81,20.82,-74.2272,4.7478
Norte de Santander,Cúcuta,Estacion_11,2022,10,44.5,24.62,-74.9961,8.3158
Valle del Cauca,Palmira,Estacion_07,2020,4,55.45,33.45,-73.9752,5.7615
Antioquia,Bello,Estacion_05,2018,8,37.74,22.33,-73.9207,4.3551
Norte de Santander,Cúcuta,Estacion_08,2023,4,31.74,18.96,-74.803,8.6201
Boyacá,Duitama,Estacion_25,2021,4,26.05,14.42,-74.6201,9.2862
Huila,Neiva,Estacion_25,2019,9,49.96,29.67,-74.2606,10.0555
Santander,Bucaramanga,Estacion_15,2019,5,46.19,21.12,-73.8567,10.3777
Norte de Santander,Cúcuta,Estacion_21,2021,12,38.54,24.75,-73.486,10.1397
Cundinamarca,Zipaquirá,Estacion_11,2023,9,49.6,29.96,-74.0525,4.6516
Boyacá,Duitama,Estacion_30,2019,11,49.78,26.05,-73.7591,10.349
Boyacá,Duitama,Estacion_16,2021,11,51.4,30.95,-74.6867,10.2066
Bogotá D.C.,Bogotá,Estacion_23,2019,7,60.61,33.27,-73.8919,7.025
Atlántico,Soledad,Estacion_30,2023,4,8.08,4.93,-74.6475,4.7164
Bolívar,Cartagena,Estacion_14,2021,12,61.87,33.59,-73.1519,10.859
Antioquia,Medellín,Estacion_12,2019,11,49.58,19.86,-73.7687,5.048
Bolívar,Cartagena,Estacion_26,2021,4,47.0,19.41,-73.0681,8.519
Valle del Cauca,Palmira,Estacion_05,2020,5,42.54,17.14,-73.8666,10.6845
Cundinamarca,Zipaquirá,Estacion_09,2020,1,19.73,9.04,-74.6897,10.2412
Valle del Cauca,Palmira,Estacion_22,2020,11,61.7,29.81,-73.7352,10.6196
Bolívar,Cartagena,Estacion_29,2023,9,41.41,25.39,-74.9845,10.0909
Cundinamarca,Zipaquirá,Estacion_22,2020,6,41.23,26.14,-74.9027,8.6486
Bogotá D.C.,Bogotá,Estacion_26,2023,5,57.87,29.78,-73.2273,7.1457
Bogotá D.C.,Bogotá,Estacion_21,2020,10,85.44,39.03,-73.7616,9.6927
Santander,Bucaramanga,Estacion_07,2022,5,34.87,15.08,-73.6234,7.8133
Bogotá D.C.,Bogotá,Estacion_24,2021,2,77.87,35.07,-73.9498,4.5297
Antioquia,Envigado,Estacion_14,2022,10,41.88,22.87,-73.5918,10.5074
Boyacá,Duitama,Estacion_07,2020,11,17.52,8.47,-73.4552,8.8665
Antioquia,Medellín,Estacion_27,2022,5,44.89,23.65,-73.4916,10.0804
Norte de Santander,Cúcuta,Estacion_26,2018,5,38.59,23.82,-73.5293,10.1348
Huila,Neiva,Estacion_26,2018,9,28.9,13.24,-74.6158,4.713
Boyacá,Tunja,Estacion_20,2021,3,26.39,11.8,-74.5072,5.9135
Boyacá,Tunja,Estacion_28,2022,12,26.8,17.2,-74.5799,8.7567
Bolívar,Cartagena,Estacion_22,2023,4,27.72,13.35,-73.9513,6.2841
Norte de Santander,Cúcuta,Estacion_20,2023,10,53.65,26.01,-73.5044,4.4747
Norte de Santander,Cúcuta,Estacion_11,2022,6,26.8,11.17,-74.3156,7.4171
Cundinamarca,Zipaquirá,Estacion_05,2024,3,30.22,15.22,-74.217,7.2425
Santander,Floridablanca,Estacion_02,2020,3,36.14,19.25,-73.7477,10.7796
Norte de Santander,Cúcuta,Estacion_20,2019,10,29.55,15.09,-74.571,8.4489
Bolívar,Cartagena,Estacion_25,2022,10,55.42,34.4,-73.9794,10.5085
Bolívar,Cartagena,Estacion_04,2019,1,40.17,24.71,-73.1672,8.1449
Huila,Neiva,Estacion_24,2021,10,50.66,27.42,-74.9573,6.3221
Huila,Neiva,Estacion_07,2018,1,10.68,5.57,-74.8608,5.5965
Cundinamarca,Soacha,Estacion_27,2024,3,34.36,21.53,-74.265,7.6423
Antioquia,Envigado,Estacion_01,2019,3,39.07,17.78,-73.6048,7.5571
Huila,Neiva,Estacion_18,2021,7,39.25,24.19,-73.2387,4.1015
Santander,Bucaramanga,Estacion_23,2024,10,15.83,6.96,-74.4945,10.4681
Norte de Santander,Cúcuta,Estacion_24,2022,11,74.54,41.68,-74.2993,9.5673
Cundinamarca,Soacha,Estacion_21,2018,6,44.47,17.89,-74.556,7.4783
Santander,Bucaramanga,Estacion_29,2024,11,63.92,38.76,-73.1078,4.2912
Norte de Santander,Cúcuta,Estacion_25,2018,8,31.92,19.07,-74.5354,6.4786
Boyacá,Tunja,Estacion_28,2019,10,15.4,8.73,-73.3241,10.7493
Valle del Cauca,Palmira,Estacion_15,2024,5,74.99,43.72,-73.7703,4.9228
Huila,Neiva,Estacion_15,2024,9,12.14,7.41,-73.6933,10.3074
Bolívar,Cartagena,Estacion_11,2019,3,18.56,11.41,-74.6774,4.9757
Cundinamarca,Soacha,Estacion_29,2024,9,40.05,25.54,-74.7767,10.9961
Antioquia,Bello,Estacion_18,2018,4,35.8,16.02,-73.9489,9.5054
Norte de Santander,Cúcuta,Estacion_01,2024,6,16.1,7.06,-73.7123,6.2448
Atlántico,Soledad,Estacion_15,2023,9,38.09,15.92,-74.767,8.9319
Atlántico,Soledad,Estacion_16,2022,7,47.56,20.11,-73.0764,6.0773
Bogotá D.C.,Bogotá,Estacion_15,2022,10,29.45,18.27,-74.6572,7.3969
Huila,Neiva,Estacion_04,2018,11,36.47,18.84,-74.1303,6.3869
Bogotá D.C.,Bogotá,Estacion_12,2024,4,79.82,32.44,-73.9253,6.8359
Boyacá,Tunja,Estacion_07,2019,1,36.33,17.29,-73.333,8.4925
Valle del Cauca,Cali,Estacion_29,2020,8,49.04,31.12,-73.012,7.5075
Boyacá,Tunja,Estacion_03,2019,7,33.78,17.59,-74.4086,4.1401
Huila,Neiva,Estacion_05,2023,1,45.43,28.34,-73.6214,8.758
Bolívar,Cartagena,Estacion_05,2018,10,19.87,9.07,-74.2336,6.0833
Cundinamarca,Zipaquirá,Estacion_08,2018,1,40.24,24.97,-74.7307,7.9486
Cundinamarca,Zipaquirá,Estacion_30,2022,4,40.3,22.47,-74.0141,8.5075
Bolívar,Cartagena,Estacion_05,2018,9,34.45,18.77,-74.0103,5.3435
Norte de Santander,Cúcuta,Estacion_06,2022,5,25.8,13.67,-74.0152,4.9846
Norte de Santander,Cúcuta,Estacion_04,2021,6,50.59,24.64,-74.0971,6.4345
Atlántico,Barranquilla,Estacion_14,2023,12,41.28,25.23,-73.9697,6.5038
Atlántico,Soledad,Estacion_14,2020,12,80.37,46.97,-73.8798,4.8102
Bogotá D.C.,Bogotá,Estacion_07,2022,1,63.43,33.78,-73.1241,8.9143
Bolívar,Cartagena,Estacion_22,2020,8,5.0,3.0,-73.2518,6.0218
Bogotá D.C.,Bogotá,Estacion_29,2018,4,78.41,34.55,-73.1665,8.0133
Bogotá D.C.,Bogotá,Estacion_28,2018,9,53.77,23.29,-73.4597,4.1199
Santander,Floridablanca,Estacion_06,2018,9,17.34,9.1,-73.2955,6.1341
Valle del Cauca,Cali,Estacion_04,2020,7,63.35,40.89,-73.2374,7.4033
Norte de Santander,Cúcuta,Estacion_21,2020,3,75.46,45.7,-73.986,6.4006
Santander,Floridablanca,Estacion_10,2019,12,45.28,24.9,-73.0839,9.6531
Boyacá,Duitama,Estacion_08,2024,9,53.97,24.68,-74.9375,10.3713
Santander,Bucaramanga,Estacion_07,2024,10,55.18,28.58,-73.3258,10.1019
Atlántico,Barranquilla,Estacion_19,2021,10,5.0,3.0,-73.456,5.3004
Valle del Cauca,Cali,Estacion_04,2024,3,60.73,24.42,-74.5405,8.4426
Valle del Cauca,Palmira,Estacion_26,2018,11,72.39,41.17,-74.1323,4.4052
Boyacá,Tunja,Estacion_02,2021,2,63.03,29.74,-73.2422,9.6665
Cundinamarca,Zipaquirá,Estacion_16,2023,11,40.44,20.85,-74.6237,4.9765
Norte de Santander,Cúcuta,Estacion_07,2023,11,24.87,12.45,-74.4089,4.8143
Norte de Santander,Cúcuta,Estacion_23,2024,11,36.0,18.64,-73.2832,7.6037
Bogotá D.C.,Bogotá,Estacion_23,2023,4,54.32,25.73,-73.3342,9.166
Norte de Santander,Cúcuta,Estacion_25,2023,9,38.96,19.83,-73.2342,8.0691
Antioquia,Envigado,Estacion_02,2022,9,48.51,23.27,-73.5964,8.9971
Boyacá,Tunja,Estacion_16,2024,1,45.34,28.21,-74.4973,4.7761
Bogotá D.C.,Bogotá,Estacion_24,2019,4,68.1,32.12,-74.8425,6.7448
Huila,Neiva,Estacion_16,2021,11,13.74,5.67,-73.108,8.1622
Antioquia,Envigado,Estacion_08,2023,11,48.25,22.41,-74.9587,5.7072
Boyacá,Duitama,Estacion_03,2021,9,26.33,13.95,-74.0212,8.1292
Atlántico,Barranquilla,Estacion_20,2018,2,41.07,20.01,-74.2949,4.079
Bolívar,Cartagena,Estacion_10,2022,8,36.52,22.56,-73.2384,10.2713
Antioquia,Envigado,Estacion_29,2021,2,23.22,10.98,-73.2347,4.156
Bolívar,Cartagena,Estacion_08,2019,9,36.21,17.83,-74.5306,7.3845
Cundinamarca,Soacha,Estacion_07,2018,12,27.09,11.86,-73.1491,8.8141
Bolívar,Cartagena,Estacion_13,2021,10,49.22,22.67,-73.239,9.0185
Norte de Santander,Cúcuta,Estacion_06,2023,11,49.64,21.62,-74.5566,6.5068
Cundinamarca,Soacha,Estacion_19,2020,11,45.82,24.48,-74.4361,4.9364
Atlántico,Soledad,Estacion_19,2018,10,49.82,29.88,-74.7149,9.2846
Huila,Neiva,Estacion_14,2019,5,9.07,4.21,-73.878,4.0448
Antioquia,Medellín,Estacion_28,2020,5,19.32,12.12,-73.7778,4.0761
Huila,Neiva,Estacion_21,2021,8,60.66,36.16,-74.6618,6.7263
Bolívar,Cartagena,Estacion_21,2024,7,19.65,7.98,-74.0172,6.1672
Bolívar,Cartagena,Estacion_01,2021,2,45.55,23.44,-74.9556,10.9717
Boyacá,Tunja,Estacion_06,2021,5,27.06,11.34,-73.2274,8.7662
Valle del Cauca,Cali,Estacion_05,2018,8,52.11,33.73,-73.8528,10.7031
Bolívar,Cartagena,Estacion_17,2018,12,37.9,17.97,-74.458,10.5653
Bolívar,Cartagena,Estacion_24,2019,4,45.39,22.66,-73.6045,6.6936
Atlántico,Soledad,Estacion_18,2021,2,50.49,30.79,-73.0825,10.8941
Bolívar,Cartagena,Estacion_25,2021,8,68.91,42.18,-73.7164,9.5011
Bogotá D.C.,Bogotá,Estacion_20,2020,1,26.12,11.54,-73.3403,9.2455
Huila,Neiva,Estacion_03,2020,11,56.87,28.05,-74.3133,9.5668
Valle del Cauca,Cali,Estacion_15,2023,9,54.06,30.83,-74.9785,8.95
Cundinamarca,Zipaquirá,Estacion_16,2022,4,41.85,26.17,-73.8877,8.0816
Bogotá D.C.,Bogotá,Estacion_21,2021,9,30.66,19.21,-74.5965,8.7324
Antioquia,Bello,Estacion_30,2018,4,49.45,23.7,-73.0622,5.3509
Huila,Neiva,Estacion_17,2024,6,59.15,26.27,-73.3148,4.4682
Huila,Neiva,Estacion_13,2021,8,48.55,22.21,-74.1644,6.235
Atlántico,Soledad,Estacion_30,2024,11,67.74,34.96,-74.7559,6.3396
Norte de Santander,Cúcuta,Estacion_19,2023,8,24.58,14.55,-73.9855,6.124
Bogotá D.C.,Bogotá,Estacion_03,2024,1,42.39,17.18,-73.2108,6.9618
Cundinamarca,Zipaquirá,Estacion_17,2021,12,41.49,24.77,-73.7722,6.7222
Cundinamarca,Zipaquirá,Estacion_12,2019,4,18.55,8.37,-74.9086,7.0727
Santander,Floridablanca,Estacion_13,2018,4,33.25,14.02,-74.0607,7.2048
Boyacá,Tunja,Estacion_08,2022,7,33.97,16.21,-74.6705,9.5357
Boyacá,Duitama,Estacion_27,2024,10,46.86,25.02,-74.9723,7.203
Valle del Cauca,Cali,Estacion_20,2022,11,53.38,23.41,-73.0913,7.7136
Boyacá,Duitama,Estacion_10,2023,7,43.49,22.82,-73.5636,4.0734
Bolívar,Cartagena,Estacion_22,2022,8,73.0,47.34,-73.425,7.6317
Norte de Santander,Cúcuta,Estacion_02,2019,5,45.61,19.38,-73.0116,4.8428
Atlántico,Soledad,Estacion_03,2018,2,45.01,19.17,-74.6122,9.2673
Valle del Cauca,Palmira,Estacion_18,2018,1,57.66,27.78,-73.2138,7.5617
Cundinamarca,Soacha,Estacion_26,2022,11,36.98,23.66,-74.7194,7.8113
Antioquia,Envigado,Estacion_09,2020,8,28.97,13.63,-73.7592,9.0588
Bolívar,Cartagena,Estacion_08,2019,11,32.06,14.41,-74.3549,6.9073
Norte de Santander,Cúcuta,Estacion_07,2022,10,9.42,4.31,-74.3456,4.8823
Santander,Bucaramanga,Estacion_20,2020,2,10.06,5.03,-74.8017,8.5524
Valle del Cauca,Palmira,Estacion_17,2021,10,61.94,34.77,-74.1752,7.282
Huila,Neiva,Estacion_29,2023,8,30.01,16.48,-73.3261,6.5373
Norte de Santander,Cúcuta,Estacion_24,2022,6,18.98,11.1,-73.8037,10.9287
Cundinamarca,Zipaquirá,Estacion_05,2018,7,41.41,23.69,-73.7387,7.6799
Norte de Santander,Cúcuta,Estacion_24,2020,9,26.65,10.82,-74.8971,10.4933
Antioquia,Envigado,Estacion_10,2024,3,20.69,13.05,-74.7527,4.0336
Valle del Cauca,Cali,Estacion_12,2022,4,26.82,16.35,-74.3538,7.3356
Norte de Santander,Cúcuta,Estacion_23,2022,4,26.7,11.84,-73.0511,5.7101
Norte de Santander,Cúcuta,Estacion_15,2021,1,46.98,23.92,-73.611,4.2522
Valle del Cauca,Palmira,Estacion_01,2022,2,66.78,29.51,-74.1932,4.6888
Huila,Neiva,Estacion_20,2024,6,23.02,14.45,-73.594,9.5099
Huila,Neiva,Estacion_24,2019,4,41.35,21.61,-73.1548,6.7984
Boyacá,Duitama,Estacion_24,2018,2,42.53,25.0,-73.0173,7.3363
Antioquia,Medellín,Estacion_03,2024,3,59.1,36.51,-74.6617,4.7948
Atlántico,Barranquilla,Estacion_16,2020,11,38.44,21.88,-74.8089,8.1589
Atlántico,Barranquilla,Estacion_22,2021,4,36.98,22.39,-73.7878,6.3484
Cundinamarca,Soacha,Estacion_11,2020,7,46.97,25.66,-74.5008,4.9755
Cundinamarca,Soacha,Estacion_09,2019,10,28.55,16.72,-73.0445,10.8019
Atlántico,Barranquilla,Estacion_28,2024,8,5.0,3.0,-73.6761,6.9619
Atlántico,Barranquilla,Estacion_06,2019,9,37.52,16.75,-74.555,7.3069
Cundinamarca,Soacha,Estacion_20,2024,11,32.56,14.62,-74.4284,7.2078
Atlántico,Barranquilla,Estacion_13,2018,3,36.04,19.35,-73.904,5.7985
Santander,Floridablanca,Estacion_12,2024,2,45.46,26.01,-73.6368,6.3562
Atlántico,Soledad,Estacion_18,2022,8,36.8,22.0,-73.2193,7.1991
Antioquia,Medellín,Estacion_05,2019,11,37.51,22.13,-74.0991,10.4875
Bogotá D.C.,Bogotá,Estacion_29,2019,2,51.89,32.62,-73.7927,8.9175
Boyacá,Tunja,Estacion_08,2022,6,69.42,37.5,-73.3213,10.5457
Valle del Cauca,Palmira,Estacion_12,2018,10,62.17,32.72,-73.6957,7.7329
Atlántico,Soledad,Estacion_10,2020,10,35.76,22.07,-74.8753,10.1154
Bogotá D.C.,Bogotá,Estacion_13,2021,10,39.97,18.83,-73.8821,4.2762
Bogotá D.C.,Bogotá,Estacion_12,2021,2,35.19,19.99,-74.0141,6.1774
Valle del Cauca,Palmira,Estacion_16,2019,4,50.12,26.9,-73.5662,7.4731
Bolívar,Cartagena,Estacion_30,2023,4,38.97,20.93,-74.2211,8.1664
Bolívar,Cartagena,Estacion_15,2019,12,19.46,8.28,-73.1954,4.1136
Norte de Santander,Cúcuta,Estacion_04,2021,10,83.29,43.83,-73.2323,9.985
Atlántico,Soledad,Estacion_19,2024,10,34.49,19.96,-74.7324,8.4449
Bogotá D.C.,Bogotá,Estacion_14,2021,9,34.13,17.55,-73.1747,9.683
Valle del Cauca,Palmira,Estacion_15,2020,7,52.9,32.39,-73.6443,7.7737
Bogotá D.C.,Bogotá,Estacion_08,2023,1,64.46,32.19,-74.982,4.1156
Santander,Floridablanca,Estacion_21,2018,12,34.51,14.0,-73.2023,9.0297
Boyacá,Tunja,Estacion_02,2022,9,35.86,21.03,-74.6608,5.9002
Cundinamarca,Soacha,Estacion_15,2018,7,46.44,20.08,-74.9811,8.0152
Boyacá,Duitama,Estacion_03,2020,8,27.01,15.74,-74.5301,7.4713
Valle del Cauca,Palmira,Estacion_26,2021,5,61.7,34.31,-73.8377,6.2114
Bolívar,Cartagena,Estacion_14,2020,2,45.73,24.86,-74.4071,8.7689
Boyacá,Duitama,Estacion_07,2023,2,35.84,16.16,-73.7141,8.6315
Norte de Santander,Cúcuta,Estacion_22,2022,10,31.42,16.37,-73.3436,8.2817
Antioquia,Envigado,Estacion_28,2021,3,25.26,14.56,-74.7329,7.8555
Norte de Santander,Cúcuta,Estacion_22,2023,9,39.54,17.4,-74.5706,6.1841
Bogotá D.C.,Bogotá,Estacion_12,2019,1,67.1,39.49,-73.3039,8.3665
Santander,Bucaramanga,Estacion_22,2021,10,35.57,20.41,-74.9092,7.3483
Valle del Cauca,Palmira,Estacion_08,2020,7,53.32,27.24,-73.6778,9.2399
Bogotá D.C.,Bogotá,Estacion_03,2021,2,48.75,27.43,-73.121,7.2153
Norte de Santander,Cúcuta,Estacion_14,2023,3,7.48,4.14,-74.0471,9.293
Valle del Cauca,Cali,Estacion_29,2019,4,80.9,43.08,-73.38,6.0111
Santander,Floridablanca,Estacion_03,2018,8,11.99,5.75,-73.8122,6.5761
Bolívar,Cartagena,Estacion_22,2024,2,24.54,12.52,-74.9791,8.313
Santander,Floridablanca,Estacion_21,2023,2,28.59,18.57,-74.4847,9.9843
Norte de Santander,Cúcuta,Estacion_03,2024,4,42.42,18.57,-73.324,7.6866
Cundinamarca,Zipaquirá,Estacion_26,2018,5,38.22,18.72,-73.3298,4.0782
Bogotá D.C.,Bogotá,Estacion_05,2021,1,45.75,22.65,-73.6355,6.4617
Cundinamarca,Zipaquirá,Estacion_24,2018,11,41.55,26.99,-74.897,7.8585
Santander,Floridablanca,Estacion_12,2018,12,24.52,14.73,-73.9948,5.1994
Bolívar,Cartagena,Estacion_20,2020,3,51.4,21.53,-73.3107,10.5833
Cundinamarca,Zipaquirá,Estacion_26,2024,10,22.05,11.44,-73.6585,7.6735
Atlántico,Barranquilla,Estacion_11,2024,10,29.49,15.86,-73.7563,9.2725
Atlántico,Barranquilla,Estacion_30,2021,6,46.41,25.31,-73.4562,5.5651
Boyacá,Tunja,Estacion_25,2019,9,17.67,7.56,-73.8179,6.6827
Bolívar,Cartagena,Estacion_14,2022,10,31.34,17.77,-74.728,8.2269
Valle del Cauca,Palmira,Estacion_21,2024,8,43.86,22.68,-73.8589,6.4952
Antioquia,Medellín,Estacion_03,2020,12,37.12,17.43,-74.6247,7.4908
Cundinamarca,Soacha,Estacion_04,2019,11,32.84,14.35,-74.4297,8.9515
Santander,Floridablanca,Estacion_15,2023,3,35.95,21.46,-74.7297,6.4819
Bolívar,Cartagena,Estacion_20,2022,10,5.0,3.0,-74.7906,5.9964
Huila,Neiva,Estacion_22,2019,12,27.95,12.73,-73.4955,10.0769
Huila,Neiva,Estacion_01,2018,5,51.32,25.2,-73.6298,8.0449
Bolívar,Cartagena,Estacion_22,2024,2,28.75,15.64,-73.1459,5.9127
Huila,Neiva,Estacion_23,2022,7,38.71,21.42,-73.2849,7.1759
Santander,Bucaramanga,Estacion_30,2022,5,36.99,15.75,-73.2072,10.4318
Santander,Bucaramanga,Estacion_11,2024,4,42.88,23.56,-73.3147,4.9442
Bolívar,Cartagena,Estacion_19,2023,8,33.17,14.85,-73.6854,6.279
Bolívar,Cartagena,Estacion_04,2022,7,30.0,18.62,-74.5576,8.6018
Antioquia,Bello,Estacion_20,2018,8,62.11,40.08,-74.4846,7.9542
Huila,Neiva,Estacion_12,2023,3,46.86,25.7,-74.7999,9.608
Boyacá,Duitama,Estacion_26,2020,8,55.38,22.86,-73.5847,6.912
Norte de Santander,Cúcuta,Estacion_08,2024,12,43.25,23.38,-73.6943,4.1743
Boyacá,Duitama,Estacion_21,2019,4,35.23,22.19,-73.2858,4.3355
Huila,Neiva,Estacion_14,2019,9,46.12,29.13,-74.6815,9.5515
Norte de Santander,Cúcuta,Estacion_30,2024,7,23.17,10.69,-74.9607,7.978
Norte de Santander,Cúcuta,Estacion_30,2019,6,47.17,24.06,-73.4602,5.7665
Norte de Santander,Cúcuta,Estacion_29,2021,9,31.49,13.79,-74.9789,5.5114
Norte de Santander,Cúcuta,Estacion_05,2021,8,40.05,23.59,-74.4079,10.1358
Valle del Cauca,Palmira,Estacion_18,2022,11,81.19,36.32,-73.9107,7.9092
Valle del Cauca,Palmira,Estacion_05,2021,6,39.22,19.44,-73.3347,9.0686
Norte de Santander,Cúcuta,Estacion_27,2023,10,34.96,19.56,-74.5712,6.9933
Santander,Floridablanca,Estacion_02,2020,10,44.38,26.54,-73.2772,7.2634
Atlántico,Soledad,Estacion_02,2021,11,27.95,15.59,-73.1225,5.2604
Santander,Floridablanca,Estacion_13,2024,9,15.46,6.74,-73.3149,7.6725
Bolívar,Cartagena,Estacion_27,2018,9,33.58,15.0,-73.1282,9.8388
Antioquia,Envigado,Estacion_09,2018,4,40.67,21.15,-74.2826,8.4656
Huila,Neiva,Estacion_07,2021,8,53.61,31.88,-74.537,7.5989
Santander,Floridablanca,Estacion_09,2022,1,27.8,15.52,-73.9501,5.4664
Valle del Cauca,Cali,Estacion_23,2023,2,44.38,25.83,-73.7758,9.6644
Bolívar,Cartagena,Estacion_22,2020,8,27.73,17.04,-74.5013,5.7049
Cundinamarca,Zipaquirá,Estacion_08,2022,9,51.68,29.34,-73.2428,5.1646
Norte de Santander,Cúcuta,Estacion_06,2021,1,69.77,43.34,-73.8391,7.305
Bolívar,Cartagena,Estacion_08,2018,9,33.69,20.33,-73.0447,8.0532
Norte de Santander,Cúcuta,Estacion_30,2018,8,37.06,16.12,-74.1351,4.625
Bogotá D.C.,Bogotá,Estacion_28,2021,4,47.11,21.72,-73.5124,4.6145
Boyacá,Duitama,Estacion_13,2018,3,56.82,34.75,-73.277,9.137
Valle del Cauca,Palmira,Estacion_22,2021,4,57.29,31.37,-73.5405,9.8524
Huila,Neiva,Estacion_27,2022,3,14.22,8.08,-73.6415,4.8267
Boyacá,Tunja,Estacion_27,2019,1,8.35,3.72,-74.5749,6.2688
Valle del Cauca,Cali,Estacion_22,2023,12,57.54,24.02,-74.379,8.2797
Bogotá D.C.,Bogotá,Estacion_18,2023,5,54.23,26.09,-73.5603,7.3221
Atlántico,Barranquilla,Estacion_25,2022,9,47.41,20.69,-73.2377,7.6379
Antioquia,Bello,Estacion_23,2020,9,39.38,18.77,-74.2771,5.3599
Santander,Floridablanca,Estacion_10,2023,1,34.18,13.68,-74.3456,7.5461
Boyacá,Duitama,Estacion_21,2018,10,24.29,12.88,-73.4451,8.79
Antioquia,Bello,Estacion_23,2021,3,21.98,9.51,-74.702,5.3005
Santander,Floridablanca,Estacion_16,2018,9,20.64,9.81,-74.1662,8.6037
Atlántico,Barranquilla,Estacion_15,2020,4,51.05,29.69,-73.7395,8.9334
Bolívar,Cartagena,Estacion_21,2018,1,37.58,15.97,-73.9618,10.5527
Santander,Floridablanca,Estacion_26,2023,11,21.74,11.95,-73.5084,5.3375
Huila,Neiva,Estacion_01,2021,2,41.6,18.16,-73.1946,10.3794
Bogotá D.C.,Bogotá,Estacion_22,2021,7,39.95,22.73,-74.2369,5.291
Santander,Floridablanca,Estacion_04,2022,1,41.74,18.65,-73.7255,9.4911
Norte de Santander,Cúcuta,Estacion_26,2023,5,27.5,11.71,-73.1952,9.0181
Boyacá,Tunja,Estacion_13,2018,10,26.83,13.43,-74.9284,10.6239
Bolívar,Cartagena,Estacion_02,2021,12,37.55,22.32,-73.0991,5.1265
Antioquia,Bello,Estacion_17,2018,7,18.7,9.39,-74.1122,6.1301
Norte de Santander,Cúcuta,Estacion_17,2022,4,55.99,27.98,-73.6206,10.9277
Cundinamarca,Zipaquirá,Estacion_05,2024,7,36.5,22.62,-73.0153,10.4906
Cundinamarca,Soacha,Estacion_18,2024,10,44.16,21.43,-73.808,9.283
Cundinamarca,Zipaquirá,Estacion_15,2019,8,41.2,17.97,-74.0151,7.8651
Norte de Santander,Cúcuta,Estacion_22,2018,12,29.4,13.12,-73.4266,5.6604
Bogotá D.C.,Bogotá,Estacion_13,2024,8,61.66,37.78,-74.4212,4.4878
Cundinamarca,Zipaquirá,Estacion_22,2021,2,46.09,27.26,-74.8547,4.8659
Cundinamarca,Soacha,Estacion_09,2023,11,24.41,13.28,-74.8259,8.1022
Atlántico,Soledad,Estacion_29,2019,3,37.21,21.74,-74.6654,7.1355
Norte de Santander,Cúcuta,Estacion_26,2024,2,37.93,17.19,-74.4053,5.0562
Bogotá D.C.,Bogotá,Estacion_16,2019,9,49.91,20.81,-74.1378,5.4686
Cundinamarca,Zipaquirá,Estacion_01,2019,10,19.47,12.01,-73.1576,7.3668
Huila,Neiva,Estacion_10,2019,9,38.08,21.65,-73.3625,6.3995
Atlántico,Barranquilla,Estacion_18,2023,4,72.13,32.69,-74.2484,10.9452
Bogotá D.C.,Bogotá,Estacion_10,2021,8,58.39,32.64,-73.6467,7.6135
Valle del Cauca,Palmira,Estacion_02,2019,3,49.28,21.8,-73.5559,8.2846
Atlántico,Soledad,Estacion_02,2020,4,21.92,11.23,-74.2099,9.4376
Atlántico,Soledad,Estacion_01,2022,2,39.33,21.35,-74.7395,6.3208
Norte de Santander,Cúcuta,Estacion_23,2022,3,20.64,9.82,-73.341,8.2251
Valle del Cauca,Palmira,Estacion_22,2024,1,47.27,25.89,-74.4902,6.6277
Boyacá,Duitama,Estacion_16,2024,10,28.07,14.56,-73.0434,10.6258
Antioquia,Envigado,Estacion_07,2020,2,27.55,16.99,-74.9386,7.8659
Antioquia,Bello,Estacion_11,2018,9,37.51,15.47,-73.3955,10.9776
Cundinamarca,Soacha,Estacion_07,2020,3,28.21,13.31,-73.8979,4.7202
Huila,Neiva,Estacion_11,2019,12,32.08,15.59,-74.6755,8.4312
Bolívar,Cartagena,Estacion_09,2020,11,23.76,14.65,-74.3084,5.4195
Huila,Neiva,Estacion_21,2023,10,31.98,13.06,-74.4353,10.8097
Valle del Cauca,Cali,Estacion_07,2021,10,52.45,31.41,-74.2657,8.0089
Huila,Neiva,Estacion_18,2021,11,28.62,11.63,-73.2893,4.5996
Boyacá,Duitama,Estacion_17,2021,6,48.19,20.42,-74.3075,10.3978
Atlántico,Soledad,Estacion_12,2020,9,58.34,33.22,-73.6525,8.798
Bogotá D.C.,Bogotá,Estacion_13,2023,1,67.95,41.6,-73.0032,7.3849
Valle del Cauca,Cali,Estacion_07,2021,1,81.85,50.27,-73.9201,10.4196
Cundinamarca,Soacha,Estacion_24,2022,10,41.66,25.99,-74.0119,4.9656
Atlántico,Soledad,Estacion_19,2023,2,57.54,33.45,-74.001,7.6912
Valle del Cauca,Cali,Estacion_19,2018,7,49.87,20.03,-73.6796,8.295
Antioquia,Bello,Estacion_11,2018,7,31.36,19.01,-74.6318,6.2864
Boyacá,Duitama,Estacion_29,2023,1,33.98,13.77,-74.5845,7.5602
Antioquia,Bello,Estacion_29,2018,3,57.0,27.81,-74.3448,8.6228
Bogotá D.C.,Bogotá,Estacion_24,2022,8,60.51,32.96,-73.1849,4.3988
Boyacá,Tunja,Estacion_19,2022,5,39.89,19.41,-74.4704,9.619
Atlántico,Soledad,Estacion_20,2019,11,41.27,24.49,-74.6517,9.4805
Valle del Cauca,Palmira,Estacion_07,2024,1,65.96,29.73,-73.6152,5.5263
Antioquia,Medellín,Estacion_05,2019,8,48.99,30.54,-73.532,4.1027
Santander,Floridablanca,Estacion_21,2020,5,13.14,6.01,-73.7898,9.0468
Antioquia,Medellín,Estacion_27,2018,12,35.48,18.14,-73.7196,7.8939
Norte de Santander,Cúcuta,Estacion_14,2024,7,22.3,10.07,-73.1453,6.0317
Atlántico,Barranquilla,Estacion_12,2023,8,36.56,19.31,-74.5618,4.2758
Antioquia,Envigado,Estacion_03,2022,11,44.55,28.77,-73.2649,5.4323
Atlántico,Soledad,Estacion_23,2020,1,37.83,19.12,-74.3743,5.5448
Boyacá,Tunja,Estacion_29,2024,2,13.74,7.99,-73.4555,7.8946
Santander,Floridablanca,Estacion_22,2021,11,51.47,32.88,-74.175,10.0896
Boyacá,Tunja,Estacion_01,2019,5,30.92,15.71,-73.2665,5.1817
Atlántico,Barranquilla,Estacion_30,2019,7,28.38,17.66,-73.7823,10.601
Bolívar,Cartagena,Estacion_21,2022,8,44.45,21.14,-74.9718,8.1122
Bolívar,Cartagena,Estacion_03,2024,2,36.56,14.66,-74.6272,5.6596
Santander,Bucaramanga,Estacion_19,2024,10,21.67,13.29,-73.8848,10.433
Cundinamarca,Zipaquirá,Estacion_29,2023,6,43.12,23.78,-73.6514,7.6675
Antioquia,Bello,Estacion_03,2019,1,40.51,17.67,-73.8784,6.0873
Valle del Cauca,Cali,Estacion_07,2022,5,87.26,39.65,-74.8133,5.7001
Atlántico,Barranquilla,Estacion_29,2018,11,58.14,25.66,-74.3383,4.0102
Bogotá D.C.,Bogotá,Estacion_20,2019,11,52.59,25.48,-73.9927,8.4963
Bogotá D.C.,Bogotá,Estacion_01,2024,8,54.61,24.2,-74.2856,8.158
Antioquia,Envigado,Estacion_14,2018,7,38.79,22.37,-74.5544,8.4646
Antioquia,Bello,Estacion_08,2022,8,32.86,20.14,-74.986,5.5958
Boyacá,Duitama,Estacion_05,2021,7,45.66,20.96,-74.93,8.1069
Bolívar,Cartagena,Estacion_25,2019,11,38.17,21.54,-73.7856,10.3278
Bolívar,Cartagena,Estacion_18,2022,2,42.51,19.46,-73.8437,5.9199
Bogotá D.C.,Bogotá,Estacion_16,2020,7,47.29,21.85,-73.328,4.2031
Atlántico,Soledad,Estacion_23,2022,5,26.39,11.62,-73.7754,5.6867
Atlántico,Soledad,Estacion_04,2022,10,33.66,15.04,-73.2276,4.0833
Norte de Santander,Cúcuta,Estacion_14,2023,4,73.2,38.46,-74.6339,7.8156
Boyacá,Tunja,Estacion_03,2019,1,46.76,19.76,-74.4661,7.8795
Boyacá,Tunja,Estacion_28,2020,6,38.73,20.99,-74.1894,7.7827
Bolívar,Cartagena,Estacion_07,2024,3,51.45,20.77,-73.7729,9.0934
Norte de Santander,Cúcuta,Estacion_06,2024,4,27.42,15.54,-74.2745,5.8555
Valle del Cauca,Cali,Estacion_14,2022,9,42.09,19.23,-73.7443,5.4283
Cundinamarca,Soacha,Estacion_05,2020,11,5.0,3.0,-73.4588,10.6944
Boyacá,Duitama,Estacion_14,2018,6,23.89,10.32,-73.3778,5.6031
Boyacá,Tunja,Estacion_16,2019,8,16.08,7.56,-73.6227,6.0758
Huila,Neiva,Estacion_15,2018,6,24.64,15.25,-74.4436,4.6904
Atlántico,Soledad,Estacion_08,2021,1,29.38,14.83,-73.9993,10.6097
Bolívar,Cartagena,Estacion_14,2023,12,33.54,19.62,-73.6328,6.6993
Valle del Cauca,Palmira,Estacion_30,2023,1,45.45,29.26,-74.105,4.4546
Bogotá D.C.,Bogotá,Estacion_10,2022,1,54.41,34.64,-73.6536,7.5584
Huila,Neiva,Estacion_02,2024,9,29.69,15.85,-73.3124,4.6909
Norte de Santander,Cúcuta,Estacion_18,2023,10,26.48,16.09,-74.4757,8.8975
Valle del Cauca,Palmira,Estacion_23,2019,3,75.18,48.7,-74.8817,9.3614
Antioquia,Medellín,Estacion_26,2022,3,36.61,21.16,-73.5163,8.3699
Valle del Cauca,Cali,Estacion_18,2021,7,44.25,27.1,-74.5762,10.2509
Huila,Neiva,Estacion_16,2020,7,32.05,15.79,-74.4186,10.2239
Cundinamarca,Soacha,Estacion_15,2022,8,19.83,12.02,-73.6797,6.4472
Huila,Neiva,Estacion_30,2018,2,37.62,19.58,-74.7381,9.0108
Antioquia,Envigado,Estacion_24,2021,1,14.29,9.03,-74.602,7.3481
Norte de Santander,Cúcuta,Estacion_09,2021,3,28.4,14.5,-74.5766,9.84
Norte de Santander,Cúcuta,Estacion_08,2021,2,10.24,4.96,-73.685,8.3084
Cundinamarca,Zipaquirá,Estacion_02,2021,12,31.42,20.23,-73.3503,10.6324
Norte de Santander,Cúcuta,Estacion_27,2023,1,37.89,19.72,-73.7417,8.1107
Boyacá,Duitama,Estacion_06,2023,5,44.55,26.52,-74.4406,8.1995
Antioquia,Envigado,Estacion_05,2019,11,40.99,24.79,-74.4289,8.7819
Santander,Bucaramanga,Estacion_03,2024,6,21.37,13.11,-73.0849,6.393
Antioquia,Bello,Estacion_08,2020,4,33.23,17.79,-74.7035,4.4265
Norte de Santander,Cúcuta,Estacion_22,2022,10,37.82,15.78,-74.6134,8.8524
Antioquia,Bello,Estacion_19,2020,10,37.89,22.55,-73.685,4.9587
Norte de Santander,Cúcuta,Estacion_10,2022,5,41.5,25.23,-73.0556,10.8398
Bolívar,Cartagena,Estacion_14,2018,8,44.24,23.03,-73.5453,4.5202
Huila,Neiva,Estacion_13,2020,3,41.06,17.52,-73.232,8.5017
Atlántico,Barranquilla,Estacion_10,2019,3,87.42,39.92,-74.8609,7.2165
Bolívar,Cartagena,Estacion_25,2023,12,54.74,28.16,-74.928,5.1382
Boyacá,Duitama,Estacion_01,2022,1,45.81,19.41,-73.4945,9.9519
Bolívar,Cartagena,Estacion_27,2018,10,29.19,11.79,-74.1104,4.2421
Huila,Neiva,Estacion_07,2018,6,24.08,10.66,-74.815,9.5563
Huila,Neiva,Estacion_04,2021,9,44.46,21.62,-73.6951,6.8148
Antioquia,Bello,Estacion_14,2019,7,12.98,6.99,-73.0941,5.9088
Cundinamarca,Zipaquirá,Estacion_21,2018,5,35.86,17.81,-73.4686,6.9027
Valle del Cauca,Palmira,Estacion_08,2021,11,40.36,21.07,-74.3812,5.1916
Antioquia,Envigado,Estacion_16,2018,2,39.02,22.51,-74.5332,9.3919
Atlántico,Barranquilla,Estacion_08,2019,2,25.77,10.9,-74.7173,10.5194
Bogotá D.C.,Bogotá,Estacion_24,2024,5,50.89,30.4,-74.5904,9.6091
Huila,Neiva,Estacion_09,2024,10,50.52,26.19,-73.5729,4.1267
Bogotá D.C.,Bogotá,Estacion_08,2024,8,39.73,20.99,-73.5678,5.1258
Bolívar,Cartagena,Estacion_15,2018,7,31.1,14.44,-73.3061,8.1826
Bogotá D.C.,Bogotá,Estacion_16,2021,7,61.39,24.75,-73.8283,5.0746
Bogotá D.C.,Bogotá,Estacion_12,2020,3,35.31,16.02,-73.0225,5.9655
Norte de Santander,Cúcuta,Estacion_04,2021,5,33.79,14.15,-73.0309,7.6894
Norte de Santander,Cúcuta,Estacion_11,2022,11,47.36,21.09,-74.5092,8.6277
Boyacá,Tunja,Estacion_13,2019,8,40.11,16.64,-73.3031,9.3495
Bolívar,Cartagena,Estacion_20,2022,9,52.85,28.59,-74.4351,9.323
Norte de Santander,Cúcuta,Estacion_30,2018,1,29.3,14.03,-73.8076,9.1622
Boyacá,Tunja,Estacion_15,2024,7,39.33,16.96,-74.9906,5.8399
Cundinamarca,Zipaquirá,Estacion_04,2024,11,30.2,19.17,-74.5171,9.9977
Norte de Santander,Cúcuta,Estacion_26,2018,1,37.12,20.42,-74.8933,8.3483
Antioquia,Bello,Estacion_20,2023,9,28.99,14.36,-74.3019,4.1589
Norte de Santander,Cúcuta,Estacion_15,2022,4,30.54,16.9,-73.3258,5.5383
Cundinamarca,Zipaquirá,Estacion_29,2021,10,87.57,48.92,-74.972,6.9915
Atlántico,Barranquilla,Estacion_17,2023,3,38.7,24.38,-73.4763,8.7843
Atlántico,Barranquilla,Estacion_06,2019,6,38.1,21.71,-73.0366,7.2556
Bogotá D.C.,Bogotá,Estacion_20,2019,11,62.47,35.15,-73.1013,9.9739
Norte de Santander,Cúcuta,Estacion_05,2018,7,24.47,14.5,-73.4178,7.4741
Bolívar,Cartagena,Estacion_18,2024,9,25.51,13.21,-74.6206,4.0696
Santander,Bucaramanga,Estacion_20,2021,3,39.25,22.6,-74.5746,8.3207
Cundinamarca,Zipaquirá,Estacion_12,2021,5,35.04,18.41,-73.4544,9.3311
Atlántico,Soledad,Estacion_15,2024,11,59.79,32.4,-73.3019,7.4599
Boyacá,Tunja,Estacion_01,2019,9,37.86,15.87,-73.5599,6.0915
Bogotá D.C.,Bogotá,Estacion_07,2022,9,62.08,30.31,-73.1656,4.0728
Boyacá,Tunja,Estacion_12,2023,4,35.22,16.75,-73.9163,8.5686
Norte de Santander,Cúcuta,Estacion_26,2019,6,32.32,20.33,-73.1749,10.9853
Bolívar,Cartagena,Estacion_07,2024,8,39.99,19.89,-74.8039,7.652
Atlántico,Barranquilla,Estacion_25,2020,8,27.28,11.71,-73.5992,8.1747
Atlántico,Soledad,Estacion_05,2020,11,18.79,10.93,-73.4791,8.1525
Cundinamarca,Soacha,Estacion_09,2024,12,42.91,23.4,-74.4837,9.6187
Bogotá D.C.,Bogotá,Estacion_20,2019,10,74.82,43.52,-73.8798,7.5675
Norte de Santander,Cúcuta,Estacion_08,2023,3,27.12,16.88,-74.2759,8.9822
Atlántico,Soledad,Estacion_21,2019,6,77.13,42.25,-73.7393,5.1038
Valle del Cauca,Palmira,Estacion_25,2022,6,64.29,37.58,-73.2068,8.4099
Valle del Cauca,Cali,Estacion_02,2021,3,72.96,39.26,-74.3074,4.6904
Bogotá D.C.,Bogotá,Estacion_23,2021,4,46.05,26.86,-73.7212,9.9411
Bolívar,Cartagena,Estacion_21,2024,5,38.3,18.07,-73.2894,9.5647
Norte de Santander,Cúcuta,Estacion_05,2020,4,35.81,22.21,-73.7711,7.5302
Norte de Santander,Cúcuta,Estacion_29,2024,6,32.23,20.15,-74.5821,9.9244
Huila,Neiva,Estacion_09,2019,11,36.83,18.04,-74.9111,10.8819
Cundinamarca,Soacha,Estacion_25,2024,6,34.82,20.83,-73.8262,4.7662
Atlántico,Soledad,Estacion_07,2024,10,50.17,30.14,-74.1855,9.8832
Bolívar,Cartagena,Estacion_01,2021,1,5.0,3.0,-73.5955,8.3281
Norte de Santander,Cúcuta,Estacion_16,2019,7,40.17,17.03,-73.2113,5.2824
Bolívar,Cartagena,Estacion_15,2020,12,62.18,33.3,-73.2029,4.8604
Santander,Floridablanca,Estacion_18,2021,9,32.57,14.25,-74.7984,9.9453
Santander,Bucaramanga,Estacion_19,2018,1,33.67,20.62,-74.6641,9.6332
Norte de Santander,Cúcuta,Estacion_17,2019,6,41.71,17.82,-74.5764,5.2545
Bogotá D.C.,Bogotá,Estacion_15,2024,4,51.55,25.08,-74.9157,9.4719
Atlántico,Barranquilla,Estacion_22,2023,5,35.05,22.54,-74.1649,10.8066
Bolívar,Cartagena,Estacion_22,2018,12,34.73,17.51,-74.9373,10.2568
Atlántico,Barranquilla,Estacion_16,2018,10,21.36,13.46,-74.8581,4.9143
Antioquia,Envigado,Estacion_10,2021,6,31.85,14.81,-73.2135,7.9472
Atlántico,Barranquilla,Estacion_26,2019,1,38.76,24.75,-74.2941,8.791
Bogotá D.C.,Bogotá,Estacion_20,2024,2,37.1,20.42,-73.9796,7.096
Boyacá,Tunja,Estacion_28,2020,8,32.57,20.04,-74.1992,4.9829
Bogotá D.C.,Bogotá,Estacion_30,2021,8,47.06,19.74,-73.6286,9.6218
Huila,Neiva,Estacion_20,2019,4,50.09,22.8,-73.2382,8.9047
Santander,Floridablanca,Estacion_01,2021,12,13.42,7.89,-74.9619,7.0322
Boyacá,Duitama,Estacion_20,2021,6,42.06,25.73,-73.4116,10.0492
Atlántico,Barranquilla,Estacion_24,2018,3,42.33,24.67,-74.3494,7.5247
Valle del Cauca,Cali,Estacion_30,2024,2,31.58,12.7,-74.1363,5.0915
Santander,Floridablanca,Estacion_09,2020,2,33.04,16.49,-73.1151,4.5766
Bolívar,Cartagena,Estacion_08,2020,1,45.18,24.91,-73.9582,5.5732
Boyacá,Tunja,Estacion_26,2024,3,15.15,9.75,-73.7491,8.4528
Atlántico,Barranquilla,Estacion_20,2023,2,39.32,23.01,-74.2952,6.2051
Santander,Bucaramanga,Estacion_14,2019,1,29.58,16.11,-74.3676,4.9179
Bolívar,Cartagena,Estacion_17,2023,7,43.16,17.92,-73.2786,8.1655
Atlántico,Barranquilla,Estacion_26,2018,3,38.2,15.76,-74.165,7.8284
Valle del Cauca,Cali,Estacion_11,2019,9,47.95,21.66,-73.8541,7.6013
Bolívar,Cartagena,Estacion_28,2019,4,60.93,26.58,-74.2469,10.8349
Atlántico,Barranquilla,Estacion_04,2018,9,33.43,16.04,-73.4867,8.7038
Boyacá,Duitama,Estacion_03,2019,1,35.95,22.29,-73.4883,8.1073
Cundinamarca,Soacha,Estacion_20,2020,3,39.56,19.85,-73.7142,7.4874
Bolívar,Cartagena,Estacion_16,2018,4,13.27,6.28,-74.2443,4.5058
Boyacá,Duitama,Estacion_05,2021,5,51.77,25.88,-73.1528,8.0892
Boyacá,Duitama,Estacion_12,2024,10,59.1,35.24,-74.391,8.6403
Bogotá D.C.,Bogotá,Estacion_11,2020,10,68.39,35.85,-73.5143,5.0255
Valle del Cauca,Palmira,Estacion_02,2023,10,56.54,28.09,-74.1449,4.5166
Antioquia,Envigado,Estacion_28,2024,8,55.19,28.12,-73.7743,9.3313
Huila,Neiva,Estacion_01,2021,2,14.25,7.66,-74.6942,4.226
Atlántico,Barranquilla,Estacion_12,2020,7,48.53,29.12,-74.6288,10.8886
Cundinamarca,Soacha,Estacion_12,2022,3,25.22,14.03,-73.5316,6.1085
Boyacá,Tunja,Estacion_15,2021,6,28.61,17.85,-73.8452,9.5822
Boyacá,Tunja,Estacion_20,2022,10,52.23,26.98,-73.1117,10.5973
Antioquia,Bello,Estacion_05,2020,12,17.41,8.25,-74.6827,5.1303
Atlántico,Soledad,Estacion_24,2019,7,34.99,14.1,-74.7877,6.2543
Atlántico,Barranquilla,Estacion_08,2019,10,44.57,24.93,-74.9323,9.2675
Bolívar,Cartagena,Estacion_23,2022,6,42.83,19.48,-74.4167,4.1045
Bolívar,Cartagena,Estacion_23,2022,5,33.06,13.43,-73.5686,4.7706
Santander,Bucaramanga,Estacion_21,2019,4,36.22,22.85,-73.0395,5.7299
Atlántico,Soledad,Estacion_24,2018,6,32.25,19.03,-73.6406,5.4104
Antioquia,Bello,Estacion_27,2023,12,26.96,13.57,-73.2758,6.8878
Valle del Cauca,Cali,Estacion_17,2024,7,43.46,17.67,-74.8069,6.6362
Antioquia,Envigado,Estacion_02,2019,1,41.2,26.55,-73.6571,7.666
Huila,Neiva,Estacion_06,2021,4,29.43,17.16,-74.4103,7.4515
Boyacá,Tunja,Estacion_11,2024,11,24.12,12.07,-73.9598,10.9882
Valle del Cauca,Cali,Estacion_20,2024,10,82.93,36.55,-73.2481,4.0479
Antioquia,Envigado,Estacion_03,2021,8,46.98,26.99,-74.8398,9.9037
Norte de Santander,Cúcuta,Estacion_27,2021,8,18.98,9.76,-74.3279,7.4744
Boyacá,Duitama,Estacion_27,2021,7,13.98,6.02,-74.8396,7.1534
Santander,Floridablanca,Estacion_10,2018,6,42.45,20.01,-73.105,9.9103
Bolívar,Cartagena,Estacion_28,2022,9,22.95,10.23,-73.1205,4.5227
Valle del Cauca,Cali,Estacion_17,2018,2,70.61,37.11,-73.665,6.218
Atlántico,Soledad,Estacion_06,2021,5,29.91,12.22,-74.1056,8.8856
Santander,Bucaramanga,Estacion_07,2018,1,31.87,15.71,-74.0033,4.3877
Santander,Floridablanca,Estacion_14,2020,6,68.79,32.33,-74.5779,8.4351
Huila,Neiva,Estacion_08,2022,3,28.94,17.05,-74.4895,5.2985
Huila,Neiva,Estacion_13,2024,4,38.22,17.15,-74.9349,8.5824
Bogotá D.C.,Bogotá,Estacion_04,2018,4,66.77,40.41,-73.6417,5.2914
Valle del Cauca,Cali,Estacion_15,2023,7,28.33,15.25,-73.4424,6.43
Antioquia,Medellín,Estacion_30,2022,8,22.88,10.05,-74.7598,6.2985
Atlántico,Barranquilla,Estacion_23,2024,4,5.0,3.0,-74.0348,7.4364
Atlántico,Soledad,Estacion_30,2018,10,27.99,17.88,-73.9291,5.874
Norte de Santander,Cúcuta,Estacion_10,2019,7,37.65,16.43,-73.4509,10.6908
Santander,Bucaramanga,Estacion_18,2021,4,52.98,32.77,-74.3714,8.1473
Cundinamarca,Zipaquirá,Estacion_06,2024,9,51.04,23.65,-73.2773,6.7316
Boyacá,Tunja,Estacion_19,2019,7,56.03,31.73,-74.2957,7.7791
Cundinamarca,Soacha,Estacion_15,2023,12,44.22,20.82,-73.685,4.3499
Bogotá D.C.,Bogotá,Estacion_20,2024,2,49.27,21.04,-74.7878,4.7102
Bogotá D.C.,Bogotá,Estacion_01,2020,12,61.16,32.78,-73.6839,9.6094
Atlántico,Soledad,Estacion_10,2022,1,29.73,17.0,-73.5436,4.8988
Bolívar,Cartagena,Estacion_19,2024,8,40.36,23.89,-74.8876,4.5591
Atlántico,Barranquilla,Estacion_14,2019,10,20.53,12.93,-73.3388,7.1602
Antioquia,Envigado,Estacion_13,2023,8,68.14,34.65,-73.2626,10.6393
Antioquia,Envigado,Estacion_13,2021,1,19.35,11.97,-73.0408,9.7371
Norte de Santander,Cúcuta,Estacion_26,2023,5,45.62,21.28,-74.7277,6.3887
Santander,Floridablanca,Estacion_10,2024,6,37.74,24.43,-73.5048,6.2132
Valle del Cauca,Palmira,Estacion_11,2019,8,73.86,37.33,-73.0734,10.5849
Atlántico,Barranquilla,Estacion_11,2020,3,30.21,17.33,-73.3405,10.947
Valle del Cauca,Cali,Estacion_03,2019,7,70.17,44.78,-73.8944,7.6219
Bogotá D.C.,Bogotá,Estacion_07,2020,6,68.01,39.9,-73.8203,10.4305
Antioquia,Medellín,Estacion_10,2020,11,30.9,19.86,-73.9903,9.8598
Norte de Santander,Cúcuta,Estacion_14,2023,4,26.01,11.59,-74.2809,5.2937
Norte de Santander,Cúcuta,Estacion_01,2018,6,61.13,26.53,-74.8358,5.468
Valle del Cauca,Palmira,Estacion_30,2024,3,34.16,17.99,-74.8029,8.3895
Bogotá D.C.,Bogotá,Estacion_24,2022,8,80.77,40.64,-74.3061,9.4824
Bolívar,Cartagena,Estacion_26,2019,2,36.63,15.8,-74.2516,8.4144
Atlántico,Barranquilla,Estacion_02,2018,7,20.54,8.7,-73.2694,8.7306
Atlántico,Soledad,Estacion_18,2022,6,53.95,30.59,-74.0608,5.9856
Norte de Santander,Cúcuta,Estacion_06,2024,12,26.7,11.98,-73.73,6.511
Atlántico,Soledad,Estacion_28,2022,11,34.65,17.61,-73.3965,5.5016
Norte de Santander,Cúcuta,Estacion_13,2018,8,49.51,23.37,-73.0584,6.7517
Huila,Neiva,Estacion_11,2020,6,25.96,14.33,-73.4946,4.3596
Santander,Floridablanca,Estacion_21,2020,2,38.87,23.85,-74.9865,5.2927
Valle del Cauca,Palmira,Estacion_18,2020,7,28.12,12.66,-73.4158,6.3717
Antioquia,Bello,Estacion_30,2021,9,60.83,36.24,-74.2797,7.5545
Santander,Floridablanca,Estacion_01,2022,12,50.98,26.31,-74.7047,8.3017
Bolívar,Cartagena,Estacion_17,2018,10,16.21,10.02,-74.005,7.1992
Antioquia,Bello,Estacion_01,2018,11,31.82,14.77,-73.9446,8.2106
Antioquia,Bello,Estacion_08,2021,2,49.24,25.96,-73.051,6.3596
Boyacá,Tunja,Estacion_09,2020,3,47.69,29.8,-73.7027,8.8488
Antioquia,Medellín,Estacion_24,2022,1,27.14,14.42,-73.4528,9.8221
Huila,Neiva,Estacion_09,2023,9,47.21,19.87,-73.1168,4.5721
Valle del Cauca,Cali,Estacion_26,2023,6,48.79,23.31,-74.1547,5.3178
Norte de Santander,Cúcuta,Estacion_25,2023,8,56.9,26.35,-74.1244,6.9409
Huila,Neiva,Estacion_04,2021,8,30.58,12.43,-74.2491,8.5038
Boyacá,Tunja,Estacion_30,2019,8,42.14,23.53,-74.2417,8.2226
Huila,Neiva,Estacion_24,2020,2,37.9,23.62,-73.7191,10.3171
Atlántico,Soledad,Estacion_09,2021,3,13.45,7.3,-74.3103,9.0265
Valle del Cauca,Cali,Estacion_19,2018,10,37.62,19.51,-74.6266,6.2332
Santander,Bucaramanga,Estacion_10,2024,8,30.53,19.63,-74.5051,9.1569
Bolívar,Cartagena,Estacion_11,2020,7,37.65,15.51,-73.5125,8.0688
Santander,Bucaramanga,Estacion_21,2024,8,38.89,18.96,-74.236,5.8079
Huila,Neiva,Estacion_11,2024,6,19.4,12.45,-74.5383,5.7736
Norte de Santander,Cúcuta,Estacion_19,2020,5,30.59,13.2,-73.0976,8.6574
Bolívar,Cartagena,Estacion_09,2021,6,37.93,17.08,-73.5839,7.4838
Boyacá,Duitama,Estacion_19,2021,3,26.78,12.48,-73.351,5.6222
Antioquia,Medellín,Estacion_18,2023,4,15.51,7.32,-73.1579,8.4576
Bolívar,Cartagena,Estacion_08,2021,6,46.64,28.09,-73.9747,7.3429
Atlántico,Barranquilla,Estacion_13,2023,10,62.82,26.76,-73.7568,6.6586
Huila,Neiva,Estacion_08,2019,8,7.79,3.29,-73.0815,8.3581
Santander,Bucaramanga,Estacion_26,2018,8,57.12,25.01,-73.4407,6.3669
Valle del Cauca,Palmira,Estacion_16,2020,9,58.37,27.84,-73.7322,8.4586
Atlántico,Barranquilla,Estacion_21,2022,1,44.41,23.61,-74.2981,5.2035
Cundinamarca,Soacha,Estacion_20,2023,10,30.38,16.9,-74.2104,4.3859
Bolívar,Cartagena,Estacion_19,2024,4,14.93,7.24,-73.061,6.8089
Bolívar,Cartagena,Estacion_06,2019,9,46.04,19.25,-74.5206,7.9164
Cundinamarca,Zipaquirá,Estacion_15,2022,7,47.33,27.29,-73.8862,4.0839
Valle del Cauca,Cali,Estacion_05,2019,5,72.51,39.14,-74.3616,8.8158
Boyacá,Duitama,Estacion_07,2018,3,35.33,16.43,-74.1838,5.7515
Bogotá D.C.,Bogotá,Estacion_01,2020,4,42.71,18.33,-74.2512,7.2695
Atlántico,Soledad,Estacion_29,2018,7,37.2,21.37,-73.0364,5.8505
Boyacá,Tunja,Estacion_29,2019,1,51.02,23.38,-74.2527,5.31
Huila,Neiva,Estacion_17,2019,4,39.78,18.1,-74.7533,7.4037
Cundinamarca,Soacha,Estacion_20,2022,7,59.15,33.97,-74.869,7.2745
Boyacá,Duitama,Estacion_18,2018,5,31.27,14.81,-74.7414,9.0106
Atlántico,Soledad,Estacion_27,2019,11,47.45,20.65,-73.6573,10.9386
Santander,Floridablanca,Estacion_10,2021,9,43.88,27.91,-74.0399,7.9739
Bolívar,Cartagena,Estacion_18,2020,6,34.1,14.1,-73.5945,8.9733
Huila,Neiva,Estacion_29,2024,10,24.19,12.44,-73.3307,10.8836
Bogotá D.C.,Bogotá,Estacion_17,2023,5,65.8,41.02,-73.7655,9.4782
Huila,Neiva,Estacion_14,2022,4,45.57,24.73,-73.5235,10.1766
Huila,Neiva,Estacion_26,2021,3,39.79,24.81,-74.6731,4.4326
Norte de Santander,Cúcuta,Estacion_04,2024,5,35.91,22.73,-73.9422,4.6232
Norte de Santander,Cúcuta,Estacion_08,2018,4,25.12,16.03,-73.0248,8.0237
Atlántico,Soledad,Estacion_23,2023,12,33.52,19.84,-73.5114,8.2506
Bolívar,Cartagena,Estacion_02,2020,2,25.6,16.12,-73.1634,9.8639
Antioquia,Medellín,Estacion_08,2023,1,37.11,23.54,-73.2418,4.4947
Santander,Bucaramanga,Estacion_24,2020,1,37.87,19.58,-73.0555,6.8016
Antioquia,Medellín,Estacion_17,2022,1,55.48,28.25,-74.926,5.7124
Norte de Santander,Cúcuta,Estacion_04,2020,11,29.31,18.34,-73.3799,5.1873
Cundinamarca,Soacha,Estacion_27,2020,5,34.55,14.37,-74.3685,4.1461
Cundinamarca,Zipaquirá,Estacion_24,2020,11,59.49,24.07,-73.775,10.6012
Boyacá,Duitama,Estacion_17,2024,2,48.28,20.2,-74.5427,5.5549
Boyacá,Tunja,Estacion_27,2019,10,36.16,19.75,-73.791,10.2624
Norte de Santander,Cúcuta,Estacion_25,2019,4,41.56,20.44,-73.7807,6.8102
Santander,Floridablanca,Estacion_27,2019,7,40.97,20.94,-73.209,9.3397
Atlántico,Barranquilla,Estacion_14,2020,3,45.3,23.15,-73.2107,10.8385
Atlántico,Barranquilla,Estacion_18,2021,12,42.55,17.13,-74.208,7.6752
Bogotá D.C.,Bogotá,Estacion_29,2023,3,63.55,31.06,-73.0345,6.0109
Cundinamarca,Zipaquirá,Estacion_29,2024,12,70.88,35.12,-73.1511,6.9573
Antioquia,Bello,Estacion_05,2021,12,24.79,13.01,-73.5857,9.2877
Valle del Cauca,Cali,Estacion_05,2019,11,33.33,15.49,-74.4792,5.3731
Bogotá D.C.,Bogotá,Estacion_24,2024,6,70.62,32.11,-73.8795,5.7778
Bogotá D.C.,Bogotá,Estacion_02,2022,3,62.86,30.01,-74.2276,10.7455
Boyacá,Duitama,Estacion_14,2019,1,52.12,28.58,-73.3145,8.5501
Cundinamarca,Zipaquirá,Estacion_19,2020,9,58.58,34.76,-74.4585,10.4637
Cundinamarca,Zipaquirá,Estacion_10,2021,6,43.17,17.99,-74.0738,7.3977
Huila,Neiva,Estacion_23,2019,1,43.12,22.67,-73.1201,5.9447
Valle del Cauca,Palmira,Estacion_26,2020,6,50.57,32.81,-74.9174,6.1707
Valle del Cauca,Cali,Estacion_28,2022,1,59.46,27.85,-74.9398,4.3665
Antioquia,Medellín,Estacion_29,2020,7,51.37,27.36,-73.1935,10.528
Bolívar,Cartagena,Estacion_08,2023,7,50.82,28.07,-74.3923,4.9404
Valle del Cauca,Cali,Estacion_27,2021,10,22.75,12.99,-73.7862,5.189
Norte de Santander,Cúcuta,Estacion_19,2021,10,48.98,26.7,-73.3183,7.5001
Boyacá,Duitama,Estacion_29,2019,6,5.0,3.0,-74.7429,10.2369
Atlántico,Barranquilla,Estacion_11,2019,11,23.39,15.16,-73.8128,7.8286
Boyacá,Duitama,Estacion_11,2022,2,43.14,27.99,-74.9287,9.2313
Santander,Floridablanca,Estacion_15,2020,2,53.61,28.01,-74.0465,7.9906
Norte de Santander,Cúcuta,Estacion_17,2024,1,74.29,42.79,-74.7066,4.0288
Atlántico,Barranquilla,Estacion_28,2022,8,50.13,25.59,-73.9551,8.0459
Cundinamarca,Soacha,Estacion_16,2022,12,14.63,9.05,-74.5308,5.0494
Valle del Cauca,Palmira,Estacion_22,2018,10,48.39,23.72,-74.5412,5.2442
Valle del Cauca,Cali,Estacion_08,2023,3,25.72,10.53,-74.0931,6.5124
Valle del Cauca,Palmira,Estacion_20,2023,12,22.5,9.34,-73.1914,8.0216
Antioquia,Medellín,Estacion_09,2019,4,29.98,14.32,-74.6232,8.3464
Bogotá D.C.,Bogotá,Estacion_03,2023,9,53.68,27.96,-74.1231,6.4515
Atlántico,Barranquilla,Estacion_05,2023,12,48.36,21.88,-73.5106,9.7897
Norte de Santander,Cúcuta,Estacion_16,2023,8,48.18,22.09,-73.7102,9.0831
Bogotá D.C.,Bogotá,Estacion_04,2019,12,58.83,25.19,-74.5752,5.0942
Santander,Bucaramanga,Estacion_30,2024,4,50.88,24.03,-73.2732,7.3449
Santander,Bucaramanga,Estacion_09,2018,9,32.5,17.31,-73.0814,9.2699
Bolívar,Cartagena,Estacion_27,2023,6,49.34,20.49,-74.8065,6.8087
Santander,Floridablanca,Estacion_20,2022,3,32.73,13.8,-74.3943,6.5546
Bolívar,Cartagena,Estacion_25,2019,9,19.05,10.53,-73.9027,6.1077
Bogotá D.C.,Bogotá,Estacion_29,2018,4,57.48,28.15,-74.2599,6.3101
Huila,Neiva,Estacion_07,2022,8,45.78,29.56,-73.4989,6.2716
Cundinamarca,Soacha,Estacion_01,2023,7,58.32,33.66,-73.0787,9.9492
Bogotá D.C.,Bogotá,Estacion_28,2019,6,29.42,14.82,-73.3954,7.1202
Antioquia,Medellín,Estacion_13,2023,1,23.71,15.04,-73.5136,4.5979
Atlántico,Barranquilla,Estacion_08,2019,3,40.38,18.67,-73.5807,5.5665
Bolívar,Cartagena,Estacion_11,2019,7,56.56,32.55,-74.3301,4.2633
Valle del Cauca,Palmira,Estacion_16,2023,5,67.95,33.9,-73.0695,5.1571
Boyacá,Duitama,Estacion_30,2019,3,15.16,9.68,-74.5462,8.3469
Bolívar,Cartagena,Estacion_09,2023,9,39.28,19.91,-73.527,9.0331
Huila,Neiva,Estacion_23,2018,8,25.4,13.86,-73.839,4.5554
Boyacá,Tunja,Estacion_12,2023,1,34.69,21.36,-73.1268,7.7157
Antioquia,Bello,Estacion_25,2024,6,29.3,13.19,-73.2809,8.0251
Norte de Santander,Cúcuta,Estacion_24,2023,2,38.2,17.2,-73.2946,4.4338
Huila,Neiva,Estacion_18,2019,11,13.7,6.75,-74.4556,8.5536
Huila,Neiva,Estacion_01,2023,2,18.57,10.75,-73.6348,10.7301
Bogotá D.C.,Bogotá,Estacion_09,2024,9,94.18,40.55,-73.7484,7.1281
Bolívar,Cartagena,Estacion_29,2024,11,41.05,22.8,-74.1995,5.8613
Valle del Cauca,Palmira,Estacion_07,2024,9,68.25,36.9,-74.1767,4.0759
Valle del Cauca,Palmira,Estacion_13,2022,12,24.03,11.48,-74.1943,10.779
Valle del Cauca,Palmira,Estacion_20,2020,5,28.68,15.5,-73.3193,4.6326
Norte de Santander,Cúcuta,Estacion_05,2020,6,42.65,21.27,-73.0414,10.7662
Antioquia,Bello,Estacion_21,2022,3,39.36,24.03,-74.6856,7.21
Valle del Cauca,Cali,Estacion_08,2021,10,44.45,19.65,-74.7417,6.8162
Antioquia,Bello,Estacion_12,2024,1,17.17,7.37,-74.6387,9.8007
Santander,Bucaramanga,Estacion_24,2023,4,22.79,14.17,-74.1646,8.6539
Huila,Neiva,Estacion_04,2019,8,64.69,33.6,-73.3144,5.5159
Cundinamarca,Zipaquirá,Estacion_01,2020,8,40.17,25.36,-74.9134,7.8054
Cundinamarca,Zipaquirá,Estacion_24,2020,8,24.23,14.19,-74.1628,6.5466
Huila,Neiva,Estacion_08,2018,12,26.17,11.31,-73.7912,4.8251
Atlántico,Soledad,Estacion_09,2024,4,9.77,4.21,-74.0579,10.4843
Boyacá,Tunja,Estacion_20,2022,3,39.56,19.85,-74.7225,6.6234
Huila,Neiva,Estacion_06,2024,3,31.91,14.96,-73.5872,10.2037
Norte de Santander,Cúcuta,Estacion_21,2018,11,15.4,8.2,-74.47,4.5598
Valle del Cauca,Cali,Estacion_28,2024,3,50.05,29.46,-73.9803,5.9341
Bogotá D.C.,Bogotá,Estacion_19,2018,4,53.45,21.65,-74.586,10.7
Antioquia,Envigado,Estacion_04,2021,6,43.35,22.76,-74.9244,5.8059
Atlántico,Soledad,Estacion_26,2020,12,54.08,28.49,-74.1929,5.6522
Antioquia,Envigado,Estacion_22,2018,6,42.98,22.66,-74.5106,9.9441
Huila,Neiva,Estacion_13,2022,1,37.79,18.66,-73.3268,4.1615
Bolívar,Cartagena,Estacion_24,2018,9,22.74,13.77,-74.3243,8.3487
Bolívar,Cartagena,Estacion_12,2019,4,21.74,10.1,-74.911,10.8633
Boyacá,Tunja,Estacion_30,2024,4,52.94,33.22,-73.7101,8.7556
Atlántico,Barranquilla,Estacion_28,2023,6,45.46,26.72,-73.4537,10.0474
Atlántico,Barranquilla,Estacion_24,2022,10,24.25,9.82,-74.3521,5.8604
Antioquia,Envigado,Estacion_30,2019,8,36.45,21.74,-74.2447,9.277
Norte de Santander,Cúcuta,Estacion_21,2021,8,34.77,20.79,-73.6207,6.6379
Huila,Neiva,Estacion_13,2023,9,26.88,11.74,-73.4667,4.3696
Antioquia,Medellín,Estacion_17,2023,4,45.24,22.86,-74.2092,10.6525
Atlántico,Soledad,Estacion_01,2024,12,21.37,10.35,-74.2855,8.9753
Antioquia,Bello,Estacion_09,2023,2,15.04,9.16,-74.6482,5.5445
Norte de Santander,Cúcuta,Estacion_03,2020,6,47.68,21.75,-73.6953,5.1909
Boyacá,Tunja,Estacion_09,2023,1,36.72,15.47,-74.9816,4.7635
Antioquia,Envigado,Estacion_01,2020,1,22.57,13.17,-73.6631,4.7123
Santander,Floridablanca,Estacion_17,2023,12,14.26,9.18,-73.7024,7.6945
Bogotá D.C.,Bogotá,Estacion_23,2019,6,44.49,22.23,-74.4166,5.9092
Boyacá,Duitama,Estacion_12,2024,9,50.47,22.19,-74.0118,7.9004
Boyacá,Duitama,Estacion_12,2022,8,38.15,15.67,-73.6258,6.6842
Bogotá D.C.,Bogotá,Estacion_14,2022,5,58.61,29.84,-74.0834,7.4591
Antioquia,Envigado,Estacion_06,2018,3,20.23,9.34,-74.1072,6.4302
Boyacá,Duitama,Estacion_20,2024,5,26.99,15.68,-74.7926,8.7905
Atlántico,Soledad,Estacion_13,2021,2,42.54,20.83,-74.3294,4.9465
Huila,Neiva,Estacion_25,2022,7,39.89,17.62,-73.2305,8.5526
Norte de Santander,Cúcuta,Estacion_21,2022,4,53.35,30.47,-74.0661,8.2443
Atlántico,Soledad,Estacion_21,2019,8,18.48,9.03,-74.8024,4.5445
Boyacá,Duitama,Estacion_05,2024,1,5.0,3.07,-73.8564,5.7634
Bolívar,Cartagena,Estacion_10,2023,11,42.19,17.42,-73.8293,10.3623
Atlántico,Barranquilla,Estacion_09,2018,2,39.2,19.68,-73.3542,8.8518
Norte de Santander,Cúcuta,Estacion_02,2021,10,44.65,22.31,-73.6218,9.0401
Bogotá D.C.,Bogotá,Estacion_25,2024,5,48.6,28.04,-74.5526,6.2093
Antioquia,Envigado,Estacion_14,2018,6,35.38,17.38,-73.5076,5.9434
Bolívar,Cartagena,Estacion_22,2018,3,37.71,16.75,-74.0622,5.6607
Bolívar,Cartagena,Estacion_27,2024,9,59.11,28.93,-74.4936,8.3653
Boyacá,Tunja,Estacion_25,2024,10,48.4,20.1,-74.3745,7.3002
Bolívar,Cartagena,Estacion_26,2020,12,17.71,7.51,-73.9477,7.4158
Santander,Floridablanca,Estacion_04,2023,6,47.48,24.12,-74.9653,4.0823
Santander,Bucaramanga,Estacion_12,2023,9,16.95,7.75,-74.3133,10.9927
Antioquia,Medellín,Estacion_02,2021,11,37.09,23.41,-74.1069,7.0216
Atlántico,Soledad,Estacion_25,2020,4,31.69,12.83,-73.6903,8.8878
Atlántico,Soledad,Estacion_03,2020,3,9.97,4.37,-74.83,4.99
Antioquia,Medellín,Estacion_07,2018,10,38.18,24.44,-74.518,10.5669
Bogotá D.C.,Bogotá,Estacion_25,2022,1,38.71,22.94,-74.0921,6.081
Valle del Cauca,Palmira,Estacion_01,2018,3,55.19,27.92,-73.2525,7.0757
Boyacá,Duitama,Estacion_03,2024,9,15.05,6.99,-73.487,6.6814
Santander,Floridablanca,Estacion_17,2019,11,25.65,16.2,-73.3213,9.2533
Valle del Cauca,Palmira,Estacion_07,2024,7,39.76,19.02,-73.3792,6.0097
Norte de Santander,Cúcuta,Estacion_08,2018,3,45.73,29.2,-74.7952,7.2624
Antioquia,Bello,Estacion_27,2024,2,15.99,8.04,-74.6972,8.1825
Santander,Floridablanca,Estacion_04,2022,6,20.75,11.87,-74.1116,9.8018
Antioquia,Medellín,Estacion_17,2019,11,32.31,16.45,-74.2783,10.985
Cundinamarca,Zipaquirá,Estacion_18,2020,9,30.11,17.27,-73.5283,9.472
Boyacá,Duitama,Estacion_25,2023,12,25.93,13.13,-73.8653,5.6189
Santander,Floridablanca,Estacion_30,2021,4,37.45,19.25,-73.1716,5.2952
Huila,Neiva,Estacion_13,2024,2,23.47,10.2,-74.1581,9.043
Antioquia,Bello,Estacion_06,2024,11,36.57,16.32,-74.2751,6.0495
Norte de Santander,Cúcuta,Estacion_01,2018,9,43.31,28.08,-73.7769,4.0693
Antioquia,Medellín,Estacion_06,2021,4,53.08,32.77,-73.8344,4.2764
Antioquia,Envigado,Estacion_19,2018,8,31.24,14.62,-73.4867,5.73
Bogotá D.C.,Bogotá,Estacion_20,2018,7,36.1,18.52,-74.0501,10.0963
Antioquia,Envigado,Estacion_30,2024,8,48.83,25.47,-74.621,6.2009
Boyacá,Tunja,Estacion_22,2018,3,62.58,28.95,-73.1865,8.6915
Huila,Neiva,Estacion_21,2024,4,15.82,9.33,-74.419,5.0418
Bolívar,Cartagena,Estacion_19,2023,9,18.44,8.4,-74.3814,8.506
Antioquia,Bello,Estacion_11,2019,9,49.46,22.75,-74.8188,9.0299
Bogotá D.C.,Bogotá,Estacion_28,2022,4,76.09,37.74,-73.0534,7.5973
Valle del Cauca,Cali,Estacion_13,2021,3,46.26,28.61,-74.616,4.6872
Bolívar,Cartagena,Estacion_13,2019,10,50.65,25.93,-73.9138,5.7303
Boyacá,Tunja,Estacion_03,2022,11,32.49,20.09,-73.5874,6.7318
Bogotá D.C.,Bogotá,Estacion_17,2022,4,38.75,17.43,-74.4306,4.6913
Cundinamarca,Soacha,Estacion_04,2024,8,30.0,16.09,-74.136,8.1588
Boyacá,Duitama,Estacion_02,2021,6,36.36,22.97,-74.8965,5.3813
Cundinamarca,Zipaquirá,Estacion_25,2018,5,36.36,15.54,-74.4955,5.003
Bogotá D.C.,Bogotá,Estacion_10,2019,6,39.27,23.71,-74.6175,4.7022
Atlántico,Soledad,Estacion_29,2024,10,19.0,10.32,-73.4247,8.2783
Bogotá D.C.,Bogotá,Estacion_15,2021,9,41.1,25.58,-73.9856,9.4358
Boyacá,Tunja,Estacion_22,2022,3,12.59,5.5,-73.4383,7.2344
Huila,Neiva,Estacion_26,2018,4,32.99,21.2,-73.2602,5.8315
Norte de Santander,Cúcuta,Estacion_05,2021,5,29.46,14.7,-74.3362,8.5321
Antioquia,Envigado,Estacion_14,2018,6,37.96,15.31,-74.346,4.2394
Huila,Neiva,Estacion_21,2021,9,35.9,21.94,-73.6044,9.9833
Bogotá D.C.,Bogotá,Estacion_14,2021,1,42.89,27.44,-74.0704,4.2387
Valle del Cauca,Palmira,Estacion_07,2021,5,38.19,16.57,-73.0591,4.3027
Bolívar,Cartagena,Estacion_15,2021,3,11.57,4.9,-73.9047,8.0187
Atlántico,Barranquilla,Estacion_24,2023,6,32.76,16.32,-73.4335,7.9569
Bogotá D.C.,Bogotá,Estacion_03,2022,10,45.86,23.89,-74.7609,7.2049
Santander,Floridablanca,Estacion_28,2023,1,43.61,23.29,-74.0875,9.93
Cundinamarca,Zipaquirá,Estacion_07,2023,2,26.22,15.28,-73.4686,4.8744
Cundinamarca,Zipaquirá,Estacion_01,2024,3,28.88,12.51,-74.171,6.4071
Bogotá D.C.,Bogotá,Estacion_13,2022,2,47.49,26.0,-74.5963,7.9164
Bogotá D.C.,Bogotá,Estacion_08,2019,5,47.01,20.1,-74.0484,9.049
Valle del Cauca,Cali,Estacion_14,2020,10,44.6,18.79,-73.5284,9.4523
Huila,Neiva,Estacion_07,2021,11,5.0,3.0,-74.3168,9.7921
Bolívar,Cartagena,Estacion_18,2018,7,49.4,30.73,-73.7638,6.675
Norte de Santander,Cúcuta,Estacion_09,2022,2,9.88,6.04,-74.6279,7.4492
Atlántico,Barranquilla,Estacion_03,2023,6,36.23,21.23,-73.3734,6.2942
Norte de Santander,Cúcuta,Estacion_26,2019,5,31.63,18.45,-73.0543,4.6632
Norte de Santander,Cúcuta,Estacion_18,2022,12,29.27,17.44,-73.8255,5.8155
Santander,Floridablanca,Estacion_02,2023,11,19.04,11.96,-74.5814,4.6536
Boyacá,Duitama,Estacion_21,2024,5,68.85,30.85,-73.1765,5.9329
Atlántico,Barranquilla,Estacion_06,2018,8,13.32,5.69,-74.9508,9.067
Bogotá D.C.,Bogotá,Estacion_24,2023,1,54.19,31.0,-74.8348,8.3962
Bolívar,Cartagena,Estacion_08,2024,4,25.84,10.98,-73.1169,7.2484
Norte de Santander,Cúcuta,Estacion_03,2020,4,41.5,19.59,-74.5752,6.9696
Huila,Neiva,Estacion_03,2020,5,36.29,20.1,-74.1622,7.1107
Boyacá,Duitama,Estacion_14,2019,8,33.97,18.31,-74.9229,7.6421
Antioquia,Envigado,Estacion_11,2018,4,35.74,17.83,-74.4065,8.1444
Antioquia,Medellín,Estacion_29,2023,10,33.17,21.12,-74.6713,9.6172
Atlántico,Soledad,Estacion_04,2022,2,21.61,11.04,-73.1153,10.4803
Atlántico,Soledad,Estacion_17,2023,9,50.03,23.97,-74.0942,7.9435
Bogotá D.C.,Bogotá,Estacion_15,2020,6,59.1,27.23,-74.5832,8.8649
Bogotá D.C.,Bogotá,Estacion_06,2019,3,74.52,45.19,-73.4248,9.2755
Valle del Cauca,Palmira,Estacion_20,2019,5,85.3,53.52,-73.1018,4.9734
Valle del Cauca,Cali,Estacion_25,2020,2,70.19,37.76,-73.2205,4.0019
Huila,Neiva,Estacion_30,2018,7,22.91,13.68,-73.3141,6.3937
Antioquia,Envigado,Estacion_09,2024,1,42.98,17.45,-73.5522,6.1091
Boyacá,Tunja,Estacion_29,2023,9,23.13,12.68,-73.3856,7.3846
Santander,Floridablanca,Estacion_16,2023,1,44.53,28.12,-74.497,8.6782
Boyacá,Tunja,Estacion_05,2020,10,45.71,25.21,-73.9081,7.0999
Atlántico,Barranquilla,Estacion_13,2018,1,30.18,15.46,-73.8623,4.5769
Cundinamarca,Zipaquirá,Estacion_22,2022,8,66.24,32.26,-73.1479,6.4365
Cundinamarca,Soacha,Estacion_25,2024,6,40.25,19.09,-73.7305,10.9574
Cundinamarca,Zipaquirá,Estacion_17,2023,6,37.07,17.74,-74.0693,10.1812
Boyacá,Tunja,Estacion_18,2023,7,46.9,21.62,-74.7281,6.1033
Atlántico,Barranquilla,Estacion_11,2018,9,72.78,30.75,-74.7697,10.3196
Santander,Bucaramanga,Estacion_13,2019,7,17.05,10.0,-73.7511,6.5763
Bogotá D.C.,Bogotá,Estacion_14,2023,7,76.52,44.61,-74.6128,10.1463
Antioquia,Envigado,Estacion_15,2024,5,36.0,18.01,-73.046,5.4462
Norte de Santander,Cúcuta,Estacion_12,2021,10,59.77,30.54,-74.2129,9.65
Huila,Neiva,Estacion_23,2021,9,42.37,17.94,-73.9871,10.9999
Antioquia,Medellín,Estacion_05,2023,1,12.14,4.95,-73.0968,8.1263
Atlántico,Soledad,Estacion_11,2023,12,28.39,11.48,-73.527,10.5396
Atlántico,Barranquilla,Estacion_20,2018,9,27.29,16.77,-74.6817,7.6664
Valle del Cauca,Cali,Estacion_01,2022,11,68.16,29.41,-74.8939,7.4886
Norte de Santander,Cúcuta,Estacion_02,2019,6,35.14,18.23,-73.9832,4.6494
Cundinamarca,Soacha,Estacion_22,2022,8,5.0,3.0,-74.1167,5.2038
Norte de Santander,Cúcuta,Estacion_12,2024,8,35.61,18.48,-73.8881,5.7811
Bogotá D.C.,Bogotá,Estacion_06,2024,3,32.85,13.85,-73.7969,4.8778
Valle del Cauca,Palmira,Estacion_26,2024,1,40.36,23.89,-73.7621,8.2101
Cundinamarca,Zipaquirá,Estacion_05,2022,3,46.91,28.37,-74.3852,9.7253
Huila,Neiva,Estacion_17,2023,7,30.54,13.5,-73.922,7.578
Huila,Neiva,Estacion_11,2024,10,34.82,18.5,-73.2241,8.8379
Santander,Bucaramanga,Estacion_29,2022,6,33.15,16.27,-74.8613,7.0527
Cundinamarca,Zipaquirá,Estacion_15,2024,3,42.48,25.56,-73.0143,4.9593
Bolívar,Cartagena,Estacion_26,2024,6,28.29,11.78,-74.1382,6.5268
Huila,Neiva,Estacion_03,2020,4,46.8,30.29,-73.8106,8.1607
Boyacá,Tunja,Estacion_06,2018,9,9.46,4.03,-73.7064,6.5412
Atlántico,Barranquilla,Estacion_11,2023,9,21.69,12.59,-74.2388,9.5706
Santander,Bucaramanga,Estacion_27,2019,11,30.48,16.0,-73.7921,7.45
Valle del Cauca,Palmira,Estacion_03,2022,11,51.3,26.5,-74.3437,6.8793
Bolívar,Cartagena,Estacion_27,2024,8,18.22,7.86,-73.2889,8.7113
Huila,Neiva,Estacion_23,2020,9,10.01,4.95,-73.0859,5.7257
Huila,Neiva,Estacion_09,2021,5,24.99,15.12,-74.9149,4.34
Santander,Bucaramanga,Estacion_18,2024,6,17.94,10.01,-74.9806,9.2955
Bogotá D.C.,Bogotá,Estacion_01,2021,11,44.19,21.83,-73.3201,7.6835
Antioquia,Bello,Estacion_24,2021,6,17.38,9.32,-73.0747,8.2155
Atlántico,Soledad,Estacion_27,2018,11,34.36,21.69,-74.5038,8.9726
Antioquia,Medellín,Estacion_16,2018,8,49.99,26.52,-74.9425,10.0514
Atlántico,Barranquilla,Estacion_25,2024,2,33.65,14.72,-74.2249,4.3953
Bogotá D.C.,Bogotá,Estacion_17,2019,12,63.1,32.71,-74.1179,6.9371
Cundinamarca,Zipaquirá,Estacion_01,2024,6,54.31,33.95,-74.9997,4.2311
Bogotá D.C.,Bogotá,Estacion_29,2018,1,27.35,15.41,-74.1633,4.0277
Cundinamarca,Soacha,Estacion_02,2018,2,33.59,16.65,-73.9278,7.3603
Bogotá D.C.,Bogotá,Estacion_19,2018,5,46.2,20.21,-74.1824,8.4654
Cundinamarca,Soacha,Estacion_23,2020,6,23.91,13.36,-74.4696,4.2332
Bolívar,Cartagena,Estacion_26,2019,11,42.96,20.96,-73.8044,4.8804
Valle del Cauca,Cali,Estacion_08,2022,11,59.03,35.72,-73.197,10.6625
Atlántico,Soledad,Estacion_19,2019,3,12.6,6.19,-73.1427,10.4656
Norte de Santander,Cúcuta,Estacion_23,2024,8,60.43,31.03,-73.3753,6.1422
Antioquia,Envigado,Estacion_14,2021,3,41.53,17.83,-73.5999,9.0869
Norte de Santander,Cúcuta,Estacion_22,2023,9,44.02,27.48,-74.0403,4.5548
Huila,Neiva,Estacion_14,2023,2,15.98,8.36,-74.3561,7.8722
Valle del Cauca,Palmira,Estacion_18,2024,2,55.15,27.11,-73.6827,10.4273
Santander,Floridablanca,Estacion_28,2021,1,27.0,10.88,-73.6509,10.0227
Bolívar,Cartagena,Estacion_21,2019,8,16.72,7.12,-74.6592,8.3802
Antioquia,Medellín,Estacion_04,2024,9,66.32,35.08,-73.7785,6.3054
Bogotá D.C.,Bogotá,Estacion_14,2018,2,34.53,19.98,-74.2599,8.013
Valle del Cauca,Palmira,Estacion_23,2019,6,66.02,40.8,-74.526,4.0961
Santander,Bucaramanga,Estacion_01,2024,12,19.0,10.38,-73.1986,8.5596
Santander,Floridablanca,Estacion_01,2022,1,48.56,28.3,-73.8361,7.9187
Valle del Cauca,Cali,Estacion_27,2018,11,50.69,30.07,-73.7121,9.0777
Atlántico,Barranquilla,Estacion_17,2019,10,46.09,26.46,-74.0426,7.347
Boyacá,Tunja,Estacion_18,2022,4,47.98,26.27,-74.5123,9.7191
Antioquia,Medellín,Estacion_06,2024,7,69.96,31.92,-73.9089,6.9229
Huila,Neiva,Estacion_12,2020,5,16.97,6.84,-74.3217,6.2333
Boyacá,Tunja,Estacion_18,2022,3,23.04,10.11,-73.7052,5.9006
Huila,Neiva,Estacion_15,2018,9,54.21,33.92,-74.0295,9.9987
Atlántico,Barranquilla,Estacion_14,2021,9,32.39,14.17,-74.6819,6.4692
Norte de Santander,Cúcuta,Estacion_13,2022,1,16.37,6.83,-73.325,4.8534
Atlántico,Barranquilla,Estacion_10,2021,10,39.07,23.57,-73.8376,8.3749
Atlántico,Soledad,Estacion_24,2023,4,33.33,14.75,-74.2308,5.7365
Cundinamarca,Soacha,Estacion_17,2020,12,52.69,30.39,-74.425,8.523
Huila,Neiva,Estacion_04,2024,11,34.27,16.8,-73.5614,5.5639
Norte de Santander,Cúcuta,Estacion_18,2022,1,49.46,24.32,-73.6147,6.1109
Antioquia,Medellín,Estacion_11,2019,5,29.27,15.57,-74.1209,4.594
Bogotá D.C.,Bogotá,Estacion_01,2024,4,46.39,19.16,-74.3181,4.9356
Bolívar,Cartagena,Estacion_04,2021,11,41.99,18.15,-73.7512,9.5848
Norte de Santander,Cúcuta,Estacion_29,2024,12,48.25,25.39,-73.044,5.6761
Bogotá D.C.,Bogotá,Estacion_29,2019,10,31.57,17.72,-73.5341,5.2855
Norte de Santander,Cúcuta,Estacion_10,2024,7,34.21,19.06,-74.0688,10.7521
Valle del Cauca,Palmira,Estacion_01,2018,9,44.05,26.21,-74.7497,7.3913
Valle del Cauca,Cali,Estacion_13,2018,7,49.74,25.15,-73.9223,7.5376
Santander,Floridablanca,Estacion_18,2021,10,32.37,16.61,-74.6046,4.9369
Bogotá D.C.,Bogotá,Estacion_28,2019,5,70.56,37.99,-74.0728,5.1222
Bolívar,Cartagena,Estacion_07,2020,9,28.6,12.95,-73.4095,4.8923
Bolívar,Cartagena,Estacion_23,2019,5,21.68,9.41,-73.0021,10.7575
Boyacá,Tunja,Estacion_06,2020,1,46.32,22.62,-73.8815,5.4756
Santander,Floridablanca,Estacion_02,2019,8,9.06,5.46,-74.2539,8.2567
Cundinamarca,Soacha,Estacion_11,2023,11,31.33,15.87,-74.0566,4.5855
Santander,Bucaramanga,Estacion_17,2022,11,13.69,5.94,-73.5782,10.5309
Norte de Santander,Cúcuta,Estacion_02,2018,3,44.57,26.19,-74.8241,8.2192
Huila,Neiva,Estacion_07,2019,4,39.34,21.51,-73.9903,7.1097
Santander,Floridablanca,Estacion_11,2018,3,44.49,25.44,-74.9947,10.0188
Bolívar,Cartagena,Estacion_14,2018,8,47.47,30.01,-74.1933,6.0204
Valle del Cauca,Cali,Estacion_30,2021,1,52.09,25.66,-73.8546,5.0918
Atlántico,Barranquilla,Estacion_03,2019,9,35.28,19.59,-73.9993,4.8184
Norte de Santander,Cúcuta,Estacion_24,2023,1,30.51,19.81,-73.2447,8.5835
Cundinamarca,Soacha,Estacion_12,2024,8,41.42,19.37,-73.9742,8.1719
Santander,Floridablanca,Estacion_13,2023,8,26.87,13.05,-74.2744,6.1934
Antioquia,Envigado,Estacion_09,2019,5,57.37,24.78,-74.4464,4.9857
Boyacá,Tunja,Estacion_18,2020,12,35.03,17.17,-73.4131,10.4258
Bolívar,Cartagena,Estacion_28,2023,1,29.59,16.92,-74.1538,10.6971
Boyacá,Tunja,Estacion_09,2024,3,23.17,14.96,-73.4797,7.9312
Atlántico,Barranquilla,Estacion_14,2018,3,53.39,28.96,-73.7055,8.9106
Santander,Bucaramanga,Estacion_27,2020,8,15.89,9.82,-73.8909,8.685
Atlántico,Barranquilla,Estacion_25,2020,3,22.18,9.07,-73.9606,8.2376
Cundinamarca,Soacha,Estacion_03,2018,11,47.08,23.93,-74.5994,4.2712
Norte de Santander,Cúcuta,Estacion_14,2024,12,24.02,14.57,-73.2498,8.5477
Atlántico,Soledad,Estacion_23,2023,9,60.11,32.75,-73.9008,9.7353
Bolívar,Cartagena,Estacion_22,2021,3,48.12,20.22,-73.959,7.8984
Valle del Cauca,Cali,Estacion_18,2023,6,34.0,20.2,-73.246,5.7155
Santander,Floridablanca,Estacion_14,2021,4,53.47,22.04,-73.3733,10.587
Santander,Bucaramanga,Estacion_17,2018,3,31.9,13.78,-74.0146,5.9435
Bogotá D.C.,Bogotá,Estacion_03,2024,2,20.75,10.56,-73.1695,6.9082
Antioquia,Envigado,Estacion_26,2018,1,31.53,14.72,-74.2595,7.1943
Huila,Neiva,Estacion_28,2022,11,5.0,3.0,-73.2481,9.8341
Norte de Santander,Cúcuta,Estacion_29,2019,5,61.57,32.19,-74.2277,10.8637
Santander,Floridablanca,Estacion_14,2018,6,38.24,21.17,-74.9455,6.0973
Valle del Cauca,Palmira,Estacion_21,2024,2,35.41,15.83,-73.1574,10.5056
Antioquia,Medellín,Estacion_17,2024,8,37.77,23.4,-74.9858,7.9485
Antioquia,Envigado,Estacion_01,2023,7,27.95,18.1,-74.5486,8.9164
Huila,Neiva,Estacion_04,2021,8,5.0,3.0,-73.2738,7.0015
Santander,Bucaramanga,Estacion_29,2024,2,49.11,23.58,-74.3156,10.7136
Boyacá,Duitama,Estacion_15,2022,8,5.0,3.0,-73.1949,8.7324
Norte de Santander,Cúcuta,Estacion_16,2019,6,5.0,3.0,-74.2165,7.7449
Norte de Santander,Cúcuta,Estacion_28,2021,11,15.83,7.58,-74.7882,7.8757
Antioquia,Envigado,Estacion_02,2019,8,57.37,28.64,-74.4465,6.8373
Bolívar,Cartagena,Estacion_03,2023,11,38.91,23.18,-74.2799,4.9802
Bolívar,Cartagena,Estacion_07,2023,8,40.19,18.05,-74.3509,7.3055
Norte de Santander,Cúcuta,Estacion_04,2020,3,23.15,11.75,-73.6862,7.4313
Norte de Santander,Cúcuta,Estacion_19,2023,10,38.83,20.6,-73.8591,9.0336
Santander,Floridablanca,Estacion_20,2018,12,52.61,30.04,-73.2004,10.7006
Huila,Neiva,Estacion_10,2020,5,17.23,7.87,-73.5788,4.8644
Santander,Bucaramanga,Estacion_25,2020,3,58.63,30.61,-74.7435,8.7602
Norte de Santander,Cúcuta,Estacion_12,2024,10,25.77,16.05,-73.9159,9.6292
Atlántico,Soledad,Estacion_23,2019,1,43.67,20.29,-74.1278,9.6413
Atlántico,Soledad,Estacion_06,2020,2,21.97,8.89,-73.9499,10.0653
Bogotá D.C.,Bogotá,Estacion_01,2021,8,43.23,22.97,-74.0113,6.7911
Valle del Cauca,Palmira,Estacion_01,2022,3,14.73,9.31,-74.9382,8.0459
Bolívar,Cartagena,Estacion_08,2022,6,21.84,9.57,-73.2141,9.8821
Boyacá,Duitama,Estacion_01,2024,3,31.52,16.52,-74.8662,5.175
Bolívar,Cartagena,Estacion_26,2020,8,20.24,10.58,-73.5532,10.6749
Boyacá,Tunja,Estacion_26,2021,4,20.53,10.18,-73.811,5.5443
Antioquia,Envigado,Estacion_28,2020,4,23.2,12.84,-74.1822,5.1609
Huila,Neiva,Estacion_07,2021,10,47.14,20.13,-73.9043,10.8811
Bogotá D.C.,Bogotá,Estacion_23,2019,1,60.51,29.94,-74.497,6.2513
Huila,Neiva,Estacion_18,2022,11,22.23,9.72,-73.362,7.1739
Norte de Santander,Cúcuta,Estacion_30,2023,11,36.19,16.21,-73.4898,10.9874
Atlántico,Barranquilla,Estacion_24,2023,3,40.32,23.25,-74.5208,8.4597
Valle del Cauca,Cali,Estacion_18,2019,12,47.62,20.24,-73.5603,8.9192
Valle del Cauca,Palmira,Estacion_19,2020,8,46.64,18.84,-73.9897,4.9015
Santander,Bucaramanga,Estacion_14,2018,2,41.36,18.5,-74.1419,5.208
Norte de Santander,Cúcuta,Estacion_16,2024,11,48.39,28.42,-73.7906,9.3151
Bolívar,Cartagena,Estacion_19,2021,6,40.51,17.82,-74.1343,5.6799
Bogotá D.C.,Bogotá,Estacion_22,2024,7,65.54,39.18,-74.7227,8.7284
Atlántico,Soledad,Estacion_14,2021,3,25.75,14.01,-73.8453,5.4234
Santander,Bucaramanga,Estacion_27,2019,9,41.49,26.19,-74.8571,7.0937
Cundinamarca,Zipaquirá,Estacion_07,2024,6,11.96,4.92,-73.9335,4.9124
Bogotá D.C.,Bogotá,Estacion_16,2023,11,42.39,18.34,-73.8486,4.1937
Bolívar,Cartagena,Estacion_17,2022,3,25.21,11.84,-73.2627,10.8515
Atlántico,Soledad,Estacion_14,2021,3,57.19,32.63,-73.3896,8.1182
Antioquia,Bello,Estacion_23,2021,4,39.39,22.97,-73.5167,4.9781
Valle del Cauca,Cali,Estacion_02,2022,10,52.08,21.17,-74.7894,9.5645
Antioquia,Bello,Estacion_27,2020,11,17.7,9.47,-73.4069,7.5324
Valle del Cauca,Cali,Estacion_01,2021,9,67.34,31.56,-73.7464,8.175
Antioquia,Bello,Estacion_06,2019,6,29.28,16.02,-73.4681,5.2813
Bogotá D.C.,Bogotá,Estacion_28,2022,11,100.65,50.34,-73.2261,6.5397
Bolívar,Cartagena,Estacion_16,2021,3,47.08,21.69,-74.4371,10.901
Cundinamarca,Zipaquirá,Estacion_21,2021,5,18.04,10.78,-74.4179,7.0185
Boyacá,Tunja,Estacion_07,2019,6,41.94,16.98,-74.2343,9.4428
Bogotá D.C.,Bogotá,Estacion_11,2023,3,13.95,7.76,-74.2141,5.7249
Bolívar,Cartagena,Estacion_29,2023,9,47.25,22.95,-73.7834,9.4778
Atlántico,Soledad,Estacion_29,2019,3,38.78,21.57,-74.7545,5.8178
Boyacá,Duitama,Estacion_29,2021,4,26.55,14.92,-74.4898,10.0842
Huila,Neiva,Estacion_03,2019,4,5.0,3.0,-73.7861,10.5385
Bolívar,Cartagena,Estacion_21,2018,7,59.76,25.69,-73.99,7.3334
Norte de Santander,Cúcuta,Estacion_30,2023,2,9.24,3.85,-73.239,8.5822
Huila,Neiva,Estacion_09,2023,2,26.82,11.1,-73.2951,6.3845
Bolívar,Cartagena,Estacion_09,2019,8,37.96,24.07,-73.6993,10.1446
Norte de Santander,Cúcuta,Estacion_06,2023,8,27.6,11.86,-74.0834,8.6892
Atlántico,Soledad,Estacion_28,2020,7,42.22,21.31,-74.1174,9.3372
Santander,Bucaramanga,Estacion_14,2020,9,17.27,9.39,-74.5377,6.6264
Bolívar,Cartagena,Estacion_29,2022,1,48.33,31.1,-73.6207,10.7674
Bogotá D.C.,Bogotá,Estacion_12,2018,9,41.25,18.26,-74.7781,10.302
Bogotá D.C.,Bogotá,Estacion_25,2020,4,58.87,37.89,-74.7711,4.008
Valle del Cauca,Cali,Estacion_03,2019,10,59.42,29.88,-73.7356,8.0147
Valle del Cauca,Cali,Estacion_30,2022,10,71.29,39.16,-73.751,7.4088
Valle del Cauca,Palmira,Estacion_08,2019,3,46.69,29.35,-74.5563,10.3161
Bogotá D.C.,Bogotá,Estacion_26,2019,3,34.03,15.89,-74.9184,9.8754
Valle del Cauca,Palmira,Estacion_04,2021,5,52.62,26.38,-74.9567,5.882
Huila,Neiva,Estacion_09,2021,12,31.9,19.65,-74.6608,4.1093
Valle del Cauca,Palmira,Estacion_13,2022,12,55.46,22.49,-73.4215,5.878
Boyacá,Tunja,Estacion_22,2022,3,56.22,24.88,-73.0718,7.0284
Huila,Neiva,Estacion_15,2022,3,37.19,22.5,-73.7632,5.1285
Boyacá,Tunja,Estacion_19,2022,4,29.43,14.1,-74.1123,4.3664
Valle del Cauca,Palmira,Estacion_18,2020,10,29.06,18.37,-73.1809,6.4092
Santander,Bucaramanga,Estacion_05,2023,1,5.08,3.25,-73.0714,5.5861
Valle del Cauca,Palmira,Estacion_17,2019,9,76.98,34.2,-74.1015,4.3465
Boyacá,Duitama,Estacion_11,2021,4,33.37,16.09,-74.7638,9.8766
Valle del Cauca,Cali,Estacion_14,2021,2,70.37,42.85,-74.6356,4.2248
Norte de Santander,Cúcuta,Estacion_20,2023,8,40.06,25.77,-73.7278,8.3058
Boyacá,Tunja,Estacion_25,2018,5,59.38,29.03,-74.7044,5.0191
Bogotá D.C.,Bogotá,Estacion_06,2021,11,38.47,21.27,-74.9753,7.1608
Cundinamarca,Soacha,Estacion_08,2018,11,35.94,20.6,-73.4595,8.9106
Atlántico,Soledad,Estacion_10,2023,1,77.52,34.33,-74.7249,8.946
Cundinamarca,Zipaquirá,Estacion_18,2022,7,41.52,22.68,-74.7949,7.341
Bogotá D.C.,Bogotá,Estacion_16,2018,12,50.55,28.81,-74.5351,9.9855
Bogotá D.C.,Bogotá,Estacion_01,2023,1,56.5,22.77,-74.8215,4.4275
Bogotá D.C.,Bogotá,Estacion_19,2019,9,64.91,26.02,-73.2957,7.807
Norte de Santander,Cúcuta,Estacion_17,2018,6,30.2,12.94,-74.4194,7.2584
Huila,Neiva,Estacion_14,2020,5,61.56,38.06,-73.1896,5.2333
Santander,Bucaramanga,Estacion_20,2020,11,30.99,19.34,-74.2634,5.5545
Bolívar,Cartagena,Estacion_19,2021,10,53.73,23.63,-73.1109,10.4409
Bogotá D.C.,Bogotá,Estacion_18,2023,4,70.95,40.95,-74.5464,4.4385
Boyacá,Duitama,Estacion_11,2020,5,38.84,17.3,-73.3118,10.9831
Cundinamarca,Zipaquirá,Estacion_02,2020,8,20.2,9.0,-74.4874,5.8684
Valle del Cauca,Cali,Estacion_27,2022,1,73.08,47.24,-73.0916,10.7423
Cundinamarca,Soacha,Estacion_20,2021,12,37.27,15.15,-74.1385,8.5456
Santander,Bucaramanga,Estacion_01,2019,5,64.32,40.52,-74.5692,6.4385
Norte de Santander,Cúcuta,Estacion_12,2020,3,59.04,26.64,-73.4509,7.499
Antioquia,Bello,Estacion_04,2022,2,35.03,16.2,-74.6462,7.7954
Norte de Santander,Cúcuta,Estacion_12,2018,11,5.0,3.0,-73.5323,5.687
Huila,Neiva,Estacion_11,2019,8,15.88,8.87,-73.8614,9.0275
Boyacá,Duitama,Estacion_05,2022,12,24.48,12.75,-73.8997,8.5387
Antioquia,Envigado,Estacion_25,2018,7,48.3,24.0,-73.383,5.3915
Cundinamarca,Soacha,Estacion_09,2019,11,48.71,23.04,-74.763,4.5926
Atlántico,Soledad,Estacion_19,2019,3,9.36,4.37,-73.1522,4.1978
Boyacá,Duitama,Estacion_25,2023,7,18.09,8.31,-74.7197,7.8765
Bolívar,Cartagena,Estacion_01,2024,7,41.61,24.38,-73.176,7.0049
Cundinamarca,Soacha,Estacion_27,2018,9,5.0,3.16,-73.4491,6.0799
Bolívar,Cartagena,Estacion_02,2023,8,54.97,33.51,-73.0589,7.9399
Valle del Cauca,Palmira,Estacion_16,2020,4,44.58,27.05,-73.7625,10.5584
Huila,Neiva,Estacion_27,2024,3,23.55,12.43,-74.3863,8.5917
Valle del Cauca,Palmira,Estacion_06,2020,12,74.04,39.92,-73.2536,8.9275
Boyacá,Tunja,Estacion_20,2023,6,36.79,21.42,-74.8524,6.4925
Valle del Cauca,Cali,Estacion_10,2023,9,44.82,23.35,-74.3226,7.1504
Atlántico,Barranquilla,Estacion_20,2024,3,54.13,23.4,-73.1917,10.5889
Atlántico,Barranquilla,Estacion_10,2020,8,25.97,11.56,-73.6995,6.1112
Boyacá,Duitama,Estacion_24,2021,1,43.24,27.27,-73.1497,5.8441
Cundinamarca,Soacha,Estacion_04,2021,1,17.34,9.27,-73.3692,7.3921
Boyacá,Tunja,Estacion_12,2020,11,54.12,27.12,-73.71,9.9412
Boyacá,Tunja,Estacion_30,2022,6,5.26,3.0,-74.8152,10.0272
Norte de Santander,Cúcuta,Estacion_28,2024,4,57.75,28.11,-74.0431,4.4244
Boyacá,Duitama,Estacion_18,2021,1,37.14,17.16,-74.0768,5.4402
Antioquia,Medellín,Estacion_30,2024,10,32.09,20.73,-73.6139,4.5394
Bogotá D.C.,Bogotá,Estacion_14,2024,7,67.19,42.29,-74.9818,5.4685
Norte de Santander,Cúcuta,Estacion_20,2022,9,47.8,22.38,-73.2124,6.3563
Bogotá D.C.,Bogotá,Estacion_19,2023,6,64.85,36.47,-73.5653,7.9774
Antioquia,Bello,Estacion_06,2024,5,44.76,25.35,-73.7844,4.7121
Antioquia,Bello,Estacion_07,2023,11,55.85,34.67,-74.2175,5.9517
Atlántico,Barranquilla,Estacion_13,2019,4,38.43,17.76,-74.9408,8.7201
Valle del Cauca,Cali,Estacion_17,2024,3,48.36,19.38,-73.3387,6.6512
Norte de Santander,Cúcuta,Estacion_03,2018,5,26.67,14.06,-74.009,7.7928
Santander,Floridablanca,Estacion_03,2023,3,29.54,12.65,-73.8094,4.4677
Bogotá D.C.,Bogotá,Estacion_05,2024,3,47.18,22.5,-73.1896,6.8888
Bogotá D.C.,Bogotá,Estacion_05,2018,1,43.79,27.27,-73.6751,4.1508
Huila,Neiva,Estacion_11,2020,3,27.27,11.95,-74.5046,8.0956
Norte de Santander,Cúcuta,Estacion_04,2019,2,45.4,18.54,-73.8192,10.1168
Antioquia,Medellín,Estacion_22,2020,11,33.35,20.77,-74.2067,8.8937
Boyacá,Duitama,Estacion_16,2019,3,43.45,24.96,-73.8067,7.1609
Valle del Cauca,Cali,Estacion_24,2019,1,70.51,33.9,-74.3393,6.1436
Huila,Neiva,Estacion_09,2019,7,21.09,12.21,-73.719,7.7815
Cundinamarca,Soacha,Estacion_09,2022,1,38.27,19.23,-73.2807,6.7756
Huila,Neiva,Estacion_01,2023,1,49.61,28.83,-73.7835,5.7333
Bolívar,Cartagena,Estacion_21,2020,7,52.5,26.05,-74.8395,5.8614
Norte de Santander,Cúcuta,Estacion_08,2019,5,5.0,3.06,-74.4597,9.7476
Santander,Floridablanca,Estacion_03,2020,3,10.95,4.41,-74.8384,9.7393
Huila,Neiva,Estacion_10,2024,2,37.23,17.6,-73.2545,9.2982
Antioquia,Envigado,Estacion_24,2018,2,41.79,20.04,-73.3112,6.88
Antioquia,Envigado,Estacion_13,2024,3,44.31,27.61,-73.4677,8.4472
Norte de Santander,Cúcuta,Estacion_05,2020,2,43.94,19.14,-74.2077,8.6768
Bogotá D.C.,Bogotá,Estacion_12,2020,10,30.88,16.31,-73.6801,5.4441
Bogotá D.C.,Bogotá,Estacion_28,2020,5,35.89,18.4,-73.1276,10.5731
Norte de Santander,Cúcuta,Estacion_02,2022,8,41.34,24.54,-73.7082,7.5165
Valle del Cauca,Palmira,Estacion_17,2022,9,38.04,22.35,-73.7161,5.0288
Huila,Neiva,Estacion_03,2022,1,7.36,4.5,-74.1606,8.2446
Santander,Floridablanca,Estacion_05,2018,6,36.46,16.42,-74.156,6.3613
Bolívar,Cartagena,Estacion_26,2019,9,37.8,19.83,-73.5629,5.5311
Santander,Bucaramanga,Estacion_21,2024,9,35.81,23.2,-73.3997,9.7342
Santander,Floridablanca,Estacion_16,2020,12,29.17,17.39,-73.3819,4.9061
Santander,Bucaramanga,Estacion_11,2020,12,26.33,11.73,-74.8016,9.4717
Norte de Santander,Cúcuta,Estacion_10,2020,8,12.04,7.18,-73.8327,5.1866
Cundinamarca,Soacha,Estacion_12,2024,9,31.09,16.13,-73.7255,4.1301
Valle del Cauca,Cali,Estacion_16,2024,7,45.23,28.65,-73.6493,8.1143
Huila,Neiva,Estacion_20,2018,6,36.77,22.03,-73.4608,4.6054
Huila,Neiva,Estacion_10,2024,1,46.56,23.2,-73.1204,9.562
Huila,Neiva,Estacion_20,2018,8,65.77,36.57,-73.1349,4.432
Atlántico,Barranquilla,Estacion_19,2021,4,35.0,16.86,-74.7705,4.1723
Huila,Neiva,Estacion_29,2024,10,38.18,16.13,-74.1653,7.5947
Atlántico,Soledad,Estacion_19,2018,5,44.81,25.67,-73.7622,10.0565
Cundinamarca,Zipaquirá,Estacion_08,2022,2,26.39,10.83,-74.7648,8.8975
Bolívar,Cartagena,Estacion_21,2019,2,17.38,9.21,-73.0646,8.3775
Antioquia,Bello,Estacion_21,2018,10,24.87,15.54,-73.9488,4.225
Antioquia,Bello,Estacion_25,2023,8,35.67,17.06,-74.2681,9.49
Bolívar,Cartagena,Estacion_30,2023,7,19.17,7.8,-73.4436,7.474
Huila,Neiva,Estacion_25,2023,1,34.68,14.62,-73.0677,5.3303
Norte de Santander,Cúcuta,Estacion_19,2021,11,5.0,3.0,-73.2875,4.633
Huila,Neiva,Estacion_03,2018,8,26.14,10.82,-74.3491,9.9047
Cundinamarca,Zipaquirá,Estacion_19,2021,2,46.45,26.38,-73.8419,7.1924
Huila,Neiva,Estacion_29,2022,10,33.11,14.39,-73.8082,7.673
Atlántico,Barranquilla,Estacion_24,2020,3,23.12,14.21,-74.4426,4.4034
Bogotá D.C.,Bogotá,Estacion_24,2020,6,40.98,19.56,-73.2353,5.9963
Atlántico,Barranquilla,Estacion_23,2021,12,28.76,17.9,-73.2369,9.4124
Huila,Neiva,Estacion_01,2019,7,38.97,22.03,-73.351,9.1102
Bogotá D.C.,Bogotá,Estacion_19,2022,2,41.62,22.46,-74.5644,5.3061
Valle del Cauca,Cali,Estacion_01,2018,4,62.13,33.24,-73.9835,5.8647
Valle del Cauca,Cali,Estacion_27,2020,6,64.47,34.32,-74.6097,8.891
Atlántico,Barranquilla,Estacion_18,2018,11,48.1,24.8,-73.5793,4.1224
Bolívar,Cartagena,Estacion_03,2019,5,38.32,17.8,-74.3345,7.797
Valle del Cauca,Cali,Estacion_26,2021,3,55.74,34.65,-73.8621,8.4466
Santander,Floridablanca,Estacion_28,2024,11,66.14,28.45,-73.9679,9.7349
Huila,Neiva,Estacion_13,2021,3,46.33,28.86,-73.4653,10.1692
Huila,Neiva,Estacion_25,2024,12,49.53,22.93,-73.9864,6.9071
Cundinamarca,Soacha,Estacion_01,2024,3,32.82,20.25,-74.6422,6.3938
Bolívar,Cartagena,Estacion_08,2020,10,42.71,25.06,-74.5758,4.8226
Cundinamarca,Soacha,Estacion_16,2022,12,28.96,15.36,-74.2133,8.1667
Atlántico,Soledad,Estacion_24,2022,10,49.45,22.09,-73.828,7.7064
Cundinamarca,Soacha,Estacion_30,2020,8,49.26,25.18,-74.485,6.4279
Santander,Floridablanca,Estacion_28,2019,11,39.82,18.89,-73.5626,8.2865
Antioquia,Medellín,Estacion_18,2018,3,23.21,12.65,-74.3927,9.7996
Santander,Bucaramanga,Estacion_25,2018,8,34.72,16.8,-73.7968,5.1615
Boyacá,Duitama,Estacion_11,2019,3,40.12,20.61,-74.8427,4.9675
Cundinamarca,Soacha,Estacion_15,2020,1,23.94,11.89,-74.9915,5.6521
Atlántico,Barranquilla,Estacion_14,2022,8,18.94,11.97,-73.451,5.3877
Valle del Cauca,Palmira,Estacion_17,2023,10,32.65,20.96,-74.1153,5.3804
Boyacá,Tunja,Estacion_18,2023,9,19.09,8.14,-73.215,4.6704
Cundinamarca,Soacha,Estacion_17,2021,2,38.32,17.05,-73.3105,8.0473
Bolívar,Cartagena,Estacion_27,2018,5,34.47,15.69,-74.5846,6.4846
Boyacá,Tunja,Estacion_14,2019,9,7.36,4.33,-74.6432,8.2716
Huila,Neiva,Estacion_22,2024,12,32.76,14.04,-74.2593,6.2516
Huila,Neiva,Estacion_04,2018,9,54.11,27.18,-73.3631,10.1276
Norte de Santander,Cúcuta,Estacion_23,2018,3,36.67,19.33,-74.4009,7.3838
Santander,Bucaramanga,Estacion_18,2023,5,42.04,27.12,-74.322,8.422
Bogotá D.C.,Bogotá,Estacion_07,2020,10,58.02,35.39,-74.8904,10.1571
Bolívar,Cartagena,Estacion_11,2020,4,50.78,22.02,-74.0167,10.9063
Norte de Santander,Cúcuta,Estacion_19,2022,7,36.67,19.58,-74.6017,4.7786
Bolívar,Cartagena,Estacion_06,2021,1,26.22,14.57,-73.219,10.3756
Santander,Floridablanca,Estacion_08,2021,10,27.61,13.61,-73.7082,8.3262
Cundinamarca,Soacha,Estacion_13,2024,12,49.22,21.47,-73.3568,4.1326
Antioquia,Bello,Estacion_20,2023,6,40.45,21.8,-73.6544,10.3915
Bogotá D.C.,Bogotá,Estacion_08,2020,1,61.05,25.02,-74.6406,7.6365
Boyacá,Duitama,Estacion_02,2019,9,36.78,22.73,-74.4397,7.0729
Antioquia,Medellín,Estacion_14,2022,11,44.85,23.48,-73.445,10.586
Atlántico,Soledad,Estacion_15,2024,3,16.58,7.66,-74.8424,10.5089
Antioquia,Envigado,Estacion_01,2022,5,60.41,32.88,-74.2901,4.7274
Bogotá D.C.,Bogotá,Estacion_06,2018,8,35.48,21.62,-74.8444,5.4017
Santander,Bucaramanga,Estacion_03,2018,6,60.57,35.81,-73.0977,9.6178
Boyacá,Duitama,Estacion_26,2021,3,38.29,19.47,-73.2872,6.2276
Santander,Bucaramanga,Estacion_29,2021,2,22.99,10.29,-74.2992,6.5069
Norte de Santander,Cúcuta,Estacion_10,2019,5,5.0,3.0,-74.6943,7.6734
Bogotá D.C.,Bogotá,Estacion_15,2021,3,42.12,22.91,-74.1802,4.7382
Atlántico,Soledad,Estacion_26,2018,3,26.22,12.52,-73.2757,9.0916
Boyacá,Duitama,Estacion_26,2024,3,27.26,17.35,-73.1214,9.5962
Bogotá D.C.,Bogotá,Estacion_13,2023,4,63.03,38.43,-74.041,4.9952
Huila,Neiva,Estacion_02,2024,6,31.23,19.76,-73.5271,5.2041
Norte de Santander,Cúcuta,Estacion_20,2018,3,45.44,23.16,-74.201,5.9857
Antioquia,Envigado,Estacion_13,2022,6,54.22,34.26,-74.8792,6.8738
Santander,Bucaramanga,Estacion_25,2023,2,25.29,15.21,-74.1453,10.1112
Bogotá D.C.,Bogotá,Estacion_06,2019,2,60.29,35.92,-73.4277,7.4377
Valle del Cauca,Cali,Estacion_17,2021,5,38.68,24.06,-73.9873,10.3009
Atlántico,Soledad,Estacion_19,2022,1,32.35,20.86,-73.8749,5.5178
Bolívar,Cartagena,Estacion_07,2021,12,26.33,12.29,-73.3857,4.7422
Antioquia,Bello,Estacion_25,2021,1,21.76,13.4,-74.8782,5.861
Bogotá D.C.,Bogotá,Estacion_20,2022,10,47.5,23.8,-74.7792,8.7117
Santander,Floridablanca,Estacion_24,2023,7,21.65,9.25,-73.3735,8.006
Santander,Bucaramanga,Estacion_10,2018,6,11.08,4.6,-74.5381,9.4018
Cundinamarca,Soacha,Estacion_27,2022,5,50.84,28.74,-74.0911,6.2029
Santander,Floridablanca,Estacion_06,2019,6,14.87,7.32,-73.9748,7.269
Huila,Neiva,Estacion_12,2018,6,53.79,25.29,-74.8016,7.6365
Antioquia,Bello,Estacion_10,2018,10,5.0,3.0,-74.6549,10.525
Atlántico,Soledad,Estacion_14,2021,3,27.74,16.09,-74.4108,5.5667
Santander,Floridablanca,Estacion_23,2022,10,29.95,14.35,-74.6261,5.4495
Norte de Santander,Cúcuta,Estacion_26,2024,6,32.49,15.02,-73.429,8.2612
Bolívar,Cartagena,Estacion_20,2021,11,31.02,15.95,-73.9228,5.1054
Cundinamarca,Zipaquirá,Estacion_03,2022,9,46.73,25.98,-74.4621,6.9322
Bogotá D.C.,Bogotá,Estacion_28,2019,5,60.34,37.92,-73.3463,9.0269
Bogotá D.C.,Bogotá,Estacion_26,2023,4,52.92,23.0,-73.1051,5.7295
Norte de Santander,Cúcuta,Estacion_17,2020,10,37.28,18.71,-74.1667,6.8319
Atlántico,Soledad,Estacion_24,2022,2,50.52,31.6,-73.0078,9.6858
Valle del Cauca,Cali,Estacion_29,2018,10,28.53,12.79,-73.1754,8.6036
Cundinamarca,Soacha,Estacion_30,2020,7,24.32,11.17,-73.422,8.9109
Santander,Floridablanca,Estacion_24,2024,11,29.88,18.01,-73.4943,5.8222
Valle del Cauca,Cali,Estacion_23,2018,1,52.01,21.39,-74.2801,8.4326
Bogotá D.C.,Bogotá,Estacion_06,2021,11,47.7,23.12,-73.7354,7.8878
Antioquia,Medellín,Estacion_09,2018,11,40.87,20.72,-73.4801,10.8504
Cundinamarca,Soacha,Estacion_18,2022,9,24.44,13.32,-74.7183,6.1606
Antioquia,Bello,Estacion_24,2020,12,14.65,7.64,-74.9086,8.5271
Boyacá,Duitama,Estacion_21,2019,6,13.41,7.06,-74.3353,10.7634
Santander,Bucaramanga,Estacion_14,2019,2,11.26,7.05,-74.1129,6.5004
Bogotá D.C.,Bogotá,Estacion_22,2023,10,55.92,35.76,-74.6827,6.3439
Huila,Neiva,Estacion_22,2018,6,55.56,35.62,-74.0329,8.9536
Santander,Bucaramanga,Estacion_25,2024,8,23.59,13.06,-73.4908,8.964
Bogotá D.C.,Bogotá,Estacion_22,2023,4,86.33,39.6,-74.2847,8.4873
Norte de Santander,Cúcuta,Estacion_25,2019,12,22.31,8.93,-74.8002,4.9517
Bolívar,Cartagena,Estacion_20,2022,12,30.7,19.01,-74.86,4.4577
Santander,Bucaramanga,Estacion_02,2019,10,54.53,22.18,-74.7656,6.7184
Antioquia,Envigado,Estacion_18,2024,6,46.71,19.35,-74.0013,7.2809
Cundinamarca,Zipaquirá,Estacion_16,2018,3,84.19,40.5,-73.9423,4.8601
Valle del Cauca,Palmira,Estacion_26,2018,8,10.46,5.59,-74.3458,10.6652
Bolívar,Cartagena,Estacion_02,2024,6,39.33,22.96,-73.995,6.0324
Cundinamarca,Zipaquirá,Estacion_26,2019,2,73.19,35.78,-74.7466,6.2209
Bolívar,Cartagena,Estacion_23,2021,9,34.66,17.66,-73.6795,4.0189
Santander,Bucaramanga,Estacion_30,2018,7,9.36,5.14,-74.8126,10.3794
Atlántico,Soledad,Estacion_01,2023,6,5.0,3.0,-74.392,6.9713
Huila,Neiva,Estacion_22,2022,7,5.96,3.0,-74.1455,9.503
Bogotá D.C.,Bogotá,Estacion_15,2022,3,38.84,24.54,-74.1995,10.8082
Santander,Bucaramanga,Estacion_25,2019,8,15.12,7.65,-73.6592,6.0303
Huila,Neiva,Estacion_02,2019,9,22.34,10.25,-74.8101,5.6687
Antioquia,Medellín,Estacion_12,2020,8,35.43,14.65,-73.9227,4.0859
Bolívar,Cartagena,Estacion_20,2018,9,5.11,3.0,-74.499,6.4247
Bogotá D.C.,Bogotá,Estacion_30,2019,3,94.98,41.58,-73.3523,10.9481
Atlántico,Barranquilla,Estacion_21,2020,5,40.49,16.72,-74.2528,4.5729
Atlántico,Soledad,Estacion_30,2020,8,43.99,18.4,-73.4072,8.1706
Boyacá,Duitama,Estacion_08,2024,6,49.22,30.94,-74.3559,10.5753
Huila,Neiva,Estacion_02,2023,7,20.07,13.0,-74.1798,7.3944
Valle del Cauca,Palmira,Estacion_07,2020,12,62.71,35.15,-73.3659,5.5443
Norte de Santander,Cúcuta,Estacion_10,2022,8,22.65,13.8,-73.8078,9.8532
Bogotá D.C.,Bogotá,Estacion_27,2022,4,66.43,37.22,-74.0576,5.6674
Bogotá D.C.,Bogotá,Estacion_30,2019,12,62.21,34.33,-73.7369,9.7332
Antioquia,Envigado,Estacion_02,2022,6,31.66,17.6,-74.0012,10.7625
Atlántico,Barranquilla,Estacion_18,2020,10,32.47,17.54,-73.2132,6.2278
Antioquia,Bello,Estacion_28,2023,2,20.67,11.87,-73.0361,6.6875
Antioquia,Bello,Estacion_21,2018,4,5.0,3.0,-74.1695,8.3035
Atlántico,Soledad,Estacion_25,2020,9,31.68,17.01,-73.3668,9.037
Huila,Neiva,Estacion_28,2018,6,37.29,23.43,-73.9063,4.9912
Boyacá,Tunja,Estacion_13,2024,11,38.16,19.72,-73.7972,9.1602
Norte de Santander,Cúcuta,Estacion_03,2020,9,25.01,10.24,-74.4028,7.6026
Bolívar,Cartagena,Estacion_17,2022,3,42.15,23.13,-74.8384,7.268
Bogotá D.C.,Bogotá,Estacion_29,2021,7,61.93,32.81,-74.9839,8.6014
Cundinamarca,Soacha,Estacion_30,2022,8,43.29,17.89,-73.035,10.8627
Cundinamarca,Zipaquirá,Estacion_03,2019,3,50.66,24.84,-74.2123,4.7358
Cundinamarca,Zipaquirá,Estacion_21,2021,3,35.82,21.96,-73.3808,8.1514
Boyacá,Duitama,Estacion_18,2020,3,43.96,19.01,-73.1985,8.2115
Boyacá,Tunja,Estacion_25,2020,5,12.86,7.77,-74.478,4.2586
Huila,Neiva,Estacion_06,2021,8,47.97,29.93,-74.3479,9.631
Antioquia,Bello,Estacion_08,2018,1,27.18,17.27,-74.4742,5.5681
Norte de Santander,Cúcuta,Estacion_10,2020,4,56.83,25.16,-73.7805,6.0648
Boyacá,Duitama,Estacion_23,2024,8,48.74,24.81,-74.8244,4.7638
Atlántico,Soledad,Estacion_19,2020,2,23.82,11.19,-74.1748,8.0623
Antioquia,Bello,Estacion_05,2022,5,21.08,10.92,-74.829,7.1648
Huila,Neiva,Estacion_16,2019,5,59.05,34.0,-73.9234,5.4079
Atlántico,Barranquilla,Estacion_07,2018,7,49.41,24.26,-73.0698,8.3449
Bolívar,Cartagena,Estacion_03,2019,6,22.06,8.85,-73.183,10.381
Bolívar,Cartagena,Estacion_04,2023,8,54.6,28.08,-73.6672,4.2374
Valle del Cauca,Cali,Estacion_18,2020,12,51.92,23.13,-73.8186,7.8224
Huila,Neiva,Estacion_08,2023,12,22.6,9.69,-73.8732,8.0039
Norte de Santander,Cúcuta,Estacion_12,2020,1,19.72,11.06,-73.428,4.1467
Cundinamarca,Soacha,Estacion_21,2020,7,51.61,24.61,-74.5835,4.9592
Huila,Neiva,Estacion_02,2022,9,7.0,4.21,-74.8617,7.4965
Valle del Cauca,Palmira,Estacion_30,2020,1,33.19,16.85,-74.505,8.6632
Valle del Cauca,Cali,Estacion_20,2022,3,51.09,23.56,-74.2178,10.0395
Antioquia,Medellín,Estacion_07,2020,9,28.33,13.21,-73.6159,5.0769
Bogotá D.C.,Bogotá,Estacion_03,2022,5,43.96,19.3,-73.4517,5.8741
Valle del Cauca,Palmira,Estacion_11,2023,8,94.38,51.56,-74.6265,5.3452
Antioquia,Medellín,Estacion_29,2023,10,61.57,25.98,-73.7142,4.235
Valle del Cauca,Cali,Estacion_28,2024,9,36.55,17.13,-73.9424,6.4034
Bolívar,Cartagena,Estacion_20,2018,4,77.53,43.78,-74.3315,10.8161
Boyacá,Duitama,Estacion_14,2023,8,12.46,5.72,-74.6206,6.6314
Bogotá D.C.,Bogotá,Estacion_05,2024,8,34.31,19.74,-73.5436,8.4114
Huila,Neiva,Estacion_08,2019,5,39.88,20.14,-74.2641,7.3358
Bogotá D.C.,Bogotá,Estacion_01,2019,12,67.04,38.88,-74.2603,9.7923
Atlántico,Soledad,Estacion_23,2022,3,45.9,22.14,-74.87,9.3907
Valle del Cauca,Palmira,Estacion_30,2023,6,32.79,19.64,-74.2494,7.1782
Santander,Floridablanca,Estacion_19,2023,4,5.0,3.2,-73.016,5.3276
Valle del Cauca,Cali,Estacion_18,2019,8,72.82,29.27,-73.6547,5.4703
Valle del Cauca,Cali,Estacion_10,2020,9,24.84,13.93,-74.9759,6.487
Santander,Floridablanca,Estacion_09,2021,3,42.56,24.74,-73.3978,9.9047
Norte de Santander,Cúcuta,Estacion_16,2019,8,19.04,8.45,-73.4536,5.3818
Bolívar,Cartagena,Estacion_06,2023,1,31.7,18.96,-74.4732,5.6775
Bolívar,Cartagena,Estacion_30,2024,3,68.56,38.36,-73.3635,6.3553
Boyacá,Duitama,Estacion_26,2022,5,11.81,7.56,-74.3013,6.7098
Boyacá,Duitama,Estacion_14,2024,11,26.01,15.26,-73.4703,9.327
Santander,Bucaramanga,Estacion_08,2018,1,9.52,5.7,-74.1227,4.3716
Valle del Cauca,Cali,Estacion_11,2024,10,53.69,26.77,-74.574,4.7566
Valle del Cauca,Palmira,Estacion_24,2024,5,70.85,38.62,-73.3123,6.795
Cundinamarca,Zipaquirá,Estacion_13,2023,7,8.69,3.5,-73.6715,7.4584
Valle del Cauca,Palmira,Estacion_26,2023,6,84.41,46.04,-74.7763,9.2735
Bolívar,Cartagena,Estacion_10,2023,9,50.53,30.78,-73.3506,9.6372
Santander,Floridablanca,Estacion_03,2024,9,31.94,16.26,-73.6484,8.0691
Boyacá,Tunja,Estacion_15,2018,6,47.25,24.47,-73.3765,5.9021
Santander,Bucaramanga,Estacion_11,2022,8,27.9,13.54,-74.9764,4.9844
Huila,Neiva,Estacion_03,2023,9,53.92,31.53,-73.6756,7.9351
Bolívar,Cartagena,Estacion_17,2018,2,25.48,10.23,-73.2016,7.654
Antioquia,Bello,Estacion_20,2018,9,43.94,22.42,-73.7896,4.8224
Boyacá,Duitama,Estacion_09,2022,1,57.59,32.71,-74.1483,9.4017
Huila,Neiva,Estacion_17,2023,1,43.92,27.06,-74.6897,9.7329
Norte de Santander,Cúcuta,Estacion_06,2020,10,61.61,36.62,-74.525,4.9194
Bolívar,Cartagena,Estacion_29,2022,8,37.61,24.24,-74.4087,6.2469
Valle del Cauca,Cali,Estacion_12,2020,2,50.67,28.05,-74.5318,7.4262
Huila,Neiva,Estacion_26,2023,12,43.79,26.72,-73.5966,4.2416
Atlántico,Barranquilla,Estacion_04,2021,1,28.22,17.34,-73.5029,7.4603
Huila,Neiva,Estacion_23,2023,3,62.53,40.25,-73.1202,6.1418
Norte de Santander,Cúcuta,Estacion_17,2024,6,5.0,3.0,-73.6836,9.9797
Boyacá,Duitama,Estacion_12,2022,10,45.17,23.39,-73.5774,9.1485
Valle del Cauca,Cali,Estacion_18,2022,11,75.18,30.84,-74.4392,10.9207
Santander,Floridablanca,Estacion_24,2020,3,27.48,14.98,-74.8378,9.8568
Huila,Neiva,Estacion_12,2022,1,13.71,5.66,-74.2292,7.8132
Bogotá D.C.,Bogotá,Estacion_09,2024,3,75.03,32.66,-74.443,4.8817
Antioquia,Medellín,Estacion_16,2023,4,35.07,19.42,-74.692,7.1545
Atlántico,Soledad,Estacion_18,2024,12,17.26,8.24,-74.2731,7.0993
Antioquia,Medellín,Estacion_23,2020,3,38.2,22.21,-73.5086,5.9356
Bogotá D.C.,Bogotá,Estacion_16,2023,12,36.36,15.02,-73.3437,10.9645
Valle del Cauca,Cali,Estacion_17,2023,1,50.76,20.95,-74.8236,10.6868
Norte de Santander,Cúcuta,Estacion_23,2018,5,41.02,22.54,-74.2148,4.9547
Valle del Cauca,Palmira,Estacion_02,2022,3,50.17,26.86,-74.3497,5.145
Antioquia,Bello,Estacion_05,2022,12,33.83,14.68,-74.9196,9.014
Antioquia,Medellín,Estacion_12,2022,3,37.16,23.12,-73.1418,5.759
Valle del Cauca,Palmira,Estacion_04,2022,12,38.9,23.13,-73.4147,4.0776
Norte de Santander,Cúcuta,Estacion_19,2024,6,55.45,22.72,-74.9827,9.158
Boyacá,Tunja,Estacion_25,2023,12,61.89,33.33,-73.7134,10.15
Atlántico,Soledad,Estacion_24,2020,8,13.72,7.42,-74.1148,8.6293
Bolívar,Cartagena,Estacion_13,2023,11,53.93,31.4,-73.7345,4.583
Antioquia,Bello,Estacion_23,2023,5,23.5,13.09,-74.6316,7.0123
Antioquia,Envigado,Estacion_18,2019,10,44.61,28.61,-73.9931,8.4902
Bolívar,Cartagena,Estacion_18,2023,3,30.18,14.36,-73.3125,4.6038
Cundinamarca,Soacha,Estacion_30,2021,4,52.51,25.51,-73.4333,6.0747
Norte de Santander,Cúcuta,Estacion_11,2019,5,48.57,22.65,-74.7752,10.9082
Atlántico,Barranquilla,Estacion_04,2020,3,37.63,16.13,-73.5641,6.1562
Valle del Cauca,Cali,Estacion_26,2022,1,51.58,24.84,-74.4023,4.0597
Bolívar,Cartagena,Estacion_30,2018,3,28.45,13.16,-74.6883,4.0417
Boyacá,Tunja,Estacion_01,2023,12,6.6,3.7,-73.7023,6.694
Cundinamarca,Soacha,Estacion_22,2023,4,39.23,19.41,-74.0658,10.9709
Santander,Floridablanca,Estacion_05,2022,6,31.6,20.45,-73.2631,4.0501
Antioquia,Medellín,Estacion_01,2018,4,27.28,15.97,-74.6632,7.3785
Huila,Neiva,Estacion_17,2020,6,38.59,18.54,-74.6859,9.1806
Bolívar,Cartagena,Estacion_28,2023,9,7.81,4.76,-74.9775,7.5037
Bogotá D.C.,Bogotá,Estacion_19,2019,10,61.84,37.13,-74.7543,7.4959
Bogotá D.C.,Bogotá,Estacion_24,2018,5,54.98,33.05,-73.7472,8.3425
Bolívar,Cartagena,Estacion_09,2018,2,51.5,22.31,-73.647,4.9155
Bogotá D.C.,Bogotá,Estacion_19,2019,1,56.56,32.35,-73.2734,5.907
Norte de Santander,Cúcuta,Estacion_27,2022,2,36.26,21.6,-73.4381,5.9066
Antioquia,Envigado,Estacion_21,2018,9,66.89,40.75,-73.4654,4.9997
Santander,Bucaramanga,Estacion_20,2019,4,39.9,20.27,-74.8598,7.023
Atlántico,Barranquilla,Estacion_04,2020,10,18.95,11.92,-73.7047,9.6007
Boyacá,Duitama,Estacion_29,2022,11,65.78,35.36,-73.1021,7.8804
Boyacá,Duitama,Estacion_13,2019,5,50.78,21.88,-73.5873,5.2875
Atlántico,Barranquilla,Estacion_29,2021,5,44.09,19.95,-74.5352,5.5218
Bogotá D.C.,Bogotá,Estacion_12,2023,12,53.59,33.46,-74.806,4.8817
Norte de Santander,Cúcuta,Estacion_01,2023,11,30.28,18.8,-73.4879,9.9858
Santander,Bucaramanga,Estacion_11,2024,4,18.65,11.86,-74.0477,4.1645
Valle del Cauca,Palmira,Estacion_15,2021,3,80.75,47.84,-74.0844,7.6011
Bolívar,Cartagena,Estacion_18,2024,8,51.28,27.03,-74.6909,6.7167
Bogotá D.C.,Bogotá,Estacion_28,2023,4,56.22,34.72,-73.9738,9.2304
Atlántico,Soledad,Estacion_14,2019,6,39.36,17.98,-74.248,4.7893
Atlántico,Barranquilla,Estacion_25,2019,10,34.27,14.31,-74.3268,6.4397
Valle del Cauca,Cali,Estacion_29,2024,10,59.38,36.24,-73.1241,6.3687
Antioquia,Medellín,Estacion_12,2023,2,5.0,3.0,-74.0318,9.4807
Bolívar,Cartagena,Estacion_06,2022,2,23.36,9.63,-73.8844,4.7816
Norte de Santander,Cúcuta,Estacion_01,2022,10,30.58,19.24,-74.5586,7.83
Huila,Neiva,Estacion_04,2023,4,33.3,14.39,-74.9371,6.7951
Huila,Neiva,Estacion_01,2019,4,15.71,7.86,-74.8569,5.1802
Huila,Neiva,Estacion_15,2019,12,35.82,18.83,-73.1495,8.225
Santander,Floridablanca,Estacion_26,2024,7,18.85,10.55,-74.7739,5.0944
Antioquia,Envigado,Estacion_25,2019,8,22.37,12.2,-73.3391,9.2402
Norte de Santander,Cúcuta,Estacion_09,2020,7,52.5,28.55,-74.8378,8.2318
Santander,Bucaramanga,Estacion_07,2020,10,35.23,20.19,-73.6793,4.4208
Bolívar,Cartagena,Estacion_22,2024,1,42.31,23.03,-73.8663,7.7073
Bogotá D.C.,Bogotá,Estacion_11,2024,1,18.13,11.44,-74.444,4.0256
Antioquia,Medellín,Estacion_21,2021,8,48.59,20.71,-73.628,4.4003
Boyacá,Tunja,Estacion_11,2019,6,37.4,22.07,-73.0796,8.7761
Valle del Cauca,Cali,Estacion_14,2020,11,56.53,30.14,-73.7857,4.8781
Norte de Santander,Cúcuta,Estacion_13,2024,5,59.82,26.67,-73.8651,5.8824
Norte de Santander,Cúcuta,Estacion_28,2022,7,50.6,30.76,-74.3553,9.5247
Boyacá,Duitama,Estacion_24,2021,4,48.66,29.46,-73.0578,10.5623
Atlántico,Barranquilla,Estacion_03,2021,2,71.66,45.38,-74.7158,5.2643
Valle del Cauca,Cali,Estacion_03,2024,6,50.76,20.55,-74.7594,7.721
Valle del Cauca,Cali,Estacion_05,2024,2,54.95,34.7,-73.0449,5.4656
Bogotá D.C.,Bogotá,Estacion_11,2024,8,41.36,20.22,-73.5261,9.9016
Santander,Bucaramanga,Estacion_27,2023,1,44.85,25.91,-74.0952,8.3417
Huila,Neiva,Estacion_22,2022,3,47.89,22.44,-73.1434,4.0562
Valle del Cauca,Cali,Estacion_05,2020,3,54.3,22.83,-73.1416,9.6122
Santander,Bucaramanga,Estacion_26,2022,8,34.62,19.09,-74.1874,6.7429
Valle del Cauca,Palmira,Estacion_08,2023,4,38.47,18.82,-73.3502,4.5949
Valle del Cauca,Palmira,Estacion_09,2018,12,16.65,6.72,-74.335,4.7073
Valle del Cauca,Palmira,Estacion_15,2024,3,43.5,27.53,-74.1585,5.5424
Santander,Floridablanca,Estacion_03,2021,5,25.05,12.5,-73.9049,8.3795
Norte de Santander,Cúcuta,Estacion_02,2021,11,23.47,13.54,-74.7011,4.4168
Boyacá,Duitama,Estacion_01,2020,11,28.07,16.68,-74.2313,7.7266
Atlántico,Soledad,Estacion_03,2020,4,35.48,17.9,-73.6411,7.4086
Santander,Bucaramanga,Estacion_23,2021,8,25.2,11.67,-74.7933,10.0331
Valle del Cauca,Cali,Estacion_24,2022,3,44.29,22.75,-73.0543,8.6537
Boyacá,Tunja,Estacion_21,2018,8,38.49,23.08,-74.4121,8.8777
Antioquia,Bello,Estacion_21,2020,8,45.46,22.46,-73.3225,8.2485
Antioquia,Bello,Estacion_15,2023,12,26.25,12.91,-73.0188,6.6138
Huila,Neiva,Estacion_04,2023,5,35.66,15.9,-74.45,8.8946
Valle del Cauca,Cali,Estacion_20,2021,9,33.35,21.62,-73.0125,5.7412
Boyacá,Tunja,Estacion_28,2020,12,38.24,23.91,-74.6882,7.8996
Norte de Santander,Cúcuta,Estacion_23,2022,11,41.83,26.16,-74.563,6.2948
Norte de Santander,Cúcuta,Estacion_02,2022,10,48.0,29.63,-73.8045,7.4598
Norte de Santander,Cúcuta,Estacion_20,2022,10,5.0,3.0,-74.4795,5.0654
Norte de Santander,Cúcuta,Estacion_25,2024,2,16.49,9.15,-74.2693,7.0745
Huila,Neiva,Estacion_23,2018,8,22.27,9.32,-73.4816,9.727
Huila,Neiva,Estacion_19,2024,12,28.86,16.48,-73.3213,4.8838
Atlántico,Soledad,Estacion_22,2018,8,48.13,29.07,-73.8888,10.0708
Atlántico,Soledad,Estacion_10,2023,1,13.83,8.5,-73.86,5.7526
Boyacá,Tunja,Estacion_26,2018,6,54.45,33.57,-73.2404,6.0197
Huila,Neiva,Estacion_13,2023,7,29.45,13.85,-73.805,7.5693
Huila,Neiva,Estacion_22,2022,4,45.85,18.39,-74.1174,4.0324
Bogotá D.C.,Bogotá,Estacion_13,2021,7,86.3,52.11,-74.2765,5.1468
Cundinamarca,Soacha,Estacion_27,2024,3,45.82,27.6,-74.0297,5.3683
Bogotá D.C.,Bogotá,Estacion_06,2018,7,55.44,29.98,-74.8725,8.5263
Bolívar,Cartagena,Estacion_13,2021,10,38.42,17.56,-74.4064,7.57
Antioquia,Envigado,Estacion_21,2018,3,36.47,15.7,-73.5351,10.1514
Antioquia,Bello,Estacion_11,2024,9,28.76,12.25,-74.021,5.3586
Atlántico,Barranquilla,Estacion_20,2023,10,35.76,23.11,-73.7734,7.622
Boyacá,Duitama,Estacion_28,2019,3,34.46,17.88,-74.9056,6.8398
Huila,Neiva,Estacion_05,2022,9,42.5,22.24,-73.2367,6.2188
Cundinamarca,Zipaquirá,Estacion_12,2023,3,14.8,7.42,-74.5005,10.4764
Bolívar,Cartagena,Estacion_24,2020,3,30.9,19.63,-74.8193,9.7622
Antioquia,Bello,Estacion_17,2020,12,41.79,23.04,-73.6044,7.9816
Valle del Cauca,Palmira,Estacion_07,2024,5,55.34,33.42,-73.1001,4.2967
Atlántico,Soledad,Estacion_12,2024,11,23.28,14.98,-73.3747,5.8941
Huila,Neiva,Estacion_09,2022,11,31.09,12.95,-74.4895,10.2639
Antioquia,Medellín,Estacion_18,2022,12,41.47,22.13,-74.0719,8.5106
Cundinamarca,Soacha,Estacion_12,2022,5,25.47,11.41,-74.7465,6.6322
Cundinamarca,Zipaquirá,Estacion_19,2020,11,38.12,23.42,-73.7781,4.4983
Norte de Santander,Cúcuta,Estacion_25,2021,12,54.74,28.67,-74.5576,4.7616
Valle del Cauca,Palmira,Estacion_27,2020,10,60.31,24.81,-74.2986,6.0622
Bolívar,Cartagena,Estacion_16,2020,1,43.1,21.61,-74.4999,4.6681
Bogotá D.C.,Bogotá,Estacion_08,2024,2,56.81,35.09,-74.2804,9.8481
Bolívar,Cartagena,Estacion_28,2020,6,23.22,10.36,-73.9188,10.5457
Santander,Bucaramanga,Estacion_27,2022,3,45.33,24.42,-73.6604,9.1234
Valle del Cauca,Palmira,Estacion_21,2024,5,52.75,31.79,-74.9074,7.6822
Bogotá D.C.,Bogotá,Estacion_10,2022,2,51.89,29.38,-74.036,5.3358
Bogotá D.C.,Bogotá,Estacion_16,2023,6,37.82,16.94,-73.0191,9.1942
Boyacá,Tunja,Estacion_01,2018,10,21.31,12.74,-74.4664,5.5241
Boyacá,Duitama,Estacion_24,2018,8,21.29,12.65,-74.4728,8.7786
Valle del Cauca,Cali,Estacion_07,2024,7,67.56,43.79,-73.6014,5.753
Santander,Floridablanca,Estacion_05,2022,11,14.48,6.58,-73.14,10.0548
Valle del Cauca,Palmira,Estacion_19,2024,7,56.32,33.8,-73.7475,10.5927
Norte de Santander,Cúcuta,Estacion_27,2020,9,34.33,18.12,-74.1357,8.2261
Bogotá D.C.,Bogotá,Estacion_03,2023,3,43.26,20.63,-74.7222,6.9769
Atlántico,Barranquilla,Estacion_25,2019,5,22.71,10.7,-74.9915,8.605
Santander,Bucaramanga,Estacion_02,2022,10,54.51,34.49,-74.5062,9.237
Cundinamarca,Zipaquirá,Estacion_23,2020,8,37.71,18.0,-74.0542,9.5556
Huila,Neiva,Estacion_04,2019,12,31.76,19.64,-73.6539,9.7693
Cundinamarca,Zipaquirá,Estacion_16,2023,1,24.52,14.38,-74.9415,5.0826
Norte de Santander,Cúcuta,Estacion_17,2020,3,36.91,19.31,-74.7332,5.8683
Bogotá D.C.,Bogotá,Estacion_19,2020,4,69.07,29.01,-74.7507,4.846
Norte de Santander,Cúcuta,Estacion_05,2018,4,12.13,7.78,-74.7602,5.0169
Cundinamarca,Soacha,Estacion_07,2019,11,37.76,22.96,-74.9575,9.3481
Huila,Neiva,Estacion_20,2020,1,16.39,8.69,-73.6177,7.3163
Huila,Neiva,Estacion_01,2019,4,34.58,17.01,-73.224,5.4107
Santander,Bucaramanga,Estacion_10,2018,3,51.24,22.84,-73.7919,6.9705
Valle del Cauca,Cali,Estacion_20,2020,9,62.97,37.29,-73.8851,5.0399
Norte de Santander,Cúcuta,Estacion_26,2019,10,14.92,7.84,-73.472,5.3531
Bolívar,Cartagena,Estacion_04,2018,9,44.53,18.59,-73.056,6.4029
Antioquia,Envigado,Estacion_16,2020,11,67.38,31.01,-73.059,8.3483
Bolívar,Cartagena,Estacion_22,2018,5,6.98,4.17,-73.3727,4.6866
Valle del Cauca,Cali,Estacion_25,2020,2,46.82,27.65,-73.5279,4.971
Bogotá D.C.,Bogotá,Estacion_28,2022,9,39.18,24.29,-74.4888,8.5125
Santander,Floridablanca,Estacion_22,2023,7,26.28,16.12,-73.0736,7.9085
Cundinamarca,Soacha,Estacion_03,2020,7,62.94,40.87,-74.9878,9.1965
Antioquia,Medellín,Estacion_12,2018,7,26.21,15.11,-73.8324,6.1957
Huila,Neiva,Estacion_25,2018,9,53.71,30.6,-73.0679,9.8221
Santander,Bucaramanga,Estacion_15,2022,9,48.35,26.59,-74.9,4.3743
Bolívar,Cartagena,Estacion_08,2018,10,24.77,10.94,-73.0049,5.2614
Valle del Cauca,Cali,Estacion_21,2018,3,42.59,27.56,-73.1409,5.3715
Norte de Santander,Cúcuta,Estacion_29,2018,8,25.05,13.57,-74.7497,10.0402
Boyacá,Duitama,Estacion_03,2021,8,5.0,3.0,-73.9702,4.2987
Santander,Bucaramanga,Estacion_20,2021,12,27.07,12.3,-74.9747,7.3569
Antioquia,Bello,Estacion_19,2023,9,35.12,18.03,-73.3348,7.167
Norte de Santander,Cúcuta,Estacion_25,2020,6,11.37,7.36,-74.1867,7.2631
Cundinamarca,Soacha,Estacion_04,2023,5,38.91,16.73,-74.5828,4.703
Huila,Neiva,Estacion_20,2022,4,44.48,24.3,-73.5024,9.4546
Norte de Santander,Cúcuta,Estacion_27,2024,1,57.39,23.66,-74.9396,9.361
Bolívar,Cartagena,Estacion_12,2024,7,29.39,15.67,-74.347,7.6216
Bogotá D.C.,Bogotá,Estacion_02,2022,11,49.15,27.11,-73.1498,7.4433
Atlántico,Soledad,Estacion_18,2023,3,5.0,3.0,-73.2287,7.4453
Valle del Cauca,Palmira,Estacion_21,2021,4,17.65,8.89,-73.6302,9.2476
Bolívar,Cartagena,Estacion_05,2024,4,15.44,6.54,-74.4611,5.119
Norte de Santander,Cúcuta,Estacion_11,2024,9,37.84,23.6,-74.8132,8.7907
Cundinamarca,Soacha,Estacion_10,2022,7,36.41,21.43,-73.7515,5.3135
Bogotá D.C.,Bogotá,Estacion_15,2019,7,34.02,18.67,-73.9894,6.4378
Santander,Floridablanca,Estacion_08,2024,12,42.85,26.74,-73.6122,4.9835
Santander,Floridablanca,Estacion_26,2023,12,13.57,7.16,-74.8766,9.0165
Bolívar,Cartagena,Estacion_20,2022,12,18.04,8.08,-73.0673,5.0839
Antioquia,Medellín,Estacion_18,2022,7,29.01,14.78,-74.8281,5.1887
Norte de Santander,Cúcuta,Estacion_22,2020,2,68.45,33.67,-74.3455,8.1859
Santander,Floridablanca,Estacion_07,2020,6,19.7,8.71,-73.3476,7.6743
Boyacá,Tunja,Estacion_04,2020,7,39.1,22.63,-74.884,9.0487
Boyacá,Duitama,Estacion_24,2022,12,30.6,17.7,-74.6305,10.3988
Atlántico,Soledad,Estacion_04,2019,3,29.65,18.61,-73.9835,9.1373
Huila,Neiva,Estacion_13,2020,2,49.55,27.44,-74.1752,9.0176
Boyacá,Duitama,Estacion_01,2019,6,28.69,15.01,-73.8482,8.3584
Santander,Bucaramanga,Estacion_16,2024,7,39.35,22.2,-73.5348,6.3721
Bogotá D.C.,Bogotá,Estacion_15,2022,5,37.72,16.31,-73.2228,8.5736
Cundinamarca,Soacha,Estacion_16,2018,3,30.47,12.79,-73.4617,9.0309
Bolívar,Cartagena,Estacion_19,2018,3,58.38,29.45,-74.0743,10.4828
Bolívar,Cartagena,Estacion_18,2019,4,33.33,15.04,-73.7914,4.6733
Bogotá D.C.,Bogotá,Estacion_21,2021,2,54.85,34.4,-74.7084,8.1007
Antioquia,Envigado,Estacion_16,2023,4,29.44,17.53,-74.5089,6.6253
Valle del Cauca,Palmira,Estacion_25,2020,3,69.28,30.8,-73.7539,10.4164
Santander,Bucaramanga,Estacion_13,2023,5,42.24,27.35,-73.0428,7.192
Cundinamarca,Soacha,Estacion_09,2022,10,35.57,14.95,-73.0478,5.8233
Norte de Santander,Cúcuta,Estacion_22,2022,8,44.92,26.06,-74.7745,5.0024
Bogotá D.C.,Bogotá,Estacion_04,2020,8,43.7,25.63,-74.9507,6.6554
Bolívar,Cartagena,Estacion_16,2019,9,44.17,20.31,-74.2105,6.9715
Santander,Floridablanca,Estacion_04,2022,4,45.13,24.96,-74.2936,10.1372
Bolívar,Cartagena,Estacion_12,2020,4,28.23,18.32,-73.5437,6.2118
Boyacá,Duitama,Estacion_13,2018,6,60.05,26.86,-73.9646,8.0622
Valle del Cauca,Palmira,Estacion_04,2021,10,44.87,20.5,-73.741,10.4698
Cundinamarca,Soacha,Estacion_04,2023,11,38.4,20.4,-74.9308,5.7888
Antioquia,Medellín,Estacion_29,2020,10,42.51,17.39,-73.5079,10.0276
Bolívar,Cartagena,Estacion_12,2018,6,42.82,26.11,-73.5792,7.8472
Cundinamarca,Soacha,Estacion_04,2024,8,46.97,29.51,-73.1187,4.1039
Bolívar,Cartagena,Estacion_07,2023,3,10.48,4.44,-74.7806,4.7904
Norte de Santander,Cúcuta,Estacion_21,2024,8,14.17,7.81,-73.5657,4.429
Norte de Santander,Cúcuta,Estacion_16,2019,5,36.41,23.34,-73.9533,6.4825
Huila,Neiva,Estacion_22,2018,9,14.68,7.18,-73.4121,5.8771
Boyacá,Duitama,Estacion_30,2024,1,53.04,26.94,-74.5265,4.3103
Atlántico,Barranquilla,Estacion_12,2022,12,24.15,13.21,-74.3528,10.4514
Boyacá,Tunja,Estacion_05,2024,12,32.76,15.96,-74.5951,6.9332
Huila,Neiva,Estacion_17,2019,12,11.17,6.0,-73.6561,10.0122
Bogotá D.C.,Bogotá,Estacion_28,2019,1,51.14,21.58,-73.5056,6.4252
Atlántico,Barranquilla,Estacion_19,2018,9,29.46,17.24,-73.7369,7.3086
Bolívar,Cartagena,Estacion_21,2020,5,18.93,8.26,-73.8468,5.3723
Bogotá D.C.,Bogotá,Estacion_27,2020,3,43.17,18.88,-73.7907,4.6238
Bogotá D.C.,Bogotá,Estacion_19,2024,9,34.36,14.06,-73.0795,10.1445
Valle del Cauca,Cali,Estacion_29,2023,4,47.47,28.04,-73.0035,8.9839
Boyacá,Tunja,Estacion_24,2022,3,43.38,20.02,-74.6762,9.6826
Huila,Neiva,Estacion_04,2021,10,53.16,29.31,-74.093,6.2267
Santander,Bucaramanga,Estacion_08,2019,1,20.66,8.61,-73.7029,4.2161
Antioquia,Medellín,Estacion_30,2023,6,33.69,18.12,-73.8253,8.1945
Antioquia,Medellín,Estacion_28,2024,5,44.0,20.89,-73.4143,9.0495
Valle del Cauca,Palmira,Estacion_19,2023,5,21.1,10.22,-74.2257,5.3528
Boyacá,Duitama,Estacion_27,2021,7,35.89,16.11,-73.9827,6.3543
Boyacá,Duitama,Estacion_04,2024,10,37.56,15.7,-74.8137,5.2061
Huila,Neiva,Estacion_21,2023,12,23.87,9.8,-74.7121,4.9608
Santander,Bucaramanga,Estacion_20,2024,8,29.16,14.24,-74.6966,7.8953
Bolívar,Cartagena,Estacion_08,2022,2,21.93,12.15,-73.0143,6.4778
Valle del Cauca,Palmira,Estacion_12,2021,8,64.32,36.44,-73.8939,10.8714
Valle del Cauca,Cali,Estacion_21,2023,9,47.43,27.35,-74.7032,6.2123
Cundinamarca,Soacha,Estacion_15,2019,1,18.54,7.7,-74.3708,9.6259
Boyacá,Duitama,Estacion_27,2022,2,27.06,15.42,-73.4726,5.0209
Atlántico,Barranquilla,Estacion_23,2024,6,49.89,20.62,-74.7727,5.1454
Bolívar,Cartagena,Estacion_03,2022,10,14.93,7.92,-74.5604,9.8521
Valle del Cauca,Cali,Estacion_09,2019,9,44.33,28.72,-74.4861,9.6346
Huila,Neiva,Estacion_30,2021,2,38.84,22.63,-74.9385,9.4633
Atlántico,Barranquilla,Estacion_30,2018,8,42.47,27.34,-74.5502,5.0311
Norte de Santander,Cúcuta,Estacion_09,2020,5,47.69,21.43,-73.3376,10.0912
Norte de Santander,Cúcuta,Estacion_02,2020,6,40.05,18.57,-73.1722,4.084
Boyacá,Duitama,Estacion_24,2019,6,37.7,21.2,-74.4925,8.3109
Bogotá D.C.,Bogotá,Estacion_26,2019,4,30.02,17.96,-74.7193,4.6145
Atlántico,Barranquilla,Estacion_17,2024,3,36.67,16.06,-74.9026,7.5374
Antioquia,Bello,Estacion_06,2021,11,24.67,11.64,-73.0114,4.3801
Norte de Santander,Cúcuta,Estacion_15,2022,8,39.51,16.44,-73.6883,9.431
Santander,Floridablanca,Estacion_21,2024,1,39.62,18.89,-74.636,9.5915
Bolívar,Cartagena,Estacion_29,2022,4,64.14,26.51,-73.5022,5.6034
Valle del Cauca,Palmira,Estacion_29,2020,4,52.41,23.92,-74.3052,9.0666
Bolívar,Cartagena,Estacion_15,2018,4,17.55,9.0,-74.743,10.8079
Bogotá D.C.,Bogotá,Estacion_07,2019,7,51.51,20.95,-74.6123,8.0437
Huila,Neiva,Estacion_26,2021,8,33.37,15.19,-74.7974,7.202
Boyacá,Tunja,Estacion_29,2022,2,33.05,13.36,-74.5117,4.9473
Antioquia,Bello,Estacion_06,2019,10,28.32,12.44,-73.4135,10.6708
Norte de Santander,Cúcuta,Estacion_10,2023,5,39.36,20.42,-74.6133,5.5987
Antioquia,Envigado,Estacion_04,2019,10,56.43,27.88,-73.9169,6.8121
Bogotá D.C.,Bogotá,Estacion_06,2020,4,75.28,45.11,-74.8571,5.4439
Norte de Santander,Cúcuta,Estacion_30,2024,9,32.9,19.73,-74.2404,9.8722
Bolívar,Cartagena,Estacion_03,2018,10,51.34,31.57,-73.6391,5.6977
Atlántico,Barranquilla,Estacion_01,2021,11,27.42,16.79,-74.5742,6.7022
Boyacá,Duitama,Estacion_30,2019,9,40.66,19.53,-73.6793,4.5869
Cundinamarca,Soacha,Estacion_12,2022,11,37.04,15.67,-73.1937,5.6481
Cundinamarca,Zipaquirá,Estacion_15,2024,6,37.83,24.11,-74.9188,7.7961
Bolívar,Cartagena,Estacion_08,2021,8,13.57,6.96,-73.6306,8.4776
Huila,Neiva,Estacion_03,2023,6,20.37,12.67,-73.2574,9.0463
Cundinamarca,Zipaquirá,Estacion_16,2020,11,17.12,9.08,-73.9184,7.2979
Atlántico,Barranquilla,Estacion_12,2021,5,33.08,20.49,-74.5399,7.7622
Bolívar,Cartagena,Estacion_30,2019,5,35.76,15.62,-74.5685,10.8603
Huila,Neiva,Estacion_03,2022,12,9.73,4.92,-73.4394,10.0179
Norte de Santander,Cúcuta,Estacion_06,2018,2,42.13,20.69,-74.1431,7.5039
Bolívar,Cartagena,Estacion_02,2021,8,26.54,14.64,-74.0689,5.174
Norte de Santander,Cúcuta,Estacion_05,2022,2,19.96,11.4,-73.7065,8.7093
Huila,Neiva,Estacion_02,2018,12,33.73,13.73,-73.2313,10.3532
Bogotá D.C.,Bogotá,Estacion_06,2018,10,66.61,33.36,-74.5822,4.4135
Huila,Neiva,Estacion_08,2024,10,43.67,26.14,-74.3183,8.0312
Valle del Cauca,Palmira,Estacion_24,2020,1,63.23,37.57,-74.5337,7.691
Huila,Neiva,Estacion_14,2023,12,29.28,17.53,-73.9367,9.7108
Bogotá D.C.,Bogotá,Estacion_03,2020,7,49.83,22.88,-74.9975,8.2586
Santander,Bucaramanga,Estacion_24,2018,12,45.13,29.14,-74.6211,9.3859
Bogotá D.C.,Bogotá,Estacion_26,2020,3,59.49,37.92,-73.8933,9.2269
Santander,Bucaramanga,Estacion_05,2020,7,52.15,25.28,-73.5799,5.9962
Norte de Santander,Cúcuta,Estacion_14,2023,11,26.62,16.83,-74.2802,6.9494
Huila,Neiva,Estacion_07,2019,7,64.62,39.6,-74.4404,5.7159
Boyacá,Duitama,Estacion_10,2019,5,18.19,9.18,-73.7283,5.0833
Atlántico,Barranquilla,Estacion_05,2024,10,38.37,21.27,-73.0806,4.3834
Atlántico,Barranquilla,Estacion_02,2023,7,39.82,17.13,-73.4355,9.033
Santander,Bucaramanga,Estacion_16,2022,7,39.41,23.28,-74.9486,10.5583
Santander,Bucaramanga,Estacion_07,2024,8,45.49,19.42,-73.3876,6.1529
Bogotá D.C.,Bogotá,Estacion_18,2019,8,46.75,25.06,-73.1328,8.8101
Antioquia,Envigado,Estacion_14,2020,3,57.65,34.71,-74.4946,5.5813
Bolívar,Cartagena,Estacion_22,2018,11,43.03,22.16,-73.3784,7.4355
Santander,Bucaramanga,Estacion_12,2018,1,32.99,16.0,-73.9935,7.3817
Bolívar,Cartagena,Estacion_03,2022,7,28.85,17.87,-73.3632,5.8191
Bolívar,Cartagena,Estacion_11,2024,4,45.92,25.99,-73.4371,8.2935
Bogotá D.C.,Bogotá,Estacion_24,2021,10,44.35,25.77,-74.2979,6.3597
Santander,Bucaramanga,Estacion_08,2024,3,26.91,13.69,-74.4177,6.3279
Cundinamarca,Zipaquirá,Estacion_26,2021,9,32.32,18.4,-74.9842,7.8968
Huila,Neiva,Estacion_14,2018,12,31.62,14.8,-73.2902,10.0385
Bolívar,Cartagena,Estacion_11,2024,10,48.93,24.07,-74.5667,8.0066
Norte de Santander,Cúcuta,Estacion_03,2020,8,67.39,37.72,-74.3869,10.3024
Huila,Neiva,Estacion_13,2021,3,38.25,17.35,-74.9932,6.2935
Santander,Floridablanca,Estacion_08,2023,7,36.88,17.34,-74.548,6.1399
Bolívar,Cartagena,Estacion_23,2022,9,22.48,14.0,-73.5134,10.518
Cundinamarca,Soacha,Estacion_17,2024,11,81.24,49.56,-74.8035,8.0663
Antioquia,Envigado,Estacion_12,2021,12,17.15,10.5,-73.5099,9.846
Norte de Santander,Cúcuta,Estacion_18,2018,7,36.03,17.44,-73.0232,8.8041
Norte de Santander,Cúcuta,Estacion_05,2023,7,11.18,6.67,-74.0634,7.4287
Norte de Santander,Cúcuta,Estacion_19,2019,12,42.88,22.04,-74.1641,7.2002
Valle del Cauca,Cali,Estacion_21,2023,1,33.52,19.2,-73.2598,8.3236
Huila,Neiva,Estacion_06,2018,1,60.51,37.27,-74.3674,4.5439
Cundinamarca,Soacha,Estacion_10,2020,5,26.93,10.77,-73.404,8.3209
Atlántico,Soledad,Estacion_05,2019,5,22.7,13.7,-74.5511,6.4647
Huila,Neiva,Estacion_22,2023,1,38.29,18.37,-73.9234,7.9304
Atlántico,Barranquilla,Estacion_01,2021,8,26.6,13.98,-74.2145,8.0556
Boyacá,Duitama,Estacion_11,2021,5,31.16,18.9,-74.71,4.0097
Norte de Santander,Cúcuta,Estacion_30,2024,8,50.24,25.9,-74.9926,4.8201
Antioquia,Envigado,Estacion_01,2022,1,5.0,3.05,-73.1823,10.7828
Huila,Neiva,Estacion_19,2024,11,41.17,20.3,-74.4355,10.3496
Norte de Santander,Cúcuta,Estacion_29,2020,9,36.74,22.46,-73.5964,10.2191
Bogotá D.C.,Bogotá,Estacion_15,2019,6,53.06,22.19,-74.788,7.6007
Boyacá,Tunja,Estacion_25,2021,6,18.28,11.4,-73.0295,10.0937
Atlántico,Barranquilla,Estacion_18,2020,2,31.11,16.06,-73.7483,7.6426
Cundinamarca,Zipaquirá,Estacion_15,2018,11,42.2,23.25,-74.9104,5.3569
Atlántico,Soledad,Estacion_18,2019,9,38.23,22.29,-74.8761,8.9464
Huila,Neiva,Estacion_01,2021,11,19.01,10.37,-74.0174,10.3473
Boyacá,Tunja,Estacion_19,2018,12,21.03,8.59,-74.228,9.7921
Valle del Cauca,Palmira,Estacion_15,2023,7,54.35,32.78,-73.8751,9.5717
Atlántico,Barranquilla,Estacion_04,2019,5,21.11,12.23,-73.3289,7.7999
Cundinamarca,Soacha,Estacion_21,2020,4,19.75,9.87,-73.9395,7.9448
Bolívar,Cartagena,Estacion_10,2018,2,24.29,12.29,-74.7487,4.5061
Cundinamarca,Zipaquirá,Estacion_06,2023,2,33.89,18.78,-74.1281,9.3835
Cundinamarca,Soacha,Estacion_25,2018,11,20.89,10.02,-73.8673,6.761
Bolívar,Cartagena,Estacion_30,2019,9,10.16,6.11,-74.667,4.2477
Bolívar,Cartagena,Estacion_28,2021,9,56.26,31.92,-73.5742,7.5612
Bolívar,Cartagena,Estacion_03,2021,1,60.55,30.19,-74.8684,8.5044
Santander,Bucaramanga,Estacion_28,2023,4,43.58,23.83,-74.2989,5.5528
Bogotá D.C.,Bogotá,Estacion_10,2021,6,36.74,19.47,-74.4015,5.3446
Antioquia,Medellín,Estacion_29,2020,6,50.1,23.99,-74.574,8.9317
Huila,Neiva,Estacion_14,2022,3,36.58,23.27,-74.9744,5.5782
Boyacá,Duitama,Estacion_30,2024,5,6.95,3.28,-73.2378,4.0902
Norte de Santander,Cúcuta,Estacion_30,2023,3,50.36,31.87,-74.6916,10.4551
Santander,Floridablanca,Estacion_10,2023,4,44.69,19.72,-73.6953,7.5498
Valle del Cauca,Palmira,Estacion_20,2022,6,66.72,28.09,-73.0928,5.9318
Bogotá D.C.,Bogotá,Estacion_17,2023,5,56.46,22.65,-74.0522,5.993
Antioquia,Envigado,Estacion_20,2018,3,30.07,12.29,-73.6724,4.7555
Antioquia,Bello,Estacion_22,2023,3,39.59,22.68,-73.529,6.5986
Cundinamarca,Zipaquirá,Estacion_04,2024,10,26.51,15.29,-73.6876,8.5627
Atlántico,Soledad,Estacion_01,2023,12,51.34,31.41,-73.4678,10.7017
Huila,Neiva,Estacion_06,2018,1,29.89,18.33,-73.1388,6.3007
Antioquia,Envigado,Estacion_06,2018,10,25.79,13.41,-74.3024,5.1631
Santander,Floridablanca,Estacion_22,2018,8,18.04,9.62,-74.5784,8.3518
Huila,Neiva,Estacion_09,2021,3,31.55,13.66,-73.0875,10.0025
Bogotá D.C.,Bogotá,Estacion_21,2024,6,49.61,23.82,-73.8359,4.0961
Bogotá D.C.,Bogotá,Estacion_20,2020,4,74.24,37.96,-74.1991,10.1962
Santander,Bucaramanga,Estacion_11,2018,4,35.5,22.64,-73.3995,9.6671
Valle del Cauca,Palmira,Estacion_27,2018,4,12.61,5.63,-73.7037,7.69
Bolívar,Cartagena,Estacion_20,2018,8,52.35,26.52,-74.671,10.5155
Santander,Bucaramanga,Estacion_05,2023,7,37.38,17.97,-74.1548,10.8485
Bolívar,Cartagena,Estacion_11,2019,10,62.42,34.12,-74.934,9.7332
Valle del Cauca,Cali,Estacion_14,2022,7,43.56,28.19,-73.9141,7.8753
Valle del Cauca,Palmira,Estacion_01,2022,4,55.71,22.74,-73.4023,4.5944
Bolívar,Cartagena,Estacion_10,2021,7,34.46,21.2,-73.8789,6.6289
Cundinamarca,Soacha,Estacion_07,2019,7,37.28,15.77,-74.6255,5.8253
Atlántico,Soledad,Estacion_10,2024,10,47.65,25.09,-73.3985,7.0223
Norte de Santander,Cúcuta,Estacion_16,2024,4,29.42,18.8,-74.4915,4.3009
Valle del Cauca,Palmira,Estacion_14,2019,6,39.49,21.38,-73.9458,6.9405
Bogotá D.C.,Bogotá,Estacion_27,2023,6,31.71,16.52,-73.9794,5.6157
Bogotá D.C.,Bogotá,Estacion_11,2019,4,68.72,37.87,-73.1013,7.6161
Cundinamarca,Soacha,Estacion_30,2023,11,21.37,13.59,-73.5855,9.4637
Bogotá D.C.,Bogotá,Estacion_18,2021,5,87.86,52.74,-73.4717,5.2166
Valle del Cauca,Cali,Estacion_25,2018,4,40.42,22.99,-73.832,7.2116
